🚀 STARTING SMART ANIME HARVEST (ANILIST)
   📅 Years: 2026 -> 1970
   ⚡ Concurrency: 5

📥 Building Triage Map from DB...

   📦 Loaded 1000 items...
   📦 Loaded 2000 items...
   📦 Loaded 3000 items...
   📦 Loaded 4000 items...
   📦 Loaded 5000 items...
   📦 Loaded 6000 items...
   📦 Loaded 7000 items...
   📦 Loaded 8000 items...
   📦 Loaded 9000 items...
   📦 Loaded 9833 items...
   ✅ Loaded 9833 items.

📅 Processing Year: 2026
   📄 Year 2026 Page 1: 11 New, 2 Heal
[ImageService] Processing: https://s4.anilist.co/file/anilistcdn/media/anime/cover/large/bx170019-mykW503vsoNe.jpg
[ImageService] Processing: https://s4.anilist.co/file/anilistcdn/media/anime/cover/large/bx190327-fIfMy1LTkdGP.jpg
[ImageService] Processing: https://s4.anilist.co/file/anilistcdn/media/anime/cover/large/bx133007-5gOUXDvzxy9S.jpg
[ImageService] Processing: https://s4.anilist.co/file/anilistcdn/media/anime/cover/large/bx182206-LcitQfDLsdnC.png
[ImageService] Processing: https://s4.anilist.co/file/anilistcdn/media/anime/cover/large/bx182300-LjobX8omq6Jo.png
[ImageService] Uploaded to: https://eivvjebsmxddrbbbnblr.supabase.co/storage/v1/object/public/covers/anime/ugMIk_aqjNcGVtEgiyWRr.webp
[ImageService] Uploaded to: https://eivvjebsmxddrbbbnblr.supabase.co/storage/v1/object/public/covers/anime/xVhR-2phDK-hYhZToH1d-.webp
[ImageService] Uploaded to: https://eivvjebsmxddrbbbnblr.supabase.co/storage/v1/object/public/covers/anime/XQG1wamLqh7m9Ne2z_XmM.webp
[ImageService] Uploaded to: https://eivvjebsmxddrbbbnblr.supabase.co/storage/v1/object/public/covers/anime/QJkhsAs-gqi0MnC1KWbKo.webp
[ImageService] Uploaded to: https://eivvjebsmxddrbbbnblr.supabase.co/storage/v1/object/public/covers/anime/K6Ri4cyfidQp4Fpv5Knr4.webp
     ⏭️ Already exists: Tsue to Tsurugi no Wistoria Season 2
[ImageService] Processing: https://s4.anilist.co/file/anilistcdn/media/anime/cover/large/bx163144-XdVwFRxPGY6j.jpg
[ImageService] Uploaded to: https://eivvjebsmxddrbbbnblr.supabase.co/storage/v1/object/public/covers/anime/azXfVh4dys1np3WNzgDXW.webp
     ⏭️ Already exists: That Time I Got Reincarnated as a Slime the Movie: Tears of the Azure Sea
[ImageService] Processing: https://s4.anilist.co/file/anilistcdn/media/anime/cover/large/bx180746-eqDiHbzoHMFh.jpg
[ImageService] Uploaded to: https://eivvjebsmxddrbbbnblr.supabase.co/storage/v1/object/public/covers/anime/PWzn4aMTCd_Ca8qspcr3U.webp
     ⏭️ Already exists: Puella Magi Madoka Magica the Movie -Walpurgisnacht: Rising-
     ⏭️ Already exists: Otonari no Tenshi-sama ni Itsunomanika Dame Ningen ni Sareteita Ken 2nd Season
[ImageService] Processing: https://s4.anilist.co/file/anilistcdn/media/anime/cover/large/bx194317-scp3vW21l0xF.jpg
[ImageService] Processing: https://s4.anilist.co/file/anilistcdn/media/anime/cover/large/bx177679-BgsgE0fQk3qN.jpg
[ImageService] Uploaded to: https://eivvjebsmxddrbbbnblr.supabase.co/storage/v1/object/public/covers/anime/o4zAC-1byUIaifY9vYVxd.webp
[ImageService] Uploaded to: https://eivvjebsmxddrbbbnblr.supabase.co/storage/v1/object/public/covers/anime/wkPuU8WOfiLQsParCIYdN.webp
     ⏭️ Already exists: STEEL BALL RUN JoJo's Bizarre Adventure
[ImageService] Processing: https://s4.anilist.co/file/anilistcdn/media/anime/cover/large/bx199112-WyGPtcAI5QZp.jpg
[ImageService] Uploaded to: https://eivvjebsmxddrbbbnblr.supabase.co/storage/v1/object/public/covers/anime/WJHjiUAjP7buhCARok1kf.webp
     ⏭️ Already exists: The Darwin Incident
[ImageService] Processing: https://s4.anilist.co/file/anilistcdn/media/anime/cover/large/bx183270-CmZikKu34WPd.jpg
     ⏭️ Already exists: SHIBOYUGI: Playing Death Games to Put Food on the Table
[ImageService] Uploaded to: https://eivvjebsmxddrbbbnblr.supabase.co/storage/v1/object/public/covers/anime/8SIUAHjVb_hz2zgKXYVn6.webp
     ⏭️ Already exists: TRIGUN STARGAZE
     ⏭️ Already exists: The Beginning After the End Season 2
     ⏭️ Already exists: There's No Freaking Way I'll Be Your Lover! Unless… ~Next Shine~
     ⏭️ Already exists: The Holy Grail of Eris
   📄 Year 2026 Page 2: 6 New, 1 Heal
[ImageService] Processing: https://s4.anilist.co/file/anilistcdn/media/anime/cover/large/bx182578-4yrbtKhWopFc.jpg
[ImageService] Processing: https://s4.anilist.co/file/anilistcdn/media/anime/cover/large/bx185039-rVofxrbEyaL9.jpg
[ImageService] Processing: https://s4.anilist.co/file/anilistcdn/media/anime/cover/large/bx194742-Cw08T4vIfD3y.jpg
[ImageService] Processing: https://s4.anilist.co/file/anilistcdn/media/anime/cover/large/bx197731-6E0qjPFaNjC6.jpg
[ImageService] Processing: https://s4.anilist.co/file/anilistcdn/media/anime/cover/large/bx187989-IjVYJxi0bEcr.jpg
[ImageService] Uploaded to: https://eivvjebsmxddrbbbnblr.supabase.co/storage/v1/object/public/covers/anime/rvGS6Oo3BH-os_bT8057N.webp
[ImageService] Uploaded to: https://eivvjebsmxddrbbbnblr.supabase.co/storage/v1/object/public/covers/anime/MAEAJey3EOQYF21M-Y7Iz.webp
[ImageService] Uploaded to: https://eivvjebsmxddrbbbnblr.supabase.co/storage/v1/object/public/covers/anime/wqamSDIYpd0_K9HuWLSrn.webp
[ImageService] Uploaded to: https://eivvjebsmxddrbbbnblr.supabase.co/storage/v1/object/public/covers/anime/5BUmndHY71EZPSI1-rR4M.webp
[ImageService] Uploaded to: https://eivvjebsmxddrbbbnblr.supabase.co/storage/v1/object/public/covers/anime/m2rfg1oeZzrK3uTVT58Vx.webp
     ⏭️ Already exists: Yozakura-san Chi no Daisakusen 2nd Season
[ImageService] Processing: https://s4.anilist.co/file/anilistcdn/media/anime/cover/large/bx185211-pyCCFDwTbCHn.jpg
[ImageService] Uploaded to: https://eivvjebsmxddrbbbnblr.supabase.co/storage/v1/object/public/covers/anime/MHQZrsJ9GSIDilAPgG5tN.webp
     ⏭️ Already exists: The Demon King's Daughter is Too Kind!!
     ⏭️ Already exists: Scum of the Brave
     ⏭️ Already exists: The Invisible Man and His Soon-to-Be Wife
     ⏭️ Already exists: The Daily Life of a Part-time Torturer
     ⏭️ Already exists: Yowa Yowa Sensei
   📄 Year 2026 Page 3: 10 New, 6 Heal
[ImageService] Processing: https://s4.anilist.co/file/anilistcdn/media/anime/cover/large/bx197474-jTeY1G9gtD8i.jpg
[ImageService] Processing: https://s4.anilist.co/file/anilistcdn/media/anime/cover/large/bx197097-adHgYO4T73vA.jpg
[ImageService] Processing: https://s4.anilist.co/file/anilistcdn/media/anime/cover/large/bx200769-Bko65gHRS2hh.jpg
[ImageService] Uploaded to: https://eivvjebsmxddrbbbnblr.supabase.co/storage/v1/object/public/covers/anime/f71ZhaDMeltpkUkiAFuc_.webp
[ImageService] Uploaded to: https://eivvjebsmxddrbbbnblr.supabase.co/storage/v1/object/public/covers/anime/RdZTRusO4iy3BEHyln1nH.webp
[ImageService] Uploaded to: https://eivvjebsmxddrbbbnblr.supabase.co/storage/v1/object/public/covers/anime/ztn6WBFuUub6umy9slQ3r.webp
[ImageService] Processing: https://s4.anilist.co/file/anilistcdn/media/anime/cover/large/bx186497-uwPrNPphXvjP.jpg
[ImageService] Uploaded to: https://eivvjebsmxddrbbbnblr.supabase.co/storage/v1/object/public/covers/anime/lkqWfBlqbAIF5cuZgciFr.webp
[ImageService] Processing: https://s4.anilist.co/file/anilistcdn/media/anime/cover/large/bx196144-BkITvhZkrp10.jpg
[ImageService] Uploaded to: https://eivvjebsmxddrbbbnblr.supabase.co/storage/v1/object/public/covers/anime/1qENQDZZwmhUO2xDNoUXK.webp
     ⏭️ Already exists: The Ramparts of Ice
[ImageService] Processing: https://s4.anilist.co/file/anilistcdn/media/anime/cover/large/bx202269-YLPqiMg2nsTr.jpg
     ⏭️ Already exists: Paris ni Saku Étoile
     ⏭️ Already exists: Shin Gintama Movie: Yoshiwara Daienjou
[ImageService] Uploaded to: https://eivvjebsmxddrbbbnblr.supabase.co/storage/v1/object/public/covers/anime/yW7VwSk5i0v4_vJmt-t3_.webp
[ImageService] Processing: https://s4.anilist.co/file/anilistcdn/media/anime/cover/large/bx176636-zPyFoYfFYZLo.jpg
[ImageService] Processing: https://s4.anilist.co/file/anilistcdn/media/anime/cover/large/bx205054-yDlMfYNpj3M1.jpg
[ImageService] Uploaded to: https://eivvjebsmxddrbbbnblr.supabase.co/storage/v1/object/public/covers/anime/bVw1L31HJLjL0vL366Spi.webp
[ImageService] Uploaded to: https://eivvjebsmxddrbbbnblr.supabase.co/storage/v1/object/public/covers/anime/cobZo2y0BYZiy6wierqHk.webp
     ⏭️ Already exists: Snowball Earth
[ImageService] Processing: https://s4.anilist.co/file/anilistcdn/media/anime/cover/large/bx187375-0Vquhap6D5zX.jpg
     ⏭️ Already exists: Saikyou no Shokugyou wa Yuusha demo Kenja demo Naku Kanteishi (Kari) Rashii desu yo?
[ImageService] Uploaded to: https://eivvjebsmxddrbbbnblr.supabase.co/storage/v1/object/public/covers/anime/AEXAWGQ_mIrvblpZAckDh.webp
[ImageService] Processing: https://s4.anilist.co/file/anilistcdn/media/anime/cover/large/bx199068-dDadPRy9Nekb.png
[ImageService] Uploaded to: https://eivvjebsmxddrbbbnblr.supabase.co/storage/v1/object/public/covers/anime/6A7jQd8ygYag65w90Lcur.webp
     ⏭️ Already exists: Shin Keroro Gunsou Movie: Fukkatsushite Sokkou Chikyuu Metsubou no Kiki de Arimasu! 
     ⏭️ Already exists: Tensei Akujo no Kuro Rekishi OVA
     ⏭️ Already exists: Shin Tennis no Ouji-sama: U-17 WORLD CUP Kesshou Member Ketteisen
     ⏭️ Already exists: THE IDOLM@STER Million Live!: Itsuka, Mannaka de
     ⏭️ Already exists: Tomei na Yoru ni Kakeru-kun to, Menimienai Koi wo Shita
   📄 Year 2026 Page 4: 2 New, 0 Heal
[ImageService] Processing: https://s4.anilist.co/file/anilistcdn/media/anime/cover/large/bx201910-yulAeyMQbbvw.png
[ImageService] Processing: https://s4.anilist.co/file/anilistcdn/media/anime/cover/large/bx194207-qhLou1C09vEf.png
[ImageService] Uploaded to: https://eivvjebsmxddrbbbnblr.supabase.co/storage/v1/object/public/covers/anime/Wb6S5pWssb-HqF6k9mXrk.webp
[ImageService] Uploaded to: https://eivvjebsmxddrbbbnblr.supabase.co/storage/v1/object/public/covers/anime/z1OYbrVnPdqPYBgQoG1FA.webp
     ⏭️ Already exists: Pan Dorobou
     ⏭️ Already exists: Oshiri Dandy the Young

📅 Processing Year: 2025
   📄 Year 2025 Page 1: 16 New, 33 Heal
[ImageService] Processing: https://s4.anilist.co/file/anilistcdn/media/anime/cover/large/bx177709-e5Qx6RlsBgD5.png
[ImageService] Processing: https://s4.anilist.co/file/anilistcdn/media/anime/cover/large/bx176301-TIGmldLffQGX.jpg
[ImageService] Processing: https://s4.anilist.co/file/anilistcdn/media/anime/cover/large/bx176496-9BDMjAZGEbq4.png
[ImageService] Uploaded to: https://eivvjebsmxddrbbbnblr.supabase.co/storage/v1/object/public/covers/anime/gPn1B1e__uPk25yiYtvCk.webp
[ImageService] Uploaded to: https://eivvjebsmxddrbbbnblr.supabase.co/storage/v1/object/public/covers/anime/hgvdO34lXFSsXiVFA6NON.webp
[ImageService] Processing: https://s4.anilist.co/file/anilistcdn/media/anime/cover/large/bx181444-Ut9DDUZdfHwg.jpg
[ImageService] Uploaded to: https://eivvjebsmxddrbbbnblr.supabase.co/storage/v1/object/public/covers/anime/ysEXypOGqAGb_Hlon78ki.webp
[ImageService] Uploaded to: https://eivvjebsmxddrbbbnblr.supabase.co/storage/v1/object/public/covers/anime/3TBOx4AOXETPiPXc9QzGD.webp
[ImageService] Processing: https://s4.anilist.co/file/anilistcdn/media/anime/cover/large/bx153800-8SpzdHOaZCoU.jpg
[ImageService] Uploaded to: https://eivvjebsmxddrbbbnblr.supabase.co/storage/v1/object/public/covers/anime/ZGfd7p9VT-ib0jPxc7svU.webp
     ⏭️ Already exists: SAKAMOTO DAYS
     ⏭️ Already exists: The Fragrant Flower Blooms With Dignity
[ImageService] Processing: https://s4.anilist.co/file/anilistcdn/media/anime/cover/large/bx177689-d0mB5nYgdnhi.jpg
[ImageService] Uploaded to: https://eivvjebsmxddrbbbnblr.supabase.co/storage/v1/object/public/covers/anime/mClyaoj1Z1-4ZzqNKFj6Z.webp
[ImageService] Processing: https://s4.anilist.co/file/anilistcdn/media/anime/cover/large/bx185407-7uzY4fA3hokP.jpg
[ImageService] Uploaded to: https://eivvjebsmxddrbbbnblr.supabase.co/storage/v1/object/public/covers/anime/JLNjp3eOAVlG58PM0lMdM.webp
     ⏭️ Already exists: One-Punch Man Season 3
[ImageService] Processing: https://s4.anilist.co/file/anilistcdn/media/anime/cover/large/bx177937-Tzgg6rAdhCoH.jpg
[ImageService] Uploaded to: https://eivvjebsmxddrbbbnblr.supabase.co/storage/v1/object/public/covers/anime/zMSswFLTsn2w6jprN4kL-.webp
     ⏭️ Already exists: Solo Leveling Season 2 -Arise from the Shadow-
     ⏭️ Already exists: The Apothecary Diaries Season 2
[ImageService] Processing: https://s4.anilist.co/file/anilistcdn/media/anime/cover/large/bx178680-nIAhCizY46ZU.jpg
[ImageService] Processing: https://s4.anilist.co/file/anilistcdn/media/anime/cover/large/bx184237-OJAksU2fsIPx.jpg
[ImageService] Uploaded to: https://eivvjebsmxddrbbbnblr.supabase.co/storage/v1/object/public/covers/anime/nTKUd8Q1qlEw8pOnM_dha.webp
[ImageService] Uploaded to: https://eivvjebsmxddrbbbnblr.supabase.co/storage/v1/object/public/covers/anime/Kh2BA3icd3vimqpcG-rbX.webp
     ⏭️ Already exists: The Summer Hikaru Died
[ImageService] Processing: https://s4.anilist.co/file/anilistcdn/media/anime/cover/large/bx180367-GlRuB2lG7Kaa.jpg
[ImageService] Uploaded to: https://eivvjebsmxddrbbbnblr.supabase.co/storage/v1/object/public/covers/anime/POMrNPumZsKaCB9UhuPtq.webp
     ⏭️ Already exists: SAKAMOTO DAYS Part 2
[ImageService] Processing: https://s4.anilist.co/file/anilistcdn/media/anime/cover/large/bx183161-5M054tuPmZJX.jpg
[ImageService] Uploaded to: https://eivvjebsmxddrbbbnblr.supabase.co/storage/v1/object/public/covers/anime/Tf69dYC-QE-mMjn5WsP7C.webp
     ⏭️ Already exists: SPY x FAMILY Season 3
[ImageService] Processing: https://s4.anilist.co/file/anilistcdn/media/anime/cover/large/bx179966-g0EU7rVe2Og7.jpg
[ImageService] Uploaded to: https://eivvjebsmxddrbbbnblr.supabase.co/storage/v1/object/public/covers/anime/u6tiQgX49J4ih9lxD34yA.webp
     ⏭️ Already exists: Takopi's Original Sin
[ImageService] Processing: https://s4.anilist.co/file/anilistcdn/media/anime/cover/large/bx186052-zq8h0Qo0O0sP.jpg
[ImageService] Uploaded to: https://eivvjebsmxddrbbbnblr.supabase.co/storage/v1/object/public/covers/anime/AU_g7R2BLGAa04mPs5f1c.webp
     ⏭️ Already exists: WIND BREAKER Season 2
     ⏭️ Already exists: WITCH WATCH
[ImageService] Processing: https://s4.anilist.co/file/anilistcdn/media/anime/cover/large/bx173780-O7v1YfXg61JT.png
[ImageService] Processing: https://s4.anilist.co/file/anilistcdn/media/anime/cover/large/bx175872-d55nfiC4WWHO.jpg
[ImageService] Uploaded to: https://eivvjebsmxddrbbbnblr.supabase.co/storage/v1/object/public/covers/anime/8_yV7JODM3kumLKRuuVEs.webp
[ImageService] Uploaded to: https://eivvjebsmxddrbbbnblr.supabase.co/storage/v1/object/public/covers/anime/v0dF_aWFj_7P-H753ky2M.webp
     ⏭️ Already exists: The Beginning After the End
     ⏭️ Already exists: Secrets of the Silent Witch
     ⏭️ Already exists: The Water Magician
     ⏭️ Already exists: The Rising of the Shield Hero Season 4
     ⏭️ Already exists: The Brilliant Healer's New Life in the Shadows
   📄 Year 2025 Page 2: 9 New, 13 Heal
[ImageService] Processing: https://s4.anilist.co/file/anilistcdn/media/anime/cover/large/bx179302-gWWAh5BfQyl4.jpg
[ImageService] Uploaded to: https://eivvjebsmxddrbbbnblr.supabase.co/storage/v1/object/public/covers/anime/s6y_HtA7IEC8EfgdWbeQJ.webp
[ImageService] Processing: https://s4.anilist.co/file/anilistcdn/media/anime/cover/large/bx180516-lebpoKLkw6E3.jpg
[ImageService] Processing: https://s4.anilist.co/file/anilistcdn/media/anime/cover/large/bx172439-sTda7baXB0Fh.jpg
[ImageService] Processing: https://s4.anilist.co/file/anilistcdn/media/anime/cover/large/bx170892-zhJUSsX6PaF0.jpg
[ImageService] Uploaded to: https://eivvjebsmxddrbbbnblr.supabase.co/storage/v1/object/public/covers/anime/NAELQUiDFD2OBsvV22MtU.webp
[ImageService] Processing: https://s4.anilist.co/file/anilistcdn/media/anime/cover/large/bx183133-SSeg5j1UrMDG.png
[ImageService] Uploaded to: https://eivvjebsmxddrbbbnblr.supabase.co/storage/v1/object/public/covers/anime/eNva8qeGQL6GpZal2Myzk.webp
[ImageService] Uploaded to: https://eivvjebsmxddrbbbnblr.supabase.co/storage/v1/object/public/covers/anime/atb_M65RBxxiiMVf7Pl0O.webp
[ImageService] Uploaded to: https://eivvjebsmxddrbbbnblr.supabase.co/storage/v1/object/public/covers/anime/IVaOdiINX98PhZ1SfVVt9.webp
     ⏭️ Already exists: Umamusume: Cinderella Gray
[ImageService] Processing: https://s4.anilist.co/file/anilistcdn/media/anime/cover/large/bx179694-7zhc0T6IImor.jpg
[ImageService] Uploaded to: https://eivvjebsmxddrbbbnblr.supabase.co/storage/v1/object/public/covers/anime/t-C7fTDHy9FupUV5WOkaY.webp
     ⏭️ Already exists: Toilet-bound Hanako-kun Season 2
[ImageService] Processing: https://s4.anilist.co/file/anilistcdn/media/anime/cover/large/bx143200-42OaDCS6VEy3.png
[ImageService] Uploaded to: https://eivvjebsmxddrbbbnblr.supabase.co/storage/v1/object/public/covers/anime/rUVoXaDFlLx8-smG6QyNg.webp
     ⏭️ Already exists: SANDA
[ImageService] Processing: https://s4.anilist.co/file/anilistcdn/media/anime/cover/large/bx179344-GQzJfehpQI72.png
[ImageService] Uploaded to: https://eivvjebsmxddrbbbnblr.supabase.co/storage/v1/object/public/covers/anime/eiEYi6UOla6aK_AudxEkc.webp
     ⏭️ Already exists: Welcome to Japan, Ms. Elf!
[ImageService] Processing: https://s4.anilist.co/file/anilistcdn/media/anime/cover/large/bx166699-k5hIccoA5XSW.jpg
[ImageService] Uploaded to: https://eivvjebsmxddrbbbnblr.supabase.co/storage/v1/object/public/covers/anime/mrbFDf4Hb0bghjTZbDBAS.webp
     ⏭️ Already exists: The Unaware Atelier Meister
     ⏭️ Already exists: Summer Pockets
     ⏭️ Already exists: Rent-a-Girlfriend Season 4
     ⏭️ Already exists: Rock is a Lady’s Modesty
     ⏭️ Already exists: OKITSURA: Fell in Love with an Okinawan Girl, but I Just Wish I Know What She's Saying
   📄 Year 2025 Page 3: 11 New, 0 Heal
[ImageService] Processing: https://s4.anilist.co/file/anilistcdn/media/anime/cover/large/bx169420-u4wDhHlTfX9P.jpg
[ImageService] Processing: https://s4.anilist.co/file/anilistcdn/media/anime/cover/large/bx136381-t6c5rfKjnqqd.jpg
[ImageService] Processing: https://s4.anilist.co/file/anilistcdn/media/anime/cover/large/bx185544-V9XoC8yJ906f.jpg
[ImageService] Processing: https://s4.anilist.co/file/anilistcdn/media/anime/cover/large/bx169440-MhlOxaIyASRu.jpg
[ImageService] Processing: https://s4.anilist.co/file/anilistcdn/media/anime/cover/large/bx185731-PJ6WKcFDUI4B.jpg
[ImageService] Uploaded to: https://eivvjebsmxddrbbbnblr.supabase.co/storage/v1/object/public/covers/anime/-t6rMSjRUEsHvb81SslSh.webp
[ImageService] Uploaded to: https://eivvjebsmxddrbbbnblr.supabase.co/storage/v1/object/public/covers/anime/KLo2POehcPrWXtyaaGz07.webp
[ImageService] Uploaded to: https://eivvjebsmxddrbbbnblr.supabase.co/storage/v1/object/public/covers/anime/adFY2KXrdoZvv64PUWCjh.webp
[ImageService] Uploaded to: https://eivvjebsmxddrbbbnblr.supabase.co/storage/v1/object/public/covers/anime/wAs-HEiUcrQCy-E8szU07.webp
[ImageService] Uploaded to: https://eivvjebsmxddrbbbnblr.supabase.co/storage/v1/object/public/covers/anime/QipcVP2RsOTfwojxYmw9S.webp
     ⏭️ Already exists: Reborn as a Vending Machine, I Now Wander the Dungeon Season 2
[ImageService] Processing: https://s4.anilist.co/file/anilistcdn/media/anime/cover/large/bx182060-r0ihNqhiyvpT.jpg
[ImageService] Uploaded to: https://eivvjebsmxddrbbbnblr.supabase.co/storage/v1/object/public/covers/anime/uq2X8EtRsGLF-RV7xrbWh.webp
     ⏭️ Already exists: Ranma1/2 (2024) Season 2
[ImageService] Processing: https://s4.anilist.co/file/anilistcdn/media/anime/cover/large/bx181182-lnlfAByYD7X6.png
[ImageService] Uploaded to: https://eivvjebsmxddrbbbnblr.supabase.co/storage/v1/object/public/covers/anime/aKGZy8DJrojpNXT6NDl_M.webp
     ⏭️ Already exists: Watari-kun's ****** Is about to Collapse
[ImageService] Processing: https://s4.anilist.co/file/anilistcdn/media/anime/cover/large/bx178550-1mjYHtOwiqkC.jpg
[ImageService] Uploaded to: https://eivvjebsmxddrbbbnblr.supabase.co/storage/v1/object/public/covers/anime/Em7oi8DtuuQfNKX-rPTMz.webp
     ⏭️ Already exists: SK8 the Infinity EXTRA PART
     ⏭️ Already exists: Welcome to the Outcast's Restaurant!
[ImageService] Processing: https://s4.anilist.co/file/anilistcdn/media/anime/cover/large/bx185965-LlzTLSTBUbEA.jpg
[ImageService] Processing: https://s4.anilist.co/file/anilistcdn/media/anime/cover/large/bx180436-zR0dJuKGZNOK.jpg
[ImageService] Uploaded to: https://eivvjebsmxddrbbbnblr.supabase.co/storage/v1/object/public/covers/anime/VhlsHMlXoHMNHOplf1n9Z.webp
[ImageService] Uploaded to: https://eivvjebsmxddrbbbnblr.supabase.co/storage/v1/object/public/covers/anime/LvwwYwv0qBodVZREjUjdD.webp
     ⏭️ Already exists: The Gorilla God’s Go-To Girl
[ImageService] Processing: https://s4.anilist.co/file/anilistcdn/media/anime/cover/large/bx184575-hEzI5V8o818U.png
[ImageService] Uploaded to: https://eivvjebsmxddrbbbnblr.supabase.co/storage/v1/object/public/covers/anime/ZUZR66NMrZA52eOlA4jTZ.webp
     ⏭️ Already exists: Unnamed Memory Season 2
     ⏭️ Already exists: SHOSHIMIN: How to become Ordinary Season 2
     ⏭️ Already exists: Wandance
     ⏭️ Already exists: Solo Camping for Two
     ⏭️ Already exists: Uglymug, Epicfighter
   📄 Year 2025 Page 4: 11 New, 0 Heal
[ImageService] Processing: https://s4.anilist.co/file/anilistcdn/media/anime/cover/large/bx176702-sD5AnHf8g4zi.jpg
[ImageService] Processing: https://s4.anilist.co/file/anilistcdn/media/anime/cover/large/bx170916-B6VKOdSOBccU.jpg
[ImageService] Processing: https://s4.anilist.co/file/anilistcdn/media/anime/cover/large/bx185519-cuRKYBlZ3uWw.jpg
[ImageService] Processing: https://s4.anilist.co/file/anilistcdn/media/anime/cover/large/bx184989-UaWWbrRn2vWV.jpg
[ImageService] Processing: https://s4.anilist.co/file/anilistcdn/media/anime/cover/large/bx140337-8EtbiPurofcC.jpg
[ImageService] Uploaded to: https://eivvjebsmxddrbbbnblr.supabase.co/storage/v1/object/public/covers/anime/A6tTbnA33IP1EInGTUNTH.webp
[ImageService] Uploaded to: https://eivvjebsmxddrbbbnblr.supabase.co/storage/v1/object/public/covers/anime/olXzBblpWTjdEiPKoQbQ9.webp
[ImageService] Uploaded to: https://eivvjebsmxddrbbbnblr.supabase.co/storage/v1/object/public/covers/anime/4BdvDMp2SCz0XVW8PHkIX.webp
[ImageService] Uploaded to: https://eivvjebsmxddrbbbnblr.supabase.co/storage/v1/object/public/covers/anime/qUF5W9hlgiY498S0TeUd6.webp
[ImageService] Uploaded to: https://eivvjebsmxddrbbbnblr.supabase.co/storage/v1/object/public/covers/anime/QZUaNfI4w_5ycpZDpMXmk.webp
     ⏭️ Already exists: Teogonia
[ImageService] Processing: https://s4.anilist.co/file/anilistcdn/media/anime/cover/large/bx178495-RJCGa2YRdKBU.jpg
[ImageService] Uploaded to: https://eivvjebsmxddrbbbnblr.supabase.co/storage/v1/object/public/covers/anime/H8sNiWszerXtvR8Ct3M-e.webp
     ⏭️ Already exists: The Dinner Table Detective
[ImageService] Processing: https://s4.anilist.co/file/anilistcdn/media/anime/cover/large/bx174596-GbgKrUtBBuIg.jpg
[ImageService] Uploaded to: https://eivvjebsmxddrbbbnblr.supabase.co/storage/v1/object/public/covers/anime/4VP3AL-83ObWA-r1yvUKn.webp
     ⏭️ Already exists: Promise of Wizard
[ImageService] Processing: https://s4.anilist.co/file/anilistcdn/media/anime/cover/large/bx186920-sDg7ZRCXOdxM.jpg
[ImageService] Uploaded to: https://eivvjebsmxddrbbbnblr.supabase.co/storage/v1/object/public/covers/anime/PzXgfC6CTCQdWX_grJqJG.webp
     ⏭️ Already exists: Zombie Land Saga: Yumeginga Paradise
[ImageService] Processing: https://s4.anilist.co/file/anilistcdn/media/anime/cover/large/bx154392-I35rrWRu9KlY.jpg
[ImageService] Uploaded to: https://eivvjebsmxddrbbbnblr.supabase.co/storage/v1/object/public/covers/anime/DGcw9EKdZm1AXXZRKPNed.webp
     ⏭️ Already exists: See You Tomorrow at the Food Court
[ImageService] Processing: https://s4.anilist.co/file/anilistcdn/media/anime/cover/large/bx159483-nQKJ2EEqoo8x.jpg
[ImageService] Uploaded to: https://eivvjebsmxddrbbbnblr.supabase.co/storage/v1/object/public/covers/anime/sN4bDzzBDoCxocszQpAWz.webp
     ⏭️ Already exists: TASOKARE HOTEL
[ImageService] Processing: https://s4.anilist.co/file/anilistcdn/media/anime/cover/large/bx182158-ztLTD2FKPnrd.jpg
[ImageService] Uploaded to: https://eivvjebsmxddrbbbnblr.supabase.co/storage/v1/object/public/covers/anime/hb-Ng6AL8iLoSjePTeH2F.webp
     ⏭️ Already exists: Sorairo Utility (TV)
     ⏭️ Already exists: The Rose of Versailles
     ⏭️ Already exists: Touring After the Apocalypse
     ⏭️ Already exists: Turkey! Time to Strike
     ⏭️ Already exists: Senpai is an Otokonoko Movie: Sunshine After the Rain
   📄 Year 2025 Page 5: 6 New, 2 Heal
[ImageService] Processing: https://s4.anilist.co/file/anilistcdn/media/anime/cover/large/bx178052-igWygf0ZG1gl.jpg
[ImageService] Processing: https://s4.anilist.co/file/anilistcdn/media/anime/cover/large/bx184997-CnmvTLC9JQP0.jpg
[ImageService] Processing: https://s4.anilist.co/file/anilistcdn/media/anime/cover/large/bx170936-NlDYAjV86ljm.png
[ImageService] Processing: https://s4.anilist.co/file/anilistcdn/media/anime/cover/large/bx179541-lZwENMAHZS9Y.jpg
[ImageService] Uploaded to: https://eivvjebsmxddrbbbnblr.supabase.co/storage/v1/object/public/covers/anime/hpcnWjrEHCud6P3gCBk6a.webp
[ImageService] Uploaded to: https://eivvjebsmxddrbbbnblr.supabase.co/storage/v1/object/public/covers/anime/R12jLIHDNcGtGby1wV1Uw.webp
[ImageService] Uploaded to: https://eivvjebsmxddrbbbnblr.supabase.co/storage/v1/object/public/covers/anime/FytGRuGpOJj5ubXtxIFhh.webp
[ImageService] Uploaded to: https://eivvjebsmxddrbbbnblr.supabase.co/storage/v1/object/public/covers/anime/6pBBN-6nxkyFZhetjLQFu.webp
[ImageService] Processing: https://s4.anilist.co/file/anilistcdn/media/anime/cover/large/bx185755-xMle6RCAPwA6.png
[ImageService] Uploaded to: https://eivvjebsmxddrbbbnblr.supabase.co/storage/v1/object/public/covers/anime/JT-lFhjooKoLBiH48k1-N.webp
     ⏭️ Already exists: SHIROHIYO - Reincarnated as a Neglected Noble: Raising My Baby Brother With Memories From My Past Life
     ⏭️ Already exists: Shabake
[ImageService] Processing: https://s4.anilist.co/file/anilistcdn/media/anime/cover/large/bx132776-uZLvjGAa4qup.jpg
[ImageService] Uploaded to: https://eivvjebsmxddrbbbnblr.supabase.co/storage/v1/object/public/covers/anime/RRRZ9c45ehnyb6yYQcpLN.webp
     ⏭️ Already exists: Princess-Session Orchestra
     ⏭️ Already exists: Plus-sized Misadventures in Love!
     ⏭️ Already exists: Puniru is a Kawaii Slime Season 2
     ⏭️ Already exists: Peleliu: Rakuen no Guernica
   📄 Year 2025 Page 6: 7 New, 6 Heal
[ImageService] Processing: https://s4.anilist.co/file/anilistcdn/media/anime/cover/large/bx193294-cWRDRpwqGYDA.jpg
[ImageService] Processing: https://s4.anilist.co/file/anilistcdn/media/anime/cover/large/bx187236-tFSyyAliXxLH.jpg
[ImageService] Processing: https://s4.anilist.co/file/anilistcdn/media/anime/cover/large/bx185778-Zl01zbfShlCc.jpg
[ImageService] Uploaded to: https://eivvjebsmxddrbbbnblr.supabase.co/storage/v1/object/public/covers/anime/WS-n3F-FIaqx41u7aZdeb.webp
[ImageService] Processing: https://s4.anilist.co/file/anilistcdn/media/anime/cover/large/bx189893-7T1pZjLbwEie.png
[ImageService] Uploaded to: https://eivvjebsmxddrbbbnblr.supabase.co/storage/v1/object/public/covers/anime/Uxq_CSyHrzH8dNtCwxvgq.webp
[ImageService] Processing: https://s4.anilist.co/file/anilistcdn/media/anime/cover/large/bx176432-jqq2IZrjYaiZ.jpg
[ImageService] Uploaded to: https://eivvjebsmxddrbbbnblr.supabase.co/storage/v1/object/public/covers/anime/py85kbW7nEUzvo9bya23i.webp
[ImageService] Uploaded to: https://eivvjebsmxddrbbbnblr.supabase.co/storage/v1/object/public/covers/anime/hYTgie2W4Dj6a3n5_DyBa.webp
[ImageService] Uploaded to: https://eivvjebsmxddrbbbnblr.supabase.co/storage/v1/object/public/covers/anime/E4YkDSKncmpQn2V-SpVJr.webp
     ⏭️ Already exists: U Takes Terra
[ImageService] Processing: https://s4.anilist.co/file/anilistcdn/media/anime/cover/large/bx192928-akbttQVo3Mdi.png
     ⏭️ Already exists: Sora-iro Utility × BIRDIE WING: Golf Girls' Story Mini Anime
[ImageService] Processing: https://s4.anilist.co/file/anilistcdn/media/anime/cover/large/bx198377-lzQtJkdix2Ne.jpg
[ImageService] Uploaded to: https://eivvjebsmxddrbbbnblr.supabase.co/storage/v1/object/public/covers/anime/MWOhrVFjdWUH_Xg9V3DfT.webp
[ImageService] Uploaded to: https://eivvjebsmxddrbbbnblr.supabase.co/storage/v1/object/public/covers/anime/sKOQ5vJGNYHTwgyrtNFPX.webp
     ⏭️ Already exists: Toritsukare Otoko
     ⏭️ Already exists: Thunderbolt Fantasy Sword Seekers -The Finale-
     ⏭️ Already exists: Princess Connect! Michibiki no Hatsuhana: Fiore Storia
     ⏭️ Already exists: The Land of NOMO
     ⏭️ Already exists: Whereabouts of Tomorrow: Ashita no Arika
   📄 Year 2025 Page 7: 10 New, 5 Heal
[ImageService] Processing: https://s4.anilist.co/file/anilistcdn/media/anime/cover/large/bx196063-hDLoZ2anG97G.png
[ImageService] Processing: https://s4.anilist.co/file/anilistcdn/media/anime/cover/large/bx188522-7SmOUONrHvrL.png
[ImageService] Processing: https://s4.anilist.co/file/anilistcdn/media/anime/cover/large/bx199635-rgif9o9VWMrt.png
[ImageService] Processing: https://s4.anilist.co/file/anilistcdn/media/anime/cover/medium/b198745-0coQkVMVfTCj.jpg
[ImageService] Processing: https://s4.anilist.co/file/anilistcdn/media/anime/cover/large/bx185901-iRIID6SJ3ugs.png
[ImageService] Uploaded to: https://eivvjebsmxddrbbbnblr.supabase.co/storage/v1/object/public/covers/anime/MTtrCIVP2UD0DOIGQtk8z.webp
[ImageService] Uploaded to: https://eivvjebsmxddrbbbnblr.supabase.co/storage/v1/object/public/covers/anime/IizsogUSmZqz3jcnYt8aV.webp
[ImageService] Uploaded to: https://eivvjebsmxddrbbbnblr.supabase.co/storage/v1/object/public/covers/anime/g0buvr7oot0nCTI7jjKgA.webp
[ImageService] Uploaded to: https://eivvjebsmxddrbbbnblr.supabase.co/storage/v1/object/public/covers/anime/sPBIJdjsPIlE9_SRQFzs4.webp
[ImageService] Uploaded to: https://eivvjebsmxddrbbbnblr.supabase.co/storage/v1/object/public/covers/anime/-AnwJx-zagmIw0GoTDgdz.webp
     ⏭️ Already exists: Trust
[ImageService] Processing: https://s4.anilist.co/file/anilistcdn/media/anime/cover/large/bx198380-wyCQW2qbiROt.png
[ImageService] Uploaded to: https://eivvjebsmxddrbbbnblr.supabase.co/storage/v1/object/public/covers/anime/vDfghXdOoEBJmJrNlAi05.webp
     ⏭️ Already exists: PetitCure: Precure Fairies Season 2
[ImageService] Processing: https://s4.anilist.co/file/anilistcdn/media/anime/cover/large/bx185645-oURiWI3bVWgq.png
[ImageService] Uploaded to: https://eivvjebsmxddrbbbnblr.supabase.co/storage/v1/object/public/covers/anime/0QS2yp27I2odEjyCS94VN.webp
     ⏭️ Already exists: Shuukan Ranobe Anime
     ⏭️ Already exists: Sumikko Gurashi: Sora no Ookoku to Futari no Ko
[ImageService] Processing: https://s4.anilist.co/file/anilistcdn/media/anime/cover/medium/b185643-GdoqcxGGXqq5.png
[ImageService] Processing: https://s4.anilist.co/file/anilistcdn/media/anime/cover/large/bx194832-j9lUdLCYHd2N.png
[ImageService] Uploaded to: https://eivvjebsmxddrbbbnblr.supabase.co/storage/v1/object/public/covers/anime/3Wi7upR-ntvBxTMHDvgOf.webp
[ImageService] Uploaded to: https://eivvjebsmxddrbbbnblr.supabase.co/storage/v1/object/public/covers/anime/puT9M4fkeWxccmdvSEBZA.webp
     ⏭️ Already exists: Obusu ni Hanataba wo
[ImageService] Processing: https://s4.anilist.co/file/anilistcdn/media/anime/cover/large/bx193613-appYSBxXrbXL.png
[ImageService] Uploaded to: https://eivvjebsmxddrbbbnblr.supabase.co/storage/v1/object/public/covers/anime/tNfqMbA8CX3VhAPAAOcd_.webp
     ⏭️ Already exists: SUPER NINJA NEKO
     ⏭️ Already exists: Oshiri Tantei: STAR AND MOON
     ⏭️ Already exists: Oshiri Tantei 9
     ⏭️ Already exists: Oshiri Tantei 9 Part 2
     ⏭️ Already exists: Synapusyu THE MOVIE: Pushu Hoppe Dancing PARTY

📅 Processing Year: 2024
   📄 Year 2024 Page 1: 16 New, 30 Heal
[ImageService] Processing: https://s4.anilist.co/file/anilistcdn/media/anime/cover/large/bx151807-it355ZgzquUd.png
[ImageService] Processing: https://s4.anilist.co/file/anilistcdn/media/anime/cover/large/bx163270-wboZJp0ybwVK.jpg
[ImageService] Uploaded to: https://eivvjebsmxddrbbbnblr.supabase.co/storage/v1/object/public/covers/anime/xotCJ_xgY1cGc14OVH2uj.webp
[ImageService] Uploaded to: https://eivvjebsmxddrbbbnblr.supabase.co/storage/v1/object/public/covers/anime/aOJzhe1ESQZR-Fs6yvCdj.webp
[ImageService] Processing: https://s4.anilist.co/file/anilistcdn/media/anime/cover/large/bx163134-yieRFbvUOH9a.jpg
[ImageService] Uploaded to: https://eivvjebsmxddrbbbnblr.supabase.co/storage/v1/object/public/covers/anime/LqnwtJvkRvYG_k1x3U8Yr.webp
[ImageService] Processing: https://s4.anilist.co/file/anilistcdn/media/anime/cover/large/bx166531-dAL5MsqDHUkj.jpg
[ImageService] Processing: https://s4.anilist.co/file/anilistcdn/media/anime/cover/large/bx156822-Jzo2ITWgm4kM.jpg
[ImageService] Uploaded to: https://eivvjebsmxddrbbbnblr.supabase.co/storage/v1/object/public/covers/anime/M6NO9J5w-o1Kb5b9vY8bW.webp
[ImageService] Uploaded to: https://eivvjebsmxddrbbbnblr.supabase.co/storage/v1/object/public/covers/anime/yZXFWM6bmsYvwVUN1Km_h.webp
     ⏭️ Already exists: Solo Leveling
     ⏭️ Already exists: WIND BREAKER
[ImageService] Processing: https://s4.anilist.co/file/anilistcdn/media/anime/cover/large/bx174576-tpKcHG0eO6CS.jpg
     ⏭️ Already exists: That Time I Got Reincarnated as a Slime Season 3
[ImageService] Uploaded to: https://eivvjebsmxddrbbbnblr.supabase.co/storage/v1/object/public/covers/anime/UDG66-StWdxnK0ov-szde.webp
[ImageService] Processing: https://s4.anilist.co/file/anilistcdn/media/anime/cover/large/bx153406-dU2RLKgMUF2U.jpg
[ImageService] Uploaded to: https://eivvjebsmxddrbbbnblr.supabase.co/storage/v1/object/public/covers/anime/QfLzAaCYX51Ouyq88O5yI.webp
[ImageService] Processing: https://s4.anilist.co/file/anilistcdn/media/anime/cover/large/bx137908-50af3lKVbst2.jpg
[ImageService] Uploaded to: https://eivvjebsmxddrbbbnblr.supabase.co/storage/v1/object/public/covers/anime/W3P3DFtRcuhvqlIXKRwZS.webp
     ⏭️ Already exists: Re:ZERO -Starting Life in Another World- Season 3
[ImageService] Processing: https://s4.anilist.co/file/anilistcdn/media/anime/cover/large/bx139518-GZWYKM8Kg1S2.png
[ImageService] Uploaded to: https://eivvjebsmxddrbbbnblr.supabase.co/storage/v1/object/public/covers/anime/nrUcYKMdtaC9hUvQr69ql.webp
     ⏭️ Already exists: Oshi no Ko Season 2
[ImageService] Processing: https://s4.anilist.co/file/anilistcdn/media/anime/cover/large/bx151514-Y0d82Ah2ZOHX.jpg
[ImageService] Uploaded to: https://eivvjebsmxddrbbbnblr.supabase.co/storage/v1/object/public/covers/anime/GGLmOY5Ifk4omFHqkDoRx.webp
     ⏭️ Already exists: Wistoria: Wand and Sword
[ImageService] Processing: https://s4.anilist.co/file/anilistcdn/media/anime/cover/large/bx176508-eFad4szofm8d.png
     ⏭️ Already exists: Tower of God Season 2
[ImageService] Processing: https://s4.anilist.co/file/anilistcdn/media/anime/cover/large/bx145728-YUKXjN2E81Pq.jpg
[ImageService] Uploaded to: https://eivvjebsmxddrbbbnblr.supabase.co/storage/v1/object/public/covers/anime/k_2GeU3OMQyscDTor4R1D.webp
[ImageService] Uploaded to: https://eivvjebsmxddrbbbnblr.supabase.co/storage/v1/object/public/covers/anime/Al0tr5fcr3heXSWaqR_GK.webp
     ⏭️ Already exists: The Wrong Way to Use Healing Magic
     ⏭️ Already exists: TSUKIMICHI -Moonlit Fantasy- Season 2
[ImageService] Processing: https://s4.anilist.co/file/anilistcdn/media/anime/cover/large/bx166216-vCMkF4e3x5FB.jpg
[ImageService] Uploaded to: https://eivvjebsmxddrbbbnblr.supabase.co/storage/v1/object/public/covers/anime/ylCRgqxGPGNXwbkDnYGEr.webp
[ImageService] Processing: https://s4.anilist.co/file/anilistcdn/media/anime/cover/large/bx111314-ui2D6cvpNumy.jpg
[ImageService] Uploaded to: https://eivvjebsmxddrbbbnblr.supabase.co/storage/v1/object/public/covers/anime/lrYDAv22gIFlowZspWr-Y.webp
     ⏭️ Already exists: Orb: On the Movements of the Earth
[ImageService] Processing: https://s4.anilist.co/file/anilistcdn/media/anime/cover/large/bx162896-hSMTVceb50GY.jpg
[ImageService] Uploaded to: https://eivvjebsmxddrbbbnblr.supabase.co/storage/v1/object/public/covers/anime/fr0mFo_kykAP6tPuU5Hk4.webp
     ⏭️ Already exists: The Dangers in My Heart Season 2
[ImageService] Processing: https://s4.anilist.co/file/anilistcdn/media/anime/cover/large/bx163623-pzR6vIHoJh0b.jpg
[ImageService] Uploaded to: https://eivvjebsmxddrbbbnblr.supabase.co/storage/v1/object/public/covers/anime/JIDQDSJ0yuz0XLK2hN8jJ.webp
     ⏭️ Already exists: Spice and Wolf: MERCHANT MEETS THE WISE WOLF
     ⏭️ Already exists: Uzumaki
     ⏭️ Already exists: Shangri-La Frontier Season 2
     ⏭️ Already exists: The Elusive Samurai
     ⏭️ Already exists: Pseudo Harem
   📄 Year 2024 Page 2: 6 New, 40 Heal
[ImageService] Processing: https://s4.anilist.co/file/anilistcdn/media/anime/cover/large/bx169417-izsfKg0hasRd.png
[ImageService] Uploaded to: https://eivvjebsmxddrbbbnblr.supabase.co/storage/v1/object/public/covers/anime/fRMSWzUmykAH6dwOaTpjz.webp
[ImageService] Processing: https://s4.anilist.co/file/anilistcdn/media/anime/cover/large/bx173295-5DIOnrTYiF0a.jpg
[ImageService] Uploaded to: https://eivvjebsmxddrbbbnblr.supabase.co/storage/v1/object/public/covers/anime/DrbjiC9JPVyN99XUYieMq.webp
[ImageService] Processing: https://s4.anilist.co/file/anilistcdn/media/anime/cover/large/bx172190-i1IqizIUcKkN.jpg
[ImageService] Uploaded to: https://eivvjebsmxddrbbbnblr.supabase.co/storage/v1/object/public/covers/anime/01mc-mKIN0Z-kuazu7jey.webp
[ImageService] Processing: https://s4.anilist.co/file/anilistcdn/media/anime/cover/large/bx170890-XrggQYjAJAGa.jpg
[ImageService] Uploaded to: https://eivvjebsmxddrbbbnblr.supabase.co/storage/v1/object/public/covers/anime/dz6XLWV6x9hEAHAC-wCTS.webp
[ImageService] Processing: https://s4.anilist.co/file/anilistcdn/media/anime/cover/large/bx160389-2f6SosbyUpxX.jpg
[ImageService] Uploaded to: https://eivvjebsmxddrbbbnblr.supabase.co/storage/v1/object/public/covers/anime/-BHO2DsnEGG4gpsj6tgzf.webp
     ⏭️ Already exists: SHOSHIMIN: How to Become Ordinary
     ⏭️ Already exists: Re:Monster
     ⏭️ Already exists: THE NEW GATE
[ImageService] Processing: https://s4.anilist.co/file/anilistcdn/media/anime/cover/large/bx164172-GY2aqItIuqtR.jpg
[ImageService] Uploaded to: https://eivvjebsmxddrbbbnblr.supabase.co/storage/v1/object/public/covers/anime/oZMba8Iagk8SQbMkzjVam.webp
     ⏭️ Already exists: Tales of Wedding Rings
     ⏭️ Already exists: You are Ms. Servant
     ⏭️ Already exists: Tying the Knot with an Amagami Sister
   📄 Year 2024 Page 3: 9 New, 8 Heal
[ImageService] Processing: https://s4.anilist.co/file/anilistcdn/media/anime/cover/large/bx139825-rFlrzdRZmlYK.jpg
[ImageService] Processing: https://s4.anilist.co/file/anilistcdn/media/anime/cover/large/bx174043-Hh9mvGibvoVb.jpg
[ImageService] Uploaded to: https://eivvjebsmxddrbbbnblr.supabase.co/storage/v1/object/public/covers/anime/GQpUoQNTVtyen2Gy9y-wJ.webp
[ImageService] Uploaded to: https://eivvjebsmxddrbbbnblr.supabase.co/storage/v1/object/public/covers/anime/xGWeLfPHDSYVzL-L_C5HT.webp
[ImageService] Processing: https://s4.anilist.co/file/anilistcdn/media/anime/cover/large/bx174653-OsnK4BuENjUT.jpg
[ImageService] Processing: https://s4.anilist.co/file/anilistcdn/media/anime/cover/large/bx163133-bdr9S2bdLoyj.jpg
[ImageService] Processing: https://s4.anilist.co/file/anilistcdn/media/anime/cover/large/bx164299-j4yHiK4j1ON7.jpg
[ImageService] Uploaded to: https://eivvjebsmxddrbbbnblr.supabase.co/storage/v1/object/public/covers/anime/dB7tsvMjC_IE0nJnZrFgC.webp
[ImageService] Uploaded to: https://eivvjebsmxddrbbbnblr.supabase.co/storage/v1/object/public/covers/anime/e2rkDNfri0vzPT1VeFl3P.webp
[ImageService] Uploaded to: https://eivvjebsmxddrbbbnblr.supabase.co/storage/v1/object/public/covers/anime/bUyC5J5cvSXVC5Kyg7z6P.webp
     ⏭️ Already exists: Senpai is an Otokonoko
     ⏭️ Already exists: Viral Hit
[ImageService] Processing: https://s4.anilist.co/file/anilistcdn/media/anime/cover/large/bx169927-3FwBuKn4x5LL.jpg
[ImageService] Processing: https://s4.anilist.co/file/anilistcdn/media/anime/cover/large/bx159039-88kPltmhTzqU.jpg
[ImageService] Uploaded to: https://eivvjebsmxddrbbbnblr.supabase.co/storage/v1/object/public/covers/anime/RS8HPLwzPZz4-XPl5vTCm.webp
[ImageService] Uploaded to: https://eivvjebsmxddrbbbnblr.supabase.co/storage/v1/object/public/covers/anime/tPr2teBuXHjiLtbaTb5i3.webp
     ⏭️ Already exists: Our Last Crusade or the Rise of a New World Season 2
[ImageService] Processing: https://s4.anilist.co/file/anilistcdn/media/anime/cover/large/bx166477-Q5jKn2WpDQ6z.jpg
     ⏭️ Already exists: The Healer Who Was Banished From His Party, Is, in Fact, the Strongest
[ImageService] Uploaded to: https://eivvjebsmxddrbbbnblr.supabase.co/storage/v1/object/public/covers/anime/efTz1jwntPVBPwVUByipq.webp
[ImageService] Processing: https://s4.anilist.co/file/anilistcdn/media/anime/cover/large/bx158166-TZxLtPvXEVUQ.jpg
[ImageService] Uploaded to: https://eivvjebsmxddrbbbnblr.supabase.co/storage/v1/object/public/covers/anime/vTgSkChlZve6CJTDiFQoF.webp
     ⏭️ Already exists: The Do-Over Damsel Conquers the Dragon Emperor
   ⚠️ Primary model refused "The Café Terrace and Its Goddesses Season 2". Switching to Grok...
     ⏭️ Already exists: Studio Apartment, Good Lighting, Angel Included
     ⏭️ Already exists: The Many Sides of Voice Actor Radio
     ⏭️ Already exists: The Colors Within
     ⏭️ Already exists: The Café Terrace and Its Goddesses Season 2
   📄 Year 2024 Page 4: 20 New, 0 Heal
[ImageService] Processing: https://s4.anilist.co/file/anilistcdn/media/anime/cover/large/bx172420-4LjhmwpNMHti.jpg
[ImageService] Processing: https://s4.anilist.co/file/anilistcdn/media/anime/cover/large/bx163077-PHiTdVlKzXAR.jpg
[ImageService] Processing: https://s4.anilist.co/file/anilistcdn/media/anime/cover/large/bx184694-EmVoCuV4uAGv.png
[ImageService] Processing: https://s4.anilist.co/file/anilistcdn/media/anime/cover/large/bx172355-D7J0LRyWZZhg.jpg
[ImageService] Processing: https://s4.anilist.co/file/anilistcdn/media/anime/cover/large/bx162785-kqAuHBdvX283.jpg
[ImageService] Uploaded to: https://eivvjebsmxddrbbbnblr.supabase.co/storage/v1/object/public/covers/anime/yVuEn6lIcqrF5y6Y9KBij.webp
[ImageService] Uploaded to: https://eivvjebsmxddrbbbnblr.supabase.co/storage/v1/object/public/covers/anime/56UlgIiPSungqHWy-9l-7.webp
[ImageService] Uploaded to: https://eivvjebsmxddrbbbnblr.supabase.co/storage/v1/object/public/covers/anime/FQWnBQlNwhQCW_xRw0kGP.webp
[ImageService] Uploaded to: https://eivvjebsmxddrbbbnblr.supabase.co/storage/v1/object/public/covers/anime/WxrG8JjXS80g4Rkq_C8Y2.webp
[ImageService] Uploaded to: https://eivvjebsmxddrbbbnblr.supabase.co/storage/v1/object/public/covers/anime/VDTuIPJQaeM90SkOU-0Vy.webp
     ⏭️ Already exists: Uma Musume: Pretty Derby - Shin Jidai no Tobira
[ImageService] Processing: https://s4.anilist.co/file/anilistcdn/media/anime/cover/medium/b171637-h17RbEFtR0rQ.png
[ImageService] Uploaded to: https://eivvjebsmxddrbbbnblr.supabase.co/storage/v1/object/public/covers/anime/aPzf2O2Fpu2prMaEPAo3q.webp
     ⏭️ Already exists: Ron Kamonohashi’s Forbidden Deductions Season 2
[ImageService] Processing: https://s4.anilist.co/file/anilistcdn/media/anime/cover/large/bx155645-KgJwUznVHfM2.jpg
     ⏭️ Already exists: Solo Leveling -ReAwakening-
[ImageService] Processing: https://s4.anilist.co/file/anilistcdn/media/anime/cover/large/bx170503-PCr24JL8F8f9.jpg
[ImageService] Uploaded to: https://eivvjebsmxddrbbbnblr.supabase.co/storage/v1/object/public/covers/anime/RCSKFXPeeKCo5d2D_PQ0D.webp
[ImageService] Uploaded to: https://eivvjebsmxddrbbbnblr.supabase.co/storage/v1/object/public/covers/anime/axAfsDMAIfSLksPQpwqZI.webp
     ⏭️ Already exists: TsumaSho
[ImageService] Processing: https://s4.anilist.co/file/anilistcdn/media/anime/cover/large/bx166700-znvKDTSCGl0n.jpg
[ImageService] Uploaded to: https://eivvjebsmxddrbbbnblr.supabase.co/storage/v1/object/public/covers/anime/jGdBmop_VjfFiFznD40bj.webp
     ⏭️ Already exists: Quality Assurance in Another World
[ImageService] Processing: https://s4.anilist.co/file/anilistcdn/media/anime/cover/large/bx167146-H6Kpldjzcxic.jpg
[ImageService] Uploaded to: https://eivvjebsmxddrbbbnblr.supabase.co/storage/v1/object/public/covers/anime/Y2Prbcy9YvdZQrk832D69.webp
     ⏭️ Already exists: Rurouni Kenshin -Kyoto Disturbance-
[ImageService] Processing: https://s4.anilist.co/file/anilistcdn/media/anime/cover/large/bx135643-wcXWT26p84R3.png
[ImageService] Uploaded to: https://eivvjebsmxddrbbbnblr.supabase.co/storage/v1/object/public/covers/anime/xg5A__dZIL_T_o8wtdRt9.webp
     ⏭️ Already exists: The Demon Prince of Momochi House
[ImageService] Processing: https://s4.anilist.co/file/anilistcdn/media/anime/cover/large/bx169698-pmIhuxlGufON.jpg
[ImageService] Uploaded to: https://eivvjebsmxddrbbbnblr.supabase.co/storage/v1/object/public/covers/anime/8v14CtRSy36Cyt-OcHfZ4.webp
     ⏭️ Already exists: Twilight Out of Focus
     ⏭️ Already exists: YATAGARASU: The Raven Does Not Choose Its Master
[ImageService] Processing: https://s4.anilist.co/file/anilistcdn/media/anime/cover/large/bx169315-NtbOlSyDtSCZ.png
[ImageService] Processing: https://s4.anilist.co/file/anilistcdn/media/anime/cover/large/bx171748-yigmfmsgq6SR.jpg
[ImageService] Uploaded to: https://eivvjebsmxddrbbbnblr.supabase.co/storage/v1/object/public/covers/anime/-OIjhl1E7uRigixzrSBbC.webp
[ImageService] Uploaded to: https://eivvjebsmxddrbbbnblr.supabase.co/storage/v1/object/public/covers/anime/NdpSc72THnb6qzvz0w7DA.webp
     ⏭️ Already exists: Urusei Yatsura (2022) Season 3
[ImageService] Processing: https://s4.anilist.co/file/anilistcdn/media/anime/cover/large/bx171291-A3DhF0cAJxDZ.jpg
[ImageService] Uploaded to: https://eivvjebsmxddrbbbnblr.supabase.co/storage/v1/object/public/covers/anime/JJmOJOFgl1Wf-Uvwjtuie.webp
     ⏭️ Already exists: Tadaima, Okaeri
[ImageService] Processing: https://s4.anilist.co/file/anilistcdn/media/anime/cover/large/bx176660-4sDfmx2fOZRJ.jpg
[ImageService] Uploaded to: https://eivvjebsmxddrbbbnblr.supabase.co/storage/v1/object/public/covers/anime/9WXBgIKMrNeqBRIymHCK7.webp
     ⏭️ Already exists: TRILLION GAME
[ImageService] Processing: https://s4.anilist.co/file/anilistcdn/media/anime/cover/large/bx107372-jRO0pY1kIRLl.jpg
[ImageService] Uploaded to: https://eivvjebsmxddrbbbnblr.supabase.co/storage/v1/object/public/covers/anime/rgMgwxDf4S2TMb4oauyKw.webp
     ⏭️ Already exists: SHY Season 2
[ImageService] Processing: https://s4.anilist.co/file/anilistcdn/media/anime/cover/medium/b147850-USIKDjVK7xTn.jpg
[ImageService] Uploaded to: https://eivvjebsmxddrbbbnblr.supabase.co/storage/v1/object/public/covers/anime/wK2TbCedkneALlC-zMA91.webp
     ⏭️ Already exists: The Grimm Variations
[ImageService] Processing: https://s4.anilist.co/file/anilistcdn/media/anime/cover/large/bx177814-Xr9F98LExkWd.jpg
[ImageService] Uploaded to: https://eivvjebsmxddrbbbnblr.supabase.co/storage/v1/object/public/covers/anime/Qp5oGnm0QvC_efZHmYRO4.webp
     ⏭️ Already exists: Trapezium
[ImageService] Processing: https://s4.anilist.co/file/anilistcdn/media/anime/cover/large/bx174070-mrec0spMuATz.jpg
[ImageService] Uploaded to: https://eivvjebsmxddrbbbnblr.supabase.co/storage/v1/object/public/covers/anime/1K6I807AVPt-bQdsh6y9I.webp
     ⏭️ Already exists: Sengoku Youko: The Thousandfold Chaos Arc
     ⏭️ Already exists: SHAMAN KING FLOWERS
     ⏭️ Already exists: TERMINATOR ZERO
     ⏭️ Already exists: The Stories of Girls Who Couldn't Be Magicians
     ⏭️ Already exists: Tasuketsu -Fate of the Majority-
   📄 Year 2024 Page 5: 9 New, 2 Heal
[ImageService] Processing: https://s4.anilist.co/file/anilistcdn/media/anime/cover/large/bx167984-vZELUFDNk0Ax.jpg
[ImageService] Processing: https://s4.anilist.co/file/anilistcdn/media/anime/cover/large/bx176299-9LocW6ylWFhm.jpg
[ImageService] Processing: https://s4.anilist.co/file/anilistcdn/media/anime/cover/large/bx171026-vGW0uvrXjrxn.jpg
[ImageService] Processing: https://s4.anilist.co/file/anilistcdn/media/anime/cover/large/bx146867-PZrxvW84s1n1.jpg
[ImageService] Processing: https://s4.anilist.co/file/anilistcdn/media/anime/cover/large/bx173263-c3geIX7XVEcH.jpg
[ImageService] Uploaded to: https://eivvjebsmxddrbbbnblr.supabase.co/storage/v1/object/public/covers/anime/MjZcjnl6Vdd1MAzYL5Lsl.webp
[ImageService] Uploaded to: https://eivvjebsmxddrbbbnblr.supabase.co/storage/v1/object/public/covers/anime/5fZ70go5864bkG44-9OGn.webp
[ImageService] Uploaded to: https://eivvjebsmxddrbbbnblr.supabase.co/storage/v1/object/public/covers/anime/gXaZBoeDOnTV_bxh91h6a.webp
[ImageService] Uploaded to: https://eivvjebsmxddrbbbnblr.supabase.co/storage/v1/object/public/covers/anime/yXzITrTd3lBDp9aiVpgEE.webp
[ImageService] Uploaded to: https://eivvjebsmxddrbbbnblr.supabase.co/storage/v1/object/public/covers/anime/HRPFSWOnc6rEkRGWwpmhQ.webp
     ⏭️ Already exists: Tonari no Yokai-san
[ImageService] Processing: https://s4.anilist.co/file/anilistcdn/media/anime/cover/large/bx173935-Co2AG8FvMo3f.jpg
[ImageService] Uploaded to: https://eivvjebsmxddrbbbnblr.supabase.co/storage/v1/object/public/covers/anime/SfqKNro0PIl4Y-rJTxK43.webp
     ⏭️ Already exists: Uma Musume: Pretty Derby - ROAD TO THE TOP Movie
     ⏭️ Already exists: Oomuro-ke: dear sisters
[ImageService] Processing: https://s4.anilist.co/file/anilistcdn/media/anime/cover/large/bx172395-TESU4M0kQ94c.jpg
[ImageService] Processing: https://s4.anilist.co/file/anilistcdn/media/anime/cover/large/bx150085-CBTMBvROhxmY.png
[ImageService] Uploaded to: https://eivvjebsmxddrbbbnblr.supabase.co/storage/v1/object/public/covers/anime/Vihp7QxycC_0PJ7E195Yp.webp
[ImageService] Uploaded to: https://eivvjebsmxddrbbbnblr.supabase.co/storage/v1/object/public/covers/anime/qK6sTSihRJ5ucgc8lpZ2q.webp
     ⏭️ Already exists: Tohai - Ura Rate Mahjong Tohai Roku
     ⏭️ Already exists: Ya Boy Kongming! Road to Summer Sonia
[ImageService] Processing: https://s4.anilist.co/file/anilistcdn/media/anime/cover/large/bx179126-FTUcfKaF1t7O.png
[ImageService] Uploaded to: https://eivvjebsmxddrbbbnblr.supabase.co/storage/v1/object/public/covers/anime/L5K1YY6L4Fz68vee9a6I9.webp
     ⏭️ Already exists: TOUKEN RANBU KAI KYODEN
     ⏭️ Already exists: Suu-funkan no Yell wo
     ⏭️ Already exists: Shinkalion: Change the World
     ⏭️ Already exists: Plus-Sized Elf Specials
   📄 Year 2024 Page 6: 12 New, 5 Heal
[ImageService] Processing: https://s4.anilist.co/file/anilistcdn/media/anime/cover/large/bx170593-B3ftC3rFmkwv.jpg
[ImageService] Processing: https://s4.anilist.co/file/anilistcdn/media/anime/cover/large/bx144779-WJ8aJbYk3o5t.png
[ImageService] Processing: https://s4.anilist.co/file/anilistcdn/media/anime/cover/large/bx178729-OD1xRCb2Z6NK.jpg
[ImageService] Processing: https://s4.anilist.co/file/anilistcdn/media/anime/cover/large/bx169403-5cgj0sZFRF1n.jpg
[ImageService] Uploaded to: https://eivvjebsmxddrbbbnblr.supabase.co/storage/v1/object/public/covers/anime/47lzMFMc0nS9-epmiNJvm.webp
[ImageService] Uploaded to: https://eivvjebsmxddrbbbnblr.supabase.co/storage/v1/object/public/covers/anime/yp2Ro8KksNRnQ1QfcJnc7.webp
[ImageService] Uploaded to: https://eivvjebsmxddrbbbnblr.supabase.co/storage/v1/object/public/covers/anime/sNQcnFrb8-Jb89FibfE72.webp
[ImageService] Uploaded to: https://eivvjebsmxddrbbbnblr.supabase.co/storage/v1/object/public/covers/anime/YiqLvpcM3HlEGxpqIThN1.webp
[ImageService] Processing: https://s4.anilist.co/file/anilistcdn/media/anime/cover/large/bx138522-2TpRW4cf9PYZ.jpg
[ImageService] Uploaded to: https://eivvjebsmxddrbbbnblr.supabase.co/storage/v1/object/public/covers/anime/FNsFANe3VxdeTDHZISZYu.webp
     ⏭️ Already exists: Thunderbolt Fantasy Sword Seekers 4
[ImageService] Processing: https://s4.anilist.co/file/anilistcdn/media/anime/cover/large/bx172187-jy46HFMns8SD.jpg
     ⏭️ Already exists: Tonbo! Season 2
[ImageService] Processing: https://s4.anilist.co/file/anilistcdn/media/anime/cover/medium/b174417-1anj9zfQWI9K.jpg
[ImageService] Uploaded to: https://eivvjebsmxddrbbbnblr.supabase.co/storage/v1/object/public/covers/anime/dRWoTSfxW53baqqXHCOFG.webp
[ImageService] Uploaded to: https://eivvjebsmxddrbbbnblr.supabase.co/storage/v1/object/public/covers/anime/ozpsUDW2px0EBPHB01LBh.webp
     ⏭️ Already exists: Wonderful Precure! The Movie! Dokidoki♡Game no Sekai de Daibouken!
[ImageService] Processing: https://s4.anilist.co/file/anilistcdn/media/anime/cover/large/bx176319-0OJr8H2XUls2.png
[ImageService] Uploaded to: https://eivvjebsmxddrbbbnblr.supabase.co/storage/v1/object/public/covers/anime/ajcK6QC7KXVCExE6jmRxG.webp
     ⏭️ Already exists: Shin Yaranai ka
[ImageService] Processing: https://s4.anilist.co/file/anilistcdn/media/anime/cover/large/bx168998-8IbwA7PFfgIt.jpg
[ImageService] Uploaded to: https://eivvjebsmxddrbbbnblr.supabase.co/storage/v1/object/public/covers/anime/_-cv0W8GoYy4Kjxmc8AZw.webp
     ⏭️ Already exists: Star Blazers: Space Battleship Yamato 3199
[ImageService] Processing: https://s4.anilist.co/file/anilistcdn/media/anime/cover/large/bx158988-e4Z8K2MyQCau.png
[ImageService] Uploaded to: https://eivvjebsmxddrbbbnblr.supabase.co/storage/v1/object/public/covers/anime/MPYDeCQhaBKM5055-Bgbx.webp
     ⏭️ Already exists: Yubisaki Petit
[ImageService] Processing: https://s4.anilist.co/file/anilistcdn/media/anime/cover/large/bx176909-ooklJqprdcau.jpg
     ⏭️ Already exists: Shadowverse Flame: Arc-hen
[ImageService] Uploaded to: https://eivvjebsmxddrbbbnblr.supabase.co/storage/v1/object/public/covers/anime/3pNxUIHRq4ZNh_ZEZH-E0.webp
[ImageService] Processing: https://s4.anilist.co/file/anilistcdn/media/anime/cover/medium/b177405-cARBRDcWDh5e.png
[ImageService] Uploaded to: https://eivvjebsmxddrbbbnblr.supabase.co/storage/v1/object/public/covers/anime/Nx7gt6vC0GIzW6QeJG7fv.webp
     ⏭️ Already exists: Zegapain STA
     ⏭️ Already exists: Strawberry Prince the Movie
     ⏭️ Already exists: Saint Seiya: Knights of the Zodiac - Battle for Sanctuary Part 2
     ⏭️ Already exists: Yozakura-san Chi no Mini Sakusen
     ⏭️ Already exists: Wan Wan Train Doko e Iku?
   📄 Year 2024 Page 7: 9 New, 12 Heal
[ImageService] Processing: https://s4.anilist.co/file/anilistcdn/media/anime/cover/large/bx177456-ieR3QOAISTSN.jpg
[ImageService] Processing: https://s4.anilist.co/file/anilistcdn/media/anime/cover/large/bx173534-k3Frh32dmGMe.png
[ImageService] Processing: https://s4.anilist.co/file/anilistcdn/media/anime/cover/large/bx182879-TjEWWmset1ZW.png
[ImageService] Uploaded to: https://eivvjebsmxddrbbbnblr.supabase.co/storage/v1/object/public/covers/anime/3W2PyJ1u-s5z4DDtuzhLQ.webp
[ImageService] Uploaded to: https://eivvjebsmxddrbbbnblr.supabase.co/storage/v1/object/public/covers/anime/n1ziObH9p7rSQNfK0QvjA.webp
[ImageService] Uploaded to: https://eivvjebsmxddrbbbnblr.supabase.co/storage/v1/object/public/covers/anime/sYjLuLorzm2gx9f-TbtYu.webp
[ImageService] Processing: https://s4.anilist.co/file/anilistcdn/media/anime/cover/large/bx172016-vQMRmP6YozQi.png
[ImageService] Uploaded to: https://eivvjebsmxddrbbbnblr.supabase.co/storage/v1/object/public/covers/anime/efn7v5c0Sg9INjaKeBQ6k.webp
[ImageService] Processing: https://s4.anilist.co/file/anilistcdn/media/anime/cover/large/bx172976-aVwpVKzEDr6G.png
[ImageService] Uploaded to: https://eivvjebsmxddrbbbnblr.supabase.co/storage/v1/object/public/covers/anime/qU4l3LhzK7tTThMxhCq1f.webp
     ⏭️ Already exists: Office Work
[ImageService] Processing: https://s4.anilist.co/file/anilistcdn/media/anime/cover/large/bx177231-uwhdlN6Z39Jk.jpg
[ImageService] Uploaded to: https://eivvjebsmxddrbbbnblr.supabase.co/storage/v1/object/public/covers/anime/8OH5NTB1WjxXGuqOfcFkS.webp
     ⏭️ Already exists: Shimajirou Miracle-jima no Nanairo Carnation
[ImageService] Processing: https://s4.anilist.co/file/anilistcdn/media/anime/cover/large/bx175047-0A6CqJGMvg2d.png
[ImageService] Uploaded to: https://eivvjebsmxddrbbbnblr.supabase.co/storage/v1/object/public/covers/anime/SzjKq-d-UW7LUIywzGGK9.webp
     ⏭️ Already exists: The IDOLM@STER Million Live!: The Backstage
     ⏭️ Already exists: Odekake Kozame × Chiba-ken Kuro Ajillo
[ImageService] Processing: https://s4.anilist.co/file/anilistcdn/media/anime/cover/large/bx193295-oaIFFx0Jtm5o.jpg
[ImageService] Processing: https://s4.anilist.co/file/anilistcdn/media/anime/cover/medium/b185644-yf2KLfIy3sgI.png
[ImageService] Uploaded to: https://eivvjebsmxddrbbbnblr.supabase.co/storage/v1/object/public/covers/anime/_F8Gnh-SgvEcMQ3qyHxRw.webp
[ImageService] Uploaded to: https://eivvjebsmxddrbbbnblr.supabase.co/storage/v1/object/public/covers/anime/ke7GoL0HBJwyqUhHZ2Y8C.webp
     ⏭️ Already exists: Oshiri Tantei: Saraba Itoshiki Oshiri yo
     ⏭️ Already exists: Okaimono Panda! (ONA)
     ⏭️ Already exists: Say You to Yo Asobi ANIMATION: Ikuda Momo! Sobii
     ⏭️ Already exists: Ponkotsu Quest: Maou to Haken no Mamono-tachi Season 8
     ⏭️ Already exists: Oshiri Tantei 8
   📄 Year 2024 Page 8: 0 New, 1 Heal

📅 Processing Year: 2023
   📄 Year 2023 Page 1: 22 New, 28 Heal
[ImageService] Processing: https://s4.anilist.co/file/anilistcdn/media/anime/cover/large/bx150672-WqmmwZ4nMzAy.png
[ImageService] Processing: https://s4.anilist.co/file/anilistcdn/media/anime/cover/large/bx161645-QLbzHXiYRgV2.jpg
[ImageService] Processing: https://s4.anilist.co/file/anilistcdn/media/anime/cover/large/bx136430-gsBsJjA7hGh9.jpg
[ImageService] Uploaded to: https://eivvjebsmxddrbbbnblr.supabase.co/storage/v1/object/public/covers/anime/7wFXUEbwiyY4cI4dypbc9.webp
[ImageService] Uploaded to: https://eivvjebsmxddrbbbnblr.supabase.co/storage/v1/object/public/covers/anime/hxkaYhLjZErNiRdvltRr3.webp
[ImageService] Uploaded to: https://eivvjebsmxddrbbbnblr.supabase.co/storage/v1/object/public/covers/anime/WkLX53HbhDmumV3AFvryQ.webp
[ImageService] Processing: https://s4.anilist.co/file/anilistcdn/media/anime/cover/large/bx159831-cJUNqCqzuApc.png
[ImageService] Processing: https://s4.anilist.co/file/anilistcdn/media/anime/cover/medium/b158927-lfO85WVguYgc.png
[ImageService] Uploaded to: https://eivvjebsmxddrbbbnblr.supabase.co/storage/v1/object/public/covers/anime/-lVEnlM8aR_dH-Jj6bJnf.webp
[ImageService] Uploaded to: https://eivvjebsmxddrbbbnblr.supabase.co/storage/v1/object/public/covers/anime/R4uI5vBdNc66gYxUIUQI7.webp
     ⏭️ Already exists: Vinland Saga Season 2
[ImageService] Processing: https://s4.anilist.co/file/anilistcdn/media/anime/cover/large/bx155783-YosKbsmZzuDE.jpg
     ⏭️ Already exists: Zom 100: Bucket List of the Dead
     ⏭️ Already exists: SPY x FAMILY Season 2
[ImageService] Uploaded to: https://eivvjebsmxddrbbbnblr.supabase.co/storage/v1/object/public/covers/anime/-K21TpyjZxEgFjzZnOtnM.webp
[ImageService] Processing: https://s4.anilist.co/file/anilistcdn/media/anime/cover/large/bx151970-xtIx3VqEk02X.jpg
[ImageService] Processing: https://s4.anilist.co/file/anilistcdn/media/anime/cover/large/bx161964-JpkEbHI8ivaP.jpg
     ⏭️ Already exists: The Apothecary Diaries
[ImageService] Uploaded to: https://eivvjebsmxddrbbbnblr.supabase.co/storage/v1/object/public/covers/anime/872bsgkWEM848poKhbba7.webp
[ImageService] Uploaded to: https://eivvjebsmxddrbbbnblr.supabase.co/storage/v1/object/public/covers/anime/zk2cGxsfaDqYNCatMF90Z.webp
[ImageService] Processing: https://s4.anilist.co/file/anilistcdn/media/anime/cover/large/bx151806-IAMi2ctI5xJI.jpg
     ⏭️ Already exists: Oshi No Ko
[ImageService] Uploaded to: https://eivvjebsmxddrbbbnblr.supabase.co/storage/v1/object/public/covers/anime/63bInfwxDGTH2UxRLAIRE.webp
[ImageService] Processing: https://s4.anilist.co/file/anilistcdn/media/anime/cover/large/bx143338-zhyDVYgEzsm5.png
[ImageService] Uploaded to: https://eivvjebsmxddrbbbnblr.supabase.co/storage/v1/object/public/covers/anime/ECcehWW7LPlmXDbbCbYQJ.webp
     ⏭️ Already exists: Tengoku Daimakyo
[ImageService] Processing: https://s4.anilist.co/file/anilistcdn/media/anime/cover/large/bx153152-Xnwmx7wuoIWV.jpg
     ⏭️ Already exists: Shangri-La Frontier
[ImageService] Uploaded to: https://eivvjebsmxddrbbbnblr.supabase.co/storage/v1/object/public/covers/anime/rkmFg-_W7bLvnod3ihOhN.webp
[ImageService] Processing: https://s4.anilist.co/file/anilistcdn/media/anime/cover/large/bx111322-2jQMDQva4YD7.png
[ImageService] Uploaded to: https://eivvjebsmxddrbbbnblr.supabase.co/storage/v1/object/public/covers/anime/avWhrmv3eifMkimcaSKVQ.webp
     ⏭️ Already exists: Tomo-chan Is a Girl!
[ImageService] Processing: https://s4.anilist.co/file/anilistcdn/media/anime/cover/large/bx142853-nxEZDE9oDRLG.png
[ImageService] Uploaded to: https://eivvjebsmxddrbbbnblr.supabase.co/storage/v1/object/public/covers/anime/eqIlcrD5JUZZTCTJ_c0Jz.webp
     ⏭️ Already exists: The Angel Next Door Spoils Me Rotten
     ⏭️ Already exists: The Eminence in Shadow Season 2
[ImageService] Processing: https://s4.anilist.co/file/anilistcdn/media/anime/cover/large/bx130588-zYz8Gp2kZfTm.jpg
[ImageService] Uploaded to: https://eivvjebsmxddrbbbnblr.supabase.co/storage/v1/object/public/covers/anime/PeYD-t04kieHqsE3WKDmF.webp
[ImageService] Processing: https://s4.anilist.co/file/anilistcdn/media/anime/cover/large/bx141911-o6Jwav7hRPPM.jpg
[ImageService] Uploaded to: https://eivvjebsmxddrbbbnblr.supabase.co/storage/v1/object/public/covers/anime/bd6wPFRO3EzaJ0WOyjUhZ.webp
     ⏭️ Already exists: The Dangers in My Heart
[ImageService] Processing: https://s4.anilist.co/file/anilistcdn/media/anime/cover/large/bx154116-3ydDI9hhvPgw.png
[ImageService] Uploaded to: https://eivvjebsmxddrbbbnblr.supabase.co/storage/v1/object/public/covers/anime/tzr3miucdZldcuwl6oVlP.webp
     ⏭️ Already exists: Tokyo Revengers Season 2
[ImageService] Processing: https://s4.anilist.co/file/anilistcdn/media/anime/cover/large/bx162694-QFBei5pbjSh8.png
     ⏭️ Already exists: The Rising of the Shield Hero Season 3
[ImageService] Uploaded to: https://eivvjebsmxddrbbbnblr.supabase.co/storage/v1/object/public/covers/anime/r_yxhSDmbLZhy4tBH8Hth.webp
     ⏭️ Already exists: The Misfit of Demon King Academy Ⅱ: History's Strongest Demon King Reincarnates and Goes to School with His Descendants
[ImageService] Processing: https://s4.anilist.co/file/anilistcdn/media/anime/cover/large/bx146493-bThyDJ4ZmbfV.jpg
[ImageService] Uploaded to: https://eivvjebsmxddrbbbnblr.supabase.co/storage/v1/object/public/covers/anime/zCSWB-ajhxHSH3r4mmjXa.webp
[ImageService] Processing: https://s4.anilist.co/file/anilistcdn/media/anime/cover/large/bx99088-LTJskMD1wbbQ.png
[ImageService] Uploaded to: https://eivvjebsmxddrbbbnblr.supabase.co/storage/v1/object/public/covers/anime/X-GRLwg2ypyg7M1XGgAvw.webp
     ⏭️ Already exists: Skip and Loafer
[ImageService] Processing: https://s4.anilist.co/file/anilistcdn/media/anime/cover/large/bx158928-xqE0euKlQMnY.jpg
[ImageService] Uploaded to: https://eivvjebsmxddrbbbnblr.supabase.co/storage/v1/object/public/covers/anime/l7wj4DRWbNk7dYazJ_xzT.webp
     ⏭️ Already exists: Undead Unluck
[ImageService] Processing: https://s4.anilist.co/file/anilistcdn/media/anime/cover/large/bx151252-ywrMmJG1Loc3.jpg
[ImageService] Uploaded to: https://eivvjebsmxddrbbbnblr.supabase.co/storage/v1/object/public/covers/anime/YqAY5I394v3QnHMlua8WD.webp
     ⏭️ Already exists: Ragna Crimson
     ⏭️ Already exists: The 100 Girlfriends Who Really, Really, Really, Really, REALLY Love You
[ImageService] Processing: https://s4.anilist.co/file/anilistcdn/media/anime/cover/large/bx144553-Q5M7iNLHMuCl.jpg
[ImageService] Uploaded to: https://eivvjebsmxddrbbbnblr.supabase.co/storage/v1/object/public/covers/anime/rMjDzpqtwFcc9BpvTK86P.webp
     ⏭️ Already exists: PLUTO
     ⏭️ Already exists: SPY x FAMILY CODE: White
     ⏭️ Already exists: The Ice Guy and His Cool Female Colleague
     ⏭️ Already exists: The Reincarnation of the Strongest Exorcist in Another World
   📄 Year 2023 Page 2: 17 New, 31 Heal
[ImageService] Processing: https://s4.anilist.co/file/anilistcdn/media/anime/cover/large/bx151040-9QXRpaprfNmL.png
[ImageService] Processing: https://s4.anilist.co/file/anilistcdn/media/anime/cover/large/bx153629-LNRlLFrbDTi8.jpg
[ImageService] Processing: https://s4.anilist.co/file/anilistcdn/media/anime/cover/large/bx141208-On0qHKxo6P5t.png
[ImageService] Processing: https://s4.anilist.co/file/anilistcdn/media/anime/cover/large/bx160188-4RvYLaru3vKj.jpg
[ImageService] Uploaded to: https://eivvjebsmxddrbbbnblr.supabase.co/storage/v1/object/public/covers/anime/vRsAJr6R3cghVNfGKZX7q.webp
[ImageService] Uploaded to: https://eivvjebsmxddrbbbnblr.supabase.co/storage/v1/object/public/covers/anime/w0yOas3HWyz_oWKR-fYer.webp
[ImageService] Uploaded to: https://eivvjebsmxddrbbbnblr.supabase.co/storage/v1/object/public/covers/anime/jpx6C3T34Y-L7FqpIkrh8.webp
[ImageService] Uploaded to: https://eivvjebsmxddrbbbnblr.supabase.co/storage/v1/object/public/covers/anime/9PQnbQyXxbwMgY-J_ihb8.webp
[ImageService] Processing: https://s4.anilist.co/file/anilistcdn/media/anime/cover/large/bx163329-lGJRnYV9dcjc.jpg
[ImageService] Uploaded to: https://eivvjebsmxddrbbbnblr.supabase.co/storage/v1/object/public/covers/anime/M8p_0m9Z-FIvM3-BIjzQT.webp
     ⏭️ Already exists: TRIGUN STAMPEDE
[ImageService] Processing: https://s4.anilist.co/file/anilistcdn/media/anime/cover/large/bx160900-GxVB6H5ewrqv.jpg
[ImageService] Uploaded to: https://eivvjebsmxddrbbbnblr.supabase.co/storage/v1/object/public/covers/anime/P1cVlFdfevnN3FCMGQPiJ.webp
     ⏭️ Already exists: TONIKAWA: Over The Moon For You Season 2
[ImageService] Processing: https://s4.anilist.co/file/anilistcdn/media/anime/cover/large/bx154967-W9cIm0qlz6fj.jpg
[ImageService] Uploaded to: https://eivvjebsmxddrbbbnblr.supabase.co/storage/v1/object/public/covers/anime/eMgtR3cxgpf_XVOSdHERI.webp
     ⏭️ Already exists: The Girl I Like Forgot Her Glasses
[ImageService] Processing: https://s4.anilist.co/file/anilistcdn/media/anime/cover/large/bx157397-L1ZUMTuxf8OK.jpg
[ImageService] Uploaded to: https://eivvjebsmxddrbbbnblr.supabase.co/storage/v1/object/public/covers/anime/_rUaRP6luoc-grQ9OFSDv.webp
     ⏭️ Already exists: Tokyo Revengers Season 2 Part 2
[ImageService] Processing: https://s4.anilist.co/file/anilistcdn/media/anime/cover/large/bx154459-foR6BMJayEbi.jpg
     ⏭️ Already exists: The Magical Revolution of the Reincarnated Princess and the Genius Young Lady
[ImageService] Uploaded to: https://eivvjebsmxddrbbbnblr.supabase.co/storage/v1/object/public/covers/anime/r83wY466_p3n_46DO5Eik.webp
[ImageService] Processing: https://s4.anilist.co/file/anilistcdn/media/anime/cover/large/bx153332-k3Jg04E9jNRo.png
[ImageService] Uploaded to: https://eivvjebsmxddrbbbnblr.supabase.co/storage/v1/object/public/covers/anime/1GMB3qgkqhwnDYQgJxJ2w.webp
     ⏭️ Already exists: The Kingdoms of Ruin
[ImageService] Processing: https://s4.anilist.co/file/anilistcdn/media/anime/cover/large/bx161474-ZDfmmlJQQngN.jpg
[ImageService] Uploaded to: https://eivvjebsmxddrbbbnblr.supabase.co/storage/v1/object/public/covers/anime/VSj3lgb2yLo96ZKjEN8bZ.webp
     ⏭️ Already exists: Rascal Does Not Dream of a Sister Venturing Out
[ImageService] Processing: https://s4.anilist.co/file/anilistcdn/media/anime/cover/large/bx148116-t6E73U8SJhYD.jpg
[ImageService] Uploaded to: https://eivvjebsmxddrbbbnblr.supabase.co/storage/v1/object/public/covers/anime/x6QCliYn0yWb0pwt88eWB.webp
     ⏭️ Already exists: The Dreaming Boy is a Realist
[ImageService] Processing: https://s4.anilist.co/file/anilistcdn/media/anime/cover/large/bx151847-OnTYbvb4y4mp.jpg
[ImageService] Uploaded to: https://eivvjebsmxddrbbbnblr.supabase.co/storage/v1/object/public/covers/anime/2BVdsj4tlk0xvm_g5oJ3S.webp
     ⏭️ Already exists: Our Dating Story: The Experienced You and The Inexperienced Me
     ⏭️ Already exists: The Aristocrat’s Otherworldly Adventure: Serving Gods Who Go Too Far
[ImageService] Processing: https://s4.anilist.co/file/anilistcdn/media/anime/cover/large/bx142193-3S6gtp7PHLNL.jpg
[ImageService] Processing: https://s4.anilist.co/file/anilistcdn/media/anime/cover/large/bx138056-r6wKvl71ddar.jpg
[ImageService] Uploaded to: https://eivvjebsmxddrbbbnblr.supabase.co/storage/v1/object/public/covers/anime/nvh-Ia48zN05C6UwzyKTq.webp
[ImageService] Uploaded to: https://eivvjebsmxddrbbbnblr.supabase.co/storage/v1/object/public/covers/anime/fPecSVBmkeHmXMwDK2xUC.webp
     ⏭️ Already exists: Rascal Does Not Dream of a Knapsack Kid
     ⏭️ Already exists: The Iceblade Sorcerer Shall Rule the World
[ImageService] Processing: https://s4.anilist.co/file/anilistcdn/media/anime/cover/large/bx155168-x7TUG4F0HnQy.jpg
[ImageService] Uploaded to: https://eivvjebsmxddrbbbnblr.supabase.co/storage/v1/object/public/covers/anime/4PXOeFuElTfLh-ZRoDNMq.webp
[ImageService] Processing: https://s4.anilist.co/file/anilistcdn/media/anime/cover/large/bx139821-RC4PW7KPY1DU.jpg
     ⏭️ Already exists: Why Raeliana Ended Up at the Duke’s Mansion
[ImageService] Uploaded to: https://eivvjebsmxddrbbbnblr.supabase.co/storage/v1/object/public/covers/anime/QYahqlVy6_Gb5pEEj0Cxk.webp
     ⏭️ Already exists: Reborn to Master the Blade: From Hero-King to Extraordinary Squire
     ⏭️ Already exists: Record of Ragnarok II
     ⏭️ Already exists: Sugar Apple Fairy Tale
     ⏭️ Already exists: The Devil is a Part-Timer! Season 2 Part 2
   📄 Year 2023 Page 3: 10 New, 15 Heal
[ImageService] Processing: https://s4.anilist.co/file/anilistcdn/media/anime/cover/large/bx155418-wLWulAHYVrE5.jpg
[ImageService] Processing: https://s4.anilist.co/file/anilistcdn/media/anime/cover/large/bx128643-ohNhGx7QDpdg.jpg
[ImageService] Uploaded to: https://eivvjebsmxddrbbbnblr.supabase.co/storage/v1/object/public/covers/anime/Uo-4cCqzDBlpNagikasVA.webp
[ImageService] Processing: https://s4.anilist.co/file/anilistcdn/media/anime/cover/large/bx160447-we52M5P85oaJ.png
[ImageService] Uploaded to: https://eivvjebsmxddrbbbnblr.supabase.co/storage/v1/object/public/covers/anime/CdAaPu9lF8uk6YyglImdM.webp
[ImageService] Uploaded to: https://eivvjebsmxddrbbbnblr.supabase.co/storage/v1/object/public/covers/anime/n96Db5nEBjSBQlHio4xIL.webp
[ImageService] Processing: https://s4.anilist.co/file/anilistcdn/media/anime/cover/large/bx149883-D2LSB7hm5bhv.png
[ImageService] Uploaded to: https://eivvjebsmxddrbbbnblr.supabase.co/storage/v1/object/public/covers/anime/jX6HKygnSAeCgIQd_ZeHi.webp
[ImageService] Processing: https://s4.anilist.co/file/anilistcdn/media/anime/cover/large/bx154982-7HV064pRbQdB.png
[ImageService] Uploaded to: https://eivvjebsmxddrbbbnblr.supabase.co/storage/v1/object/public/covers/anime/CQLrm5n_8CKvT7EiPZmDy.webp
     ⏭️ Already exists: The Great Cleric
[ImageService] Processing: https://s4.anilist.co/file/anilistcdn/media/anime/cover/large/bx170206-ZP4qAzx2I2oR.jpg
[ImageService] Uploaded to: https://eivvjebsmxddrbbbnblr.supabase.co/storage/v1/object/public/covers/anime/uXCDTTkymUp7McA6y7mzd.webp
     ⏭️ Already exists: The Way of the Househusband: Season 2
     ⏭️ Already exists: The Masterful Cat is Depressed Again Today
[ImageService] Processing: https://s4.anilist.co/file/anilistcdn/media/anime/cover/large/bx155389-qB3aiPB5IkAi.png
[ImageService] Processing: https://s4.anilist.co/file/anilistcdn/media/anime/cover/large/bx165356-JllyKMqTyVpe.png
[ImageService] Uploaded to: https://eivvjebsmxddrbbbnblr.supabase.co/storage/v1/object/public/covers/anime/HjdpKObPcvioCgolJb4S3.webp
[ImageService] Uploaded to: https://eivvjebsmxddrbbbnblr.supabase.co/storage/v1/object/public/covers/anime/-hfr_u8_3-4PmDuo4ki8I.webp
     ⏭️ Already exists: Yahari Ore no Seishun Love Come wa Machigatteiru. Kan: Dakara, Shishunki wa Owarazu ni, Seishun wa Tsuzuiteiku.
[ImageService] Processing: https://s4.anilist.co/file/anilistcdn/media/anime/cover/large/bx146206-76MkUJBXlq4v.jpg
[ImageService] Uploaded to: https://eivvjebsmxddrbbbnblr.supabase.co/storage/v1/object/public/covers/anime/DLqcPi1ZCA21W-mrGj-bZ.webp
     ⏭️ Already exists: TenPuru
[ImageService] Processing: https://s4.anilist.co/file/anilistcdn/media/anime/cover/large/bx128715-T4Tne2TcqfVx.jpg
[ImageService] Uploaded to: https://eivvjebsmxddrbbbnblr.supabase.co/storage/v1/object/public/covers/anime/53_FPUOrhtPKWhasAyg34.webp
     ⏭️ Already exists: Scott Pilgrim Takes Off
     ⏭️ Already exists: SHY
     ⏭️ Already exists: The Saint's Magic Power is Omnipotent II
     ⏭️ Already exists: Sacrificial Princess and the King of Beasts
     ⏭️ Already exists: Record of Ragnarok II Part 2
   📄 Year 2023 Page 4: 20 New, 0 Heal
[ImageService] Processing: https://s4.anilist.co/file/anilistcdn/media/anime/cover/large/bx149028-RrE2FX1FGIMv.png
[ImageService] Processing: https://s4.anilist.co/file/anilistcdn/media/anime/cover/large/bx155419-tPkRvXYb9ffC.png
[ImageService] Processing: https://s4.anilist.co/file/anilistcdn/media/anime/cover/large/bx146743-MQNPLbWH0mI9.jpg
[ImageService] Processing: https://s4.anilist.co/file/anilistcdn/media/anime/cover/large/bx156632-QnKMOaso3n2y.jpg
[ImageService] Processing: https://s4.anilist.co/file/anilistcdn/media/anime/cover/large/bx163079-DaSvbq0mdtVf.png
[ImageService] Uploaded to: https://eivvjebsmxddrbbbnblr.supabase.co/storage/v1/object/public/covers/anime/HzEr9zL2BDSddm5Oyz8l8.webp
[ImageService] Uploaded to: https://eivvjebsmxddrbbbnblr.supabase.co/storage/v1/object/public/covers/anime/sf5tkmqgO6SklY6KytHGv.webp
[ImageService] Uploaded to: https://eivvjebsmxddrbbbnblr.supabase.co/storage/v1/object/public/covers/anime/WqXKyKPV_kz9H9qEiMIR0.webp
[ImageService] Uploaded to: https://eivvjebsmxddrbbbnblr.supabase.co/storage/v1/object/public/covers/anime/88KR1kL3PW1uEmcK4xzkf.webp
[ImageService] Uploaded to: https://eivvjebsmxddrbbbnblr.supabase.co/storage/v1/object/public/covers/anime/4ylfs5P_UDRgBrBlSBDFS.webp
     ⏭️ Already exists: Yuri Is My Job!
     ⏭️ Already exists: Stardust Telepath
[ImageService] Processing: https://s4.anilist.co/file/anilistcdn/media/anime/cover/large/bx164312-3eLpxsRk5COE.jpg
     ⏭️ Already exists: Sasaki and Miyano: Graduation
[ImageService] Processing: https://s4.anilist.co/file/anilistcdn/media/anime/cover/large/bx158871-GBM9AMDfDRSu.jpg
[ImageService] Processing: https://s4.anilist.co/file/anilistcdn/media/anime/cover/large/bx148370-db0LjJfaOCg9.jpg
[ImageService] Uploaded to: https://eivvjebsmxddrbbbnblr.supabase.co/storage/v1/object/public/covers/anime/86ak4WkNClGILUYy4exYr.webp
[ImageService] Uploaded to: https://eivvjebsmxddrbbbnblr.supabase.co/storage/v1/object/public/covers/anime/eWRvFeHDVPoNRgxT1ys1j.webp
[ImageService] Uploaded to: https://eivvjebsmxddrbbbnblr.supabase.co/storage/v1/object/public/covers/anime/V28J7uYZl5ST55F0qrCld.webp
     ⏭️ Already exists: Umamusume: Pretty Derby Season 3
[ImageService] Processing: https://s4.anilist.co/file/anilistcdn/media/anime/cover/large/bx153687-xB2x4toOz5MB.jpg
[ImageService] Uploaded to: https://eivvjebsmxddrbbbnblr.supabase.co/storage/v1/object/public/covers/anime/tnJel31USlTuek_nJsBBw.webp
     ⏭️ Already exists: Sugar Apple Fairy Tale Season 2
[ImageService] Processing: https://s4.anilist.co/file/anilistcdn/media/anime/cover/large/bx160442-NxKnt9KyL1DG.png
[ImageService] Uploaded to: https://eivvjebsmxddrbbbnblr.supabase.co/storage/v1/object/public/covers/anime/0uylmfklCQQEaay2Ln0ts.webp
     ⏭️ Already exists: Pokémon Horizons: The Series
[ImageService] Processing: https://s4.anilist.co/file/anilistcdn/media/anime/cover/large/bx153841-SjRoSMof4nHS.png
     ⏭️ Already exists: The Yuzuki Family’s Four Sons
[ImageService] Processing: https://s4.anilist.co/file/anilistcdn/media/anime/cover/large/bx163542-p2TquRJYjPty.jpg
[ImageService] Uploaded to: https://eivvjebsmxddrbbbnblr.supabase.co/storage/v1/object/public/covers/anime/Td6IDDMaosjxmG7zP0n6H.webp
[ImageService] Uploaded to: https://eivvjebsmxddrbbbnblr.supabase.co/storage/v1/object/public/covers/anime/5uej6vujz94UI8fSOoSs7.webp
     ⏭️ Already exists: Rokudo's Bad Girls
[ImageService] Processing: https://s4.anilist.co/file/anilistcdn/media/anime/cover/large/bx151513-0tGiS0NC3adv.jpg
     ⏭️ Already exists: PSYCHO-PASS: Providence
[ImageService] Uploaded to: https://eivvjebsmxddrbbbnblr.supabase.co/storage/v1/object/public/covers/anime/GsSbwjDx48l7LhFJaMotP.webp
[ImageService] Processing: https://s4.anilist.co/file/anilistcdn/media/anime/cover/large/bx158530-CT38yZ23cabT.png
[ImageService] Uploaded to: https://eivvjebsmxddrbbbnblr.supabase.co/storage/v1/object/public/covers/anime/fvLofL9hjq-C1h6snnKYX.webp
     ⏭️ Already exists: Uma Musume: Pretty Derby - ROAD TO THE TOP
[ImageService] Processing: https://s4.anilist.co/file/anilistcdn/media/anime/cover/large/bx151679-aslz4Mr7FD8Q.jpg
[ImageService] Uploaded to: https://eivvjebsmxddrbbbnblr.supabase.co/storage/v1/object/public/covers/anime/8jwKi4weuk8lU9eV-FZAS.webp
     ⏭️ Already exists: Tsurune - The Linking Shot -
[ImageService] Processing: https://s4.anilist.co/file/anilistcdn/media/anime/cover/large/bx166896-I28S6PPq9etk.png
     ⏭️ Already exists: Spy Classroom Season 2
[ImageService] Processing: https://s4.anilist.co/file/anilistcdn/media/anime/cover/large/bx150077-L2XSxnoonCiq.jpg
[ImageService] Uploaded to: https://eivvjebsmxddrbbbnblr.supabase.co/storage/v1/object/public/covers/anime/WHD8iybt4GCYKSJBbAaH8.webp
[ImageService] Uploaded to: https://eivvjebsmxddrbbbnblr.supabase.co/storage/v1/object/public/covers/anime/AI_AAnkSGgm2tA-4uFqvV.webp
     ⏭️ Already exists: The Gene of AI
[ImageService] Processing: https://s4.anilist.co/file/anilistcdn/media/anime/cover/medium/b163137-KBXHcaCBf1ZF.png
[ImageService] Uploaded to: https://eivvjebsmxddrbbbnblr.supabase.co/storage/v1/object/public/covers/anime/P27AI9YZ2r9q5hCmGP-J4.webp
     ⏭️ Already exists: YOHANE THE PARHELION -SUNSHINE in the MIRROR-
[ImageService] Processing: https://s4.anilist.co/file/anilistcdn/media/anime/cover/large/bx161923-32ox0QEAWNuh.png
[ImageService] Uploaded to: https://eivvjebsmxddrbbbnblr.supabase.co/storage/v1/object/public/covers/anime/3oNZ4CEJxs0XYTcAdh2vu.webp
     ⏭️ Already exists: The tale of outcasts
[ImageService] Processing: https://s4.anilist.co/file/anilistcdn/media/anime/cover/large/bx142914-OJ9fd00cE6yk.jpg
[ImageService] Uploaded to: https://eivvjebsmxddrbbbnblr.supabase.co/storage/v1/object/public/covers/anime/T7ZkryuA12shc6gHuMOAp.webp
     ⏭️ Already exists: Paradox Live THE ANIMATION
     ⏭️ Already exists: Ōoku: The Inner Chambers
     ⏭️ Already exists: VINLAND SAGA SEASON 2: Drowning in the Shadow
     ⏭️ Already exists: Protocol: Rain
     ⏭️ Already exists: The Vampire Dies in No Time Season 2
   📄 Year 2023 Page 5: 13 New, 1 Heal
[ImageService] Processing: https://s4.anilist.co/file/anilistcdn/media/anime/cover/large/bx162147-90IXqW7pehgw.jpg
[ImageService] Processing: https://s4.anilist.co/file/anilistcdn/media/anime/cover/large/bx156854-rl5eXhCfWhYI.png
[ImageService] Processing: https://s4.anilist.co/file/anilistcdn/media/anime/cover/large/bx164226-ijzVauNA4AsN.png
[ImageService] Processing: https://s4.anilist.co/file/anilistcdn/media/anime/cover/large/bx165056-5TTlTYhr77wj.jpg
[ImageService] Uploaded to: https://eivvjebsmxddrbbbnblr.supabase.co/storage/v1/object/public/covers/anime/LAwwfKOuos-Uvf5-O2SIN.webp
[ImageService] Processing: https://s4.anilist.co/file/anilistcdn/media/anime/cover/large/bx157765-eHNYfzjXfJiG.png
[ImageService] Uploaded to: https://eivvjebsmxddrbbbnblr.supabase.co/storage/v1/object/public/covers/anime/A8eLsZTUInm4K0olxDaPA.webp
[ImageService] Uploaded to: https://eivvjebsmxddrbbbnblr.supabase.co/storage/v1/object/public/covers/anime/QtZ-9i2fNkxreMklL6VTH.webp
[ImageService] Uploaded to: https://eivvjebsmxddrbbbnblr.supabase.co/storage/v1/object/public/covers/anime/9K2injdZijMQpACbsfxMs.webp
[ImageService] Uploaded to: https://eivvjebsmxddrbbbnblr.supabase.co/storage/v1/object/public/covers/anime/6rc2Rvmdi4_UtAnCcm2dh.webp
     ⏭️ Already exists: Pokémon Concierge
     ⏭️ Already exists: Stella of the Theater: World Dai Star
[ImageService] Processing: https://s4.anilist.co/file/anilistcdn/media/anime/cover/large/bx148149-BevkRzKDtNIx.png
[ImageService] Processing: https://s4.anilist.co/file/anilistcdn/media/anime/cover/large/bx155015-YJkkmMgJesxE.jpg
     ⏭️ Already exists: VINLAND SAGA SEASON 2: Same old story
[ImageService] Uploaded to: https://eivvjebsmxddrbbbnblr.supabase.co/storage/v1/object/public/covers/anime/dAtkye_U9kBXFgm5Rgn5G.webp
[ImageService] Processing: https://s4.anilist.co/file/anilistcdn/media/anime/cover/large/bx154876-x0RnLCgJ4mcy.jpg
     ⏭️ Already exists: The Concierge
[ImageService] Processing: https://s4.anilist.co/file/anilistcdn/media/anime/cover/large/bx120755-GNWdZXkBtNlw.jpg
[ImageService] Uploaded to: https://eivvjebsmxddrbbbnblr.supabase.co/storage/v1/object/public/covers/anime/YFgXq6lmLHSJNMnJbip5a.webp
[ImageService] Uploaded to: https://eivvjebsmxddrbbbnblr.supabase.co/storage/v1/object/public/covers/anime/3RtpIlo-D3YMwMYezanEp.webp
[ImageService] Uploaded to: https://eivvjebsmxddrbbbnblr.supabase.co/storage/v1/object/public/covers/anime/TE0msrT7HZhSsSMjV2grX.webp
     ⏭️ Already exists: THE MARGINAL SERVICE
[ImageService] Processing: https://s4.anilist.co/file/anilistcdn/media/anime/cover/large/bx155068-AC7dnl313hfy.jpg
[ImageService] Uploaded to: https://eivvjebsmxddrbbbnblr.supabase.co/storage/v1/object/public/covers/anime/S-VCXbZ4DbYhI2oKcb9aV.webp
     ⏭️ Already exists: TOKYO MEW MEW NEW Season 2
[ImageService] Processing: https://s4.anilist.co/file/anilistcdn/media/anime/cover/large/bx168092-PS3WhYgF42p0.png
     ⏭️ Already exists: Pretty Guardian Sailor Moon Cosmos The Movie: Part 1
[ImageService] Uploaded to: https://eivvjebsmxddrbbbnblr.supabase.co/storage/v1/object/public/covers/anime/pXPU6dWi1I5JsaEdLeyCk.webp
[ImageService] Processing: https://s4.anilist.co/file/anilistcdn/media/anime/cover/large/bx160850-DuQm6kqO89Lj.jpg
     ⏭️ Already exists: Sorcerous Stabber Orphen: Chaos in Urbanrama
[ImageService] Uploaded to: https://eivvjebsmxddrbbbnblr.supabase.co/storage/v1/object/public/covers/anime/Y1F3hcB86kNuMSoKtBxmw.webp
[ImageService] Processing: https://s4.anilist.co/file/anilistcdn/media/anime/cover/large/bx162720-bVrHEs2nUlBo.jpg
[ImageService] Uploaded to: https://eivvjebsmxddrbbbnblr.supabase.co/storage/v1/object/public/covers/anime/oIZQAGn5AjT9TQ0amay0V.webp
     ⏭️ Already exists: THE IDOLM@STER Million Live!
     ⏭️ Already exists: Onimusha
     ⏭️ Already exists: Pokémon: Paldean Winds
     ⏭️ Already exists: Pretty Guardian Sailor Moon Cosmos The Movie: Part 2
     ⏭️ Already exists: Power of Hope ~Precure Full Bloom~
   📄 Year 2023 Page 6: 8 New, 4 Heal
[ImageService] Processing: https://s4.anilist.co/file/anilistcdn/media/anime/cover/large/bx158990-j7GXHDjIRcdm.jpg
[ImageService] Processing: https://s4.anilist.co/file/anilistcdn/media/anime/cover/large/bx170620-NVOVCrK0Y1XX.jpg
[ImageService] Processing: https://s4.anilist.co/file/anilistcdn/media/anime/cover/large/bx140173-lQdG4Ci8aC9G.jpg
[ImageService] Processing: https://s4.anilist.co/file/anilistcdn/media/anime/cover/large/bx163417-jreD0IMipR6K.jpg
[ImageService] Processing: https://s4.anilist.co/file/anilistcdn/media/anime/cover/large/bx159429-qxuWHkvSyTHz.jpg
[ImageService] Uploaded to: https://eivvjebsmxddrbbbnblr.supabase.co/storage/v1/object/public/covers/anime/I9FmvyU7OU9Q9XG9zixiL.webp
[ImageService] Uploaded to: https://eivvjebsmxddrbbbnblr.supabase.co/storage/v1/object/public/covers/anime/NlnSNdIbUF5C1nGsvoy59.webp
[ImageService] Uploaded to: https://eivvjebsmxddrbbbnblr.supabase.co/storage/v1/object/public/covers/anime/IhwDaKHdXtlXjIeGKUixY.webp
[ImageService] Uploaded to: https://eivvjebsmxddrbbbnblr.supabase.co/storage/v1/object/public/covers/anime/7BFwa2aw4TWc3hzkYUwWz.webp
[ImageService] Uploaded to: https://eivvjebsmxddrbbbnblr.supabase.co/storage/v1/object/public/covers/anime/CX8EjjSI0YCtuI_ew3CsX.webp
     ⏭️ Already exists: Rakudai Majo: Fuuka to Yami no Majo
     ⏭️ Already exists: Ple Ple Pleiades × Kage-Jitsu!
     ⏭️ Already exists: Precure All Stars F
[ImageService] Processing: https://s4.anilist.co/file/anilistcdn/media/anime/cover/large/bx166532-MmwtZQJ7Q2hf.jpg
[ImageService] Processing: https://s4.anilist.co/file/anilistcdn/media/anime/cover/large/bx147729-ghnAAvRLrxXm.jpg
[ImageService] Processing: https://s4.anilist.co/file/anilistcdn/media/anime/cover/large/bx169750-x2ti7XEH5Ij5.jpg
[ImageService] Uploaded to: https://eivvjebsmxddrbbbnblr.supabase.co/storage/v1/object/public/covers/anime/3n5Mnve5pTYxpcRVGObq9.webp
[ImageService] Uploaded to: https://eivvjebsmxddrbbbnblr.supabase.co/storage/v1/object/public/covers/anime/5S_OQdj-bvdkOQJH7qH65.webp
[ImageService] Uploaded to: https://eivvjebsmxddrbbbnblr.supabase.co/storage/v1/object/public/covers/anime/BmXhsSnbvjHvSvzcn4XLq.webp
     ⏭️ Already exists: Sorcerous Stabber Orphen: Doom of Dragon's Sanctuary
     ⏭️ Already exists: SSSS.GRIDMAN Movie
     ⏭️ Already exists: ULTRAMAN: The Final Season
     ⏭️ Already exists: THE iDOLM@STER Cinderella Girls: U149 OVA
     ⏭️ Already exists: Shangri-La Frontier Mini Anime
   📄 Year 2023 Page 7: 4 New, 12 Heal
[ImageService] Processing: https://s4.anilist.co/file/anilistcdn/media/anime/cover/large/bx133892-7r0edAQNQRag.png
[ImageService] Processing: https://s4.anilist.co/file/anilistcdn/media/anime/cover/large/bx158983-NCAgp5aVSmVv.jpg
[ImageService] Processing: https://s4.anilist.co/file/anilistcdn/media/anime/cover/large/bx154789-qnBmXGakzELs.jpg
[ImageService] Uploaded to: https://eivvjebsmxddrbbbnblr.supabase.co/storage/v1/object/public/covers/anime/WiTI3jInREtLjxFKxEgPW.webp
[ImageService] Uploaded to: https://eivvjebsmxddrbbbnblr.supabase.co/storage/v1/object/public/covers/anime/Fy2rBLQgKHYZQQNqLUc73.webp
[ImageService] Uploaded to: https://eivvjebsmxddrbbbnblr.supabase.co/storage/v1/object/public/covers/anime/H-pzHpxnu4TVCiU_TRFc1.webp
[ImageService] Processing: https://s4.anilist.co/file/anilistcdn/media/anime/cover/medium/b166988-Z2Lty0yFizhd.jpg
[ImageService] Uploaded to: https://eivvjebsmxddrbbbnblr.supabase.co/storage/v1/object/public/covers/anime/VGYAGL7WflQF3uTJrtAtI.webp
     ⏭️ Already exists: Okashi na Tensei Mini Anime
     ⏭️ Already exists: Youjo Shachou R
     ⏭️ Already exists: Slimetachi no Idobata Kaigi 2
     ⏭️ Already exists: Stand My Heroes: Warmth of Memories
   📄 Year 2023 Page 8: 17 New, 9 Heal
[ImageService] Processing: https://s4.anilist.co/file/anilistcdn/media/anime/cover/large/bx162285-udmaoSZdrZBL.png
[ImageService] Processing: https://s4.anilist.co/file/anilistcdn/media/anime/cover/large/bx169363-uEf6Z8IMvtkZ.jpg
[ImageService] Processing: https://s4.anilist.co/file/anilistcdn/media/anime/cover/large/bx170507-AuIiKhqgp41V.jpg
[ImageService] Processing: https://s4.anilist.co/file/anilistcdn/media/anime/cover/large/bx169296-Hct1En4Zautm.jpg
[ImageService] Uploaded to: https://eivvjebsmxddrbbbnblr.supabase.co/storage/v1/object/public/covers/anime/C8SPiQJqvkTbgT2ZQjc8k.webp
[ImageService] Processing: https://s4.anilist.co/file/anilistcdn/media/anime/cover/medium/b170497-aIwCSQZJDAMC.png
[ImageService] Uploaded to: https://eivvjebsmxddrbbbnblr.supabase.co/storage/v1/object/public/covers/anime/7d8hGJ3jLczmsQ6jFFqfS.webp
[ImageService] Uploaded to: https://eivvjebsmxddrbbbnblr.supabase.co/storage/v1/object/public/covers/anime/CtCiIW2SVaQ_IuAXs3iJL.webp
[ImageService] Uploaded to: https://eivvjebsmxddrbbbnblr.supabase.co/storage/v1/object/public/covers/anime/y05jSMo4toPOUJWpRpRkx.webp
[ImageService] Uploaded to: https://eivvjebsmxddrbbbnblr.supabase.co/storage/v1/object/public/covers/anime/jJ4ICCvbToUlbbWsL4pjH.webp
     ⏭️ Already exists: Overtake! Extra
[ImageService] Processing: https://s4.anilist.co/file/anilistcdn/media/anime/cover/medium/default.jpg
[ImageService] Uploaded to: https://eivvjebsmxddrbbbnblr.supabase.co/storage/v1/object/public/covers/anime/S5-Ei2wiLf04hSAVkTRkv.webp
     ⏭️ Already exists: Sumikkogurashi: The Patched-Up Factory in the Woods
     ⏭️ Already exists: Solved with a Bang! Koyori-chan
[ImageService] Processing: https://s4.anilist.co/file/anilistcdn/media/anime/cover/large/bx169910-EyLsPHX1MyKA.jpg
[ImageService] Processing: https://s4.anilist.co/file/anilistcdn/media/anime/cover/large/bx171601-ldPbycqHkSld.png
[ImageService] Uploaded to: https://eivvjebsmxddrbbbnblr.supabase.co/storage/v1/object/public/covers/anime/3WHSuTPLt8ZVB7v2YVAst.webp
[ImageService] Uploaded to: https://eivvjebsmxddrbbbnblr.supabase.co/storage/v1/object/public/covers/anime/4BC6iNMht3tAwlaMCigCb.webp
     ⏭️ Already exists: Tsunlise Mini
     ⏭️ Already exists: SYNDUALITY: Kagaku Kouza
[ImageService] Processing: https://s4.anilist.co/file/anilistcdn/media/anime/cover/medium/b176881-f6xuK0vCpDqq.jpg
[ImageService] Processing: https://s4.anilist.co/file/anilistcdn/media/anime/cover/large/bx166052-FhQTdlbRoHe3.png
[ImageService] Uploaded to: https://eivvjebsmxddrbbbnblr.supabase.co/storage/v1/object/public/covers/anime/dkmSA56bEzXxGUf_REUCU.webp
[ImageService] Uploaded to: https://eivvjebsmxddrbbbnblr.supabase.co/storage/v1/object/public/covers/anime/_6aMxVTLcslw4ZvrsUalc.webp
     ⏭️ Already exists: Tearmoon Teikoku Monogatari: Dantoudai kara Hajimaru, Hime no Tensei Gyakuten Story Mini Anime
[ImageService] Processing: https://s4.anilist.co/file/anilistcdn/media/anime/cover/medium/b179872-qemeCh6GCsHX.png
[ImageService] Uploaded to: https://eivvjebsmxddrbbbnblr.supabase.co/storage/v1/object/public/covers/anime/8jPagwml-buVe2QAn8wc4.webp
     ⏭️ Already exists: Sakigake!! Reiwa no Otokojuku
[ImageService] Processing: https://s4.anilist.co/file/anilistcdn/media/anime/cover/medium/b175152-YXxZfWW0PmBk.jpg
     ⏭️ Already exists: Yowai 5000-nen no Soushoku Dragon, Iwarenaki Jaryuu Nintei: Chokotto
[ImageService] Uploaded to: https://eivvjebsmxddrbbbnblr.supabase.co/storage/v1/object/public/covers/anime/inKqyk7W1oILZXGL883pX.webp
[ImageService] Processing: https://s4.anilist.co/file/anilistcdn/media/anime/cover/large/bx171728-Ug1pttn25nvv.png
[ImageService] Uploaded to: https://eivvjebsmxddrbbbnblr.supabase.co/storage/v1/object/public/covers/anime/JjJo3U59lZRZc04UGm3uF.webp
     ⏭️ Already exists: Otaku-chans
[ImageService] Processing: https://s4.anilist.co/file/anilistcdn/media/anime/cover/medium/b169379-DGxaS8pTNORT.jpg
[ImageService] Uploaded to: https://eivvjebsmxddrbbbnblr.supabase.co/storage/v1/object/public/covers/anime/f_f7Vli2dakXCefOEa4Qx.webp
     ⏭️ Already exists: Tsuru ga Mau Yoru ni
[ImageService] Processing: https://s4.anilist.co/file/anilistcdn/media/anime/cover/medium/b183475-9gf5npH7lgcz.png
[ImageService] Uploaded to: https://eivvjebsmxddrbbbnblr.supabase.co/storage/v1/object/public/covers/anime/GvIfgLxiNjWZcsWhIajlQ.webp
     ⏭️ Already exists: Untarou's Journey
[ImageService] Processing: https://s4.anilist.co/file/anilistcdn/media/anime/cover/large/bx183472-C26kyIjcMOFJ.png
     ⏭️ Already exists: Oshiri Tantei 7 Part 2
     ⏭️ Already exists: Yudatte Saikоu! Revice Anime Yukemuri Paradise A Go! Go!
[ImageService] Uploaded to: https://eivvjebsmxddrbbbnblr.supabase.co/storage/v1/object/public/covers/anime/OIni46ONJraLVVvFOqWfc.webp
[ImageService] Processing: https://s4.anilist.co/file/anilistcdn/media/anime/cover/large/bx184761-B6OPUBre0S61.png
[ImageService] Uploaded to: https://eivvjebsmxddrbbbnblr.supabase.co/storage/v1/object/public/covers/anime/fK0LwNyqHrfxWxhxb3ML9.webp
     ⏭️ Already exists: Sore Ike! Anpanman: Roboly to Pokapoka Present
     ⏭️ Already exists: Yankee Hamster Season 4
     ⏭️ Already exists: Ryan's World Island Adventures
     ⏭️ Already exists: Nui Story

📅 Processing Year: 2022
   📄 Year 2022 Page 1: 23 New, 22 Heal
[ImageService] Processing: https://s4.anilist.co/file/anilistcdn/media/anime/cover/large/bx140960-Kb6R5nYQfjmP.jpg
[ImageService] Processing: https://s4.anilist.co/file/anilistcdn/media/anime/cover/large/bx142838-26JrqcFU1ljB.jpg
[ImageService] Uploaded to: https://eivvjebsmxddrbbbnblr.supabase.co/storage/v1/object/public/covers/anime/UnyqYcTaqoPDMWAp_qj51.webp
[ImageService] Uploaded to: https://eivvjebsmxddrbbbnblr.supabase.co/storage/v1/object/public/covers/anime/4sWDmB11bm4UT4UKmZ3YF.webp
[ImageService] Processing: https://s4.anilist.co/file/anilistcdn/media/anime/cover/large/bx130298-YMdcKHytpWNH.jpg
[ImageService] Uploaded to: https://eivvjebsmxddrbbbnblr.supabase.co/storage/v1/object/public/covers/anime/VAQJJ3XQwa85Wh5fwfDvH.webp
[ImageService] Processing: https://s4.anilist.co/file/anilistcdn/media/anime/cover/large/bx111321-dIr3dEKOIPer.png
[ImageService] Processing: https://s4.anilist.co/file/anilistcdn/media/anime/cover/large/bx129201-HJBauga2be8I.png
[ImageService] Uploaded to: https://eivvjebsmxddrbbbnblr.supabase.co/storage/v1/object/public/covers/anime/NvxR3EEFOWyyWqWfYgq6I.webp
[ImageService] Uploaded to: https://eivvjebsmxddrbbbnblr.supabase.co/storage/v1/object/public/covers/anime/rZ4A8Lm1iN-xfb_rhzskM.webp
     ⏭️ Already exists: SPY x FAMILY
[ImageService] Processing: https://s4.anilist.co/file/anilistcdn/media/anime/cover/large/bx127911-qfJDzUt0qCna.jpg
     ⏭️ Already exists: Summer Time Rendering
[ImageService] Uploaded to: https://eivvjebsmxddrbbbnblr.supabase.co/storage/v1/object/public/covers/anime/F5TXeae3AK4UMiMm-E8OG.webp
     ⏭️ Already exists: The Eminence in Shadow
[ImageService] Processing: https://s4.anilist.co/file/anilistcdn/media/anime/cover/large/bx133844-E32FjKZ0XxEs.jpg
[ImageService] Processing: https://s4.anilist.co/file/anilistcdn/media/anime/cover/large/bx142770-dDaDIRnsv5jN.jpg
[ImageService] Uploaded to: https://eivvjebsmxddrbbbnblr.supabase.co/storage/v1/object/public/covers/anime/yBUKgmOg7E8_ObYrpmmL0.webp
     ⏭️ Already exists: SPY x FAMILY Cour 2
[ImageService] Uploaded to: https://eivvjebsmxddrbbbnblr.supabase.co/storage/v1/object/public/covers/anime/AwncN1hJtGBWl2vMrzQEO.webp
[ImageService] Processing: https://s4.anilist.co/file/anilistcdn/media/anime/cover/large/bx130592-LAUlhx15mxQu.jpg
[ImageService] Uploaded to: https://eivvjebsmxddrbbbnblr.supabase.co/storage/v1/object/public/covers/anime/T_hDW2HuJF6k5biz2CwYi.webp
     ⏭️ Already exists: The Rising of the Shield Hero Season 2
[ImageService] Processing: https://s4.anilist.co/file/anilistcdn/media/anime/cover/large/bx124410-iScdHzzEqdmk.png
[ImageService] Uploaded to: https://eivvjebsmxddrbbbnblr.supabase.co/storage/v1/object/public/covers/anime/C9Ro0ALLGzvl5WWOgt8-9.webp
     ⏭️ Already exists: Overlord IV
[ImageService] Processing: https://s4.anilist.co/file/anilistcdn/media/anime/cover/large/bx135806-uhqZSNTYZe04.jpg
[ImageService] Uploaded to: https://eivvjebsmxddrbbbnblr.supabase.co/storage/v1/object/public/covers/anime/YenI52SZQPCUeOyBaJWFS.webp
     ⏭️ Already exists: Shikimori's Not Just a Cutie
     ⏭️ Already exists: The Devil is a Part-Timer! Season 2
[ImageService] Processing: https://s4.anilist.co/file/anilistcdn/media/anime/cover/large/bx141774-iteNFzPq2oGw.jpg
[ImageService] Processing: https://s4.anilist.co/file/anilistcdn/media/anime/cover/large/bx142074-pHe4bX791PJh.jpg
[ImageService] Uploaded to: https://eivvjebsmxddrbbbnblr.supabase.co/storage/v1/object/public/covers/anime/PXPWXQj8PGPyuJ5NwE5wy.webp
[ImageService] Uploaded to: https://eivvjebsmxddrbbbnblr.supabase.co/storage/v1/object/public/covers/anime/cqtQqT08Jp9MUAJV-gXdm.webp
     ⏭️ Already exists: Suzume
[ImageService] Processing: https://s4.anilist.co/file/anilistcdn/media/anime/cover/large/bx131520-89Qfo8JnGHI3.png
[ImageService] Uploaded to: https://eivvjebsmxddrbbbnblr.supabase.co/storage/v1/object/public/covers/anime/9Lka8x6LvLiap1mHG8s7A.webp
     ⏭️ Already exists: Rent-a-Girlfriend Season 2
[ImageService] Processing: https://s4.anilist.co/file/anilistcdn/media/anime/cover/large/bx129190-UnaPbNhTCTOR.jpg
[ImageService] Uploaded to: https://eivvjebsmxddrbbbnblr.supabase.co/storage/v1/object/public/covers/anime/TehlsqtZ9VOF6-25rPoTh.webp
     ⏭️ Already exists: Uncle from Another World
[ImageService] Processing: https://s4.anilist.co/file/anilistcdn/media/anime/cover/large/bx132474-J2ECHSPkfb9g.jpg
[ImageService] Uploaded to: https://eivvjebsmxddrbbbnblr.supabase.co/storage/v1/object/public/covers/anime/4t4jPNj0KxAu3DZKUzNVi.webp
     ⏭️ Already exists: Trapped in a Dating Sim: The World of Otome Games Is Tough for Mobs
[ImageService] Processing: https://s4.anilist.co/file/anilistcdn/media/anime/cover/large/bx130586-vzoz4X37RZwc.jpg
[ImageService] Uploaded to: https://eivvjebsmxddrbbbnblr.supabase.co/storage/v1/object/public/covers/anime/6EKv4P8VWIgG04d-i-6v4.webp
     ⏭️ Already exists: The Quintessential Quintuplets Movie
[ImageService] Processing: https://s4.anilist.co/file/anilistcdn/media/anime/cover/large/bx138565-JzvDqH84ILzi.png
[ImageService] Uploaded to: https://eivvjebsmxddrbbbnblr.supabase.co/storage/v1/object/public/covers/anime/6KxCtquQbhAaGR3aYVrdi.webp
     ⏭️ Already exists: Ya Boy Kongming!
[ImageService] Processing: https://s4.anilist.co/file/anilistcdn/media/anime/cover/large/bx146210-ZnIithxFLLHn.jpg
[ImageService] Uploaded to: https://eivvjebsmxddrbbbnblr.supabase.co/storage/v1/object/public/covers/anime/qirF4_C6ed0uxD4-cXJU1.webp
     ⏭️ Already exists: The Genius Prince's Guide to Raising a Nation Out of Debt
[ImageService] Processing: https://s4.anilist.co/file/anilistcdn/media/anime/cover/large/bx135136-wVMApb1FEmkz.jpg
[ImageService] Uploaded to: https://eivvjebsmxddrbbbnblr.supabase.co/storage/v1/object/public/covers/anime/xzqXh9MmULssU-Hoc07UZ.webp
     ⏭️ Already exists: Skeleton Knight in Another World
[ImageService] Processing: https://s4.anilist.co/file/anilistcdn/media/anime/cover/large/bx153930-uTRxaIcNa26E.jpg
[ImageService] Uploaded to: https://eivvjebsmxddrbbbnblr.supabase.co/storage/v1/object/public/covers/anime/ULinakYRZvJk5b_y10_nB.webp
     ⏭️ Already exists: The Greatest Demon Lord Is Reborn as a Typical Nobody
[ImageService] Processing: https://s4.anilist.co/file/anilistcdn/media/anime/cover/large/bx139498-DdVASeAj7ag4.jpg
[ImageService] Uploaded to: https://eivvjebsmxddrbbbnblr.supabase.co/storage/v1/object/public/covers/anime/EFrSCdSHqWgUu-vBU0QeH.webp
     ⏭️ Already exists: Vermeil in Gold
[ImageService] Processing: https://s4.anilist.co/file/anilistcdn/media/anime/cover/large/bx142769-kNyyqpwC9gGV.jpg
[ImageService] Uploaded to: https://eivvjebsmxddrbbbnblr.supabase.co/storage/v1/object/public/covers/anime/3KkTTkEzqXk6Xi_SqSl8s.webp
     ⏭️ Already exists: To Your Eternity Season 2
     ⏭️ Already exists: The Case Study of Vanitas Part 2
     ⏭️ Already exists: Romantic Killer
     ⏭️ Already exists: That Time I Got Reincarnated as a Slime the Movie: Scarlet Bond
     ⏭️ Already exists: The Tunnel to Summer, the Exit of Goodbyes
   📄 Year 2022 Page 2: 14 New, 34 Heal
[ImageService] Processing: https://s4.anilist.co/file/anilistcdn/media/anime/cover/large/bx138882-Ich6OQJxB9P8.jpg
[ImageService] Processing: https://s4.anilist.co/file/anilistcdn/media/anime/cover/large/bx129191-F80AgCUP79yE.jpg
[ImageService] Processing: https://s4.anilist.co/file/anilistcdn/media/anime/cover/large/bx130591-9O1cf7u6SfYa.jpg
[ImageService] Uploaded to: https://eivvjebsmxddrbbbnblr.supabase.co/storage/v1/object/public/covers/anime/GLWLeCLiHKFdW1LhA3fxJ.webp
[ImageService] Uploaded to: https://eivvjebsmxddrbbbnblr.supabase.co/storage/v1/object/public/covers/anime/ugWMBYcPurKhPCZcI09-Q.webp
[ImageService] Uploaded to: https://eivvjebsmxddrbbbnblr.supabase.co/storage/v1/object/public/covers/anime/gR1o8-TXQmjLgZfWpotYo.webp
[ImageService] Processing: https://s4.anilist.co/file/anilistcdn/media/anime/cover/large/bx136707-StRFbEwZT7q5.jpg
[ImageService] Uploaded to: https://eivvjebsmxddrbbbnblr.supabase.co/storage/v1/object/public/covers/anime/XsTgsYykBOaxv07bXFC7q.webp
[ImageService] Processing: https://s4.anilist.co/file/anilistcdn/media/anime/cover/large/bx126288-v9RNANkv2JEi.jpg
[ImageService] Uploaded to: https://eivvjebsmxddrbbbnblr.supabase.co/storage/v1/object/public/covers/anime/H5jmi-ZAh_-7Jf4BdWN_s.webp
     ⏭️ Already exists: The Yakuza's Guide to Babysitting
[ImageService] Processing: https://s4.anilist.co/file/anilistcdn/media/anime/cover/large/bx141902-fTyoTk8F8qOl.jpg
   ⚠️ Primary model refused "Sasaki and Miyano". Switching to Grok...
     ⏭️ Already exists: The Strongest Sage with the Weakest Crest
[ImageService] Processing: https://s4.anilist.co/file/anilistcdn/media/anime/cover/large/bx143277-snjd4UzsUl8M.jpg
[ImageService] Uploaded to: https://eivvjebsmxddrbbbnblr.supabase.co/storage/v1/object/public/covers/anime/NrgxW_mhKinFNMs4X6qo9.webp
[ImageService] Uploaded to: https://eivvjebsmxddrbbbnblr.supabase.co/storage/v1/object/public/covers/anime/Y9mg68Z1-2-RHOSYNN3Lu.webp
     ⏭️ Already exists: Parallel World Pharmacy
[ImageService] Processing: https://s4.anilist.co/file/anilistcdn/media/anime/cover/large/bx124395-9GeigGh1Ae2f.png
[ImageService] Uploaded to: https://eivvjebsmxddrbbbnblr.supabase.co/storage/v1/object/public/covers/anime/j5hHu3XunvGTCH_IviWH1.webp
     ⏭️ Already exists: Sabikui Bisco
[ImageService] Processing: https://s4.anilist.co/file/anilistcdn/media/anime/cover/large/bx128223-TOQovu2MXr8k.jpg
[ImageService] Uploaded to: https://eivvjebsmxddrbbbnblr.supabase.co/storage/v1/object/public/covers/anime/pn7oHvIILzZt4azgLjOyU.webp
   ❌ All models refused "Sasaki and Miyano". Using original description.
     ⏭️ Already exists: Sasaki and Miyano
     ⏭️ Already exists: Urusei Yatsura (2022)
     ⏭️ Already exists: One Piece Film: Red
[ImageService] Processing: https://s4.anilist.co/file/anilistcdn/media/anime/cover/large/bx140999-8nRYAPkywhbl.jpg
[ImageService] Uploaded to: https://eivvjebsmxddrbbbnblr.supabase.co/storage/v1/object/public/covers/anime/o2GSJqZC4aiTwlZyNY1J-.webp
[ImageService] Processing: https://s4.anilist.co/file/anilistcdn/media/anime/cover/large/bx139311-5iHY459iwQ46.jpg
[ImageService] Uploaded to: https://eivvjebsmxddrbbbnblr.supabase.co/storage/v1/object/public/covers/anime/SimGUe5rvVI0D4qptkk1o.webp
     ⏭️ Already exists: Uzaki-chan Wants to Hang Out! Season 2
[ImageService] Processing: https://s4.anilist.co/file/anilistcdn/media/anime/cover/large/bx125124-FHz4ND4kJzqu.jpg
[ImageService] Uploaded to: https://eivvjebsmxddrbbbnblr.supabase.co/storage/v1/object/public/covers/anime/aAfFdW5NngpzC6Zbq5h0J.webp
[ImageService] Processing: https://s4.anilist.co/file/anilistcdn/media/anime/cover/large/bx122808-mOspflVwrnGJ.png
[ImageService] Uploaded to: https://eivvjebsmxddrbbbnblr.supabase.co/storage/v1/object/public/covers/anime/avmnT31VSrNwa8KaAQUyy.webp
     ⏭️ Already exists: When Will Ayumu Make His Move?
[ImageService] Processing: https://s4.anilist.co/file/anilistcdn/media/anime/cover/large/bx128034-PHcAWDtmPuAK.jpg
[ImageService] Uploaded to: https://eivvjebsmxddrbbbnblr.supabase.co/storage/v1/object/public/covers/anime/nOZfvt5nurc96kRH7_dRA.webp
     ⏭️ Already exists: Sword Art Online the Movie -Progressive- Scherzo of Deep Night
     ⏭️ Already exists: Science Fell in Love, So I Tried to Prove It r=1-sinθ
     ⏭️ Already exists: To Me, The One Who Loved You
     ⏭️ Already exists: Princess Connect! Re:Dive Season 2
     ⏭️ Already exists: ORIENT
   📄 Year 2022 Page 3: 4 New, 1 Heal
[ImageService] Processing: https://s4.anilist.co/file/anilistcdn/media/anime/cover/large/bx128207-SWpfVJMRfQ9X.jpg
[ImageService] Processing: https://s4.anilist.co/file/anilistcdn/media/anime/cover/large/bx140643-RpKlGdwDa7r7.jpg
[ImageService] Processing: https://s4.anilist.co/file/anilistcdn/media/anime/cover/large/bx138425-G5F2O4hHkPII.png
[ImageService] Processing: https://s4.anilist.co/file/anilistcdn/media/anime/cover/large/bx146637-mzZXckqnA2EG.jpg
[ImageService] Uploaded to: https://eivvjebsmxddrbbbnblr.supabase.co/storage/v1/object/public/covers/anime/lU-7ksFC6GpwR9AdLOyv2.webp
[ImageService] Uploaded to: https://eivvjebsmxddrbbbnblr.supabase.co/storage/v1/object/public/covers/anime/JkKwqUh41mDJ3wlLW67_h.webp
[ImageService] Uploaded to: https://eivvjebsmxddrbbbnblr.supabase.co/storage/v1/object/public/covers/anime/w4sWV97PHqCe5SJ3d61cd.webp
[ImageService] Uploaded to: https://eivvjebsmxddrbbbnblr.supabase.co/storage/v1/object/public/covers/anime/8uuf0ENB4RjJWkhMORfvv.webp
     ⏭️ Already exists: THE FIRST SLAM DUNK
     ⏭️ Already exists: Teasing Master Takagi-san: The Movie
     ⏭️ Already exists: Tokyo 24th Ward
     ⏭️ Already exists: ORIENT Part 2
   📄 Year 2022 Page 4: 6 New, 0 Heal
[ImageService] Processing: https://s4.anilist.co/file/anilistcdn/media/anime/cover/large/bx117197-xHuyKETHFyzX.jpg
[ImageService] Processing: https://s4.anilist.co/file/anilistcdn/media/anime/cover/large/bx112640-odUuRLTwodH5.jpg
[ImageService] Processing: https://s4.anilist.co/file/anilistcdn/media/anime/cover/large/bx125261-Sh9fN2heZ1rm.jpg
[ImageService] Processing: https://s4.anilist.co/file/anilistcdn/media/anime/cover/large/bx137337-5iTk3YEYoZyS.png
[ImageService] Processing: https://s4.anilist.co/file/anilistcdn/media/anime/cover/large/bx146650-wZ1L2pbn6gvn.jpg
[ImageService] Uploaded to: https://eivvjebsmxddrbbbnblr.supabase.co/storage/v1/object/public/covers/anime/_FYQxcN_XdeaK7880ofXv.webp
[ImageService] Uploaded to: https://eivvjebsmxddrbbbnblr.supabase.co/storage/v1/object/public/covers/anime/4yCvMaXeZ9w4qD4MBSOxT.webp
[ImageService] Uploaded to: https://eivvjebsmxddrbbbnblr.supabase.co/storage/v1/object/public/covers/anime/kyu-rg3yeFZ85jU9nQ_CO.webp
[ImageService] Uploaded to: https://eivvjebsmxddrbbbnblr.supabase.co/storage/v1/object/public/covers/anime/OzZCQMiCxnoJ8abo3TXHm.webp
[ImageService] Uploaded to: https://eivvjebsmxddrbbbnblr.supabase.co/storage/v1/object/public/covers/anime/xsj6paguMCEVFIohGOlQ2.webp
     ⏭️ Already exists: Tsurune The Movie - The First Shot -
[ImageService] Processing: https://s4.anilist.co/file/anilistcdn/media/anime/cover/large/bx132232-AxAKvTTCWHB6.jpg
[ImageService] Uploaded to: https://eivvjebsmxddrbbbnblr.supabase.co/storage/v1/object/public/covers/anime/3jCaVe9VMr6u6ma_ZjFBn.webp
     ⏭️ Already exists: Non Non Biyori Nonstop: Our Club Worked Hard
     ⏭️ Already exists: Shine on! Bakumatsu Bad Boys
     ⏭️ Already exists: Utawarerumono Mask of Truth
     ⏭️ Already exists: TIGER & BUNNY 2
     ⏭️ Already exists: RE:cycle of the PENGUINDRUM Part 1: Your Train Is the Survival Tactic
   📄 Year 2022 Page 5: 9 New, 2 Heal
[ImageService] Processing: https://s4.anilist.co/file/anilistcdn/media/anime/cover/large/bx148401-dbl2BbTWTump.png
[ImageService] Processing: https://s4.anilist.co/file/anilistcdn/media/anime/cover/large/bx150697-fLd2gHCvhTYx.png
[ImageService] Processing: https://s4.anilist.co/file/anilistcdn/media/anime/cover/large/bx151898-O2DNX5aVCB8q.png
[ImageService] Processing: https://s4.anilist.co/file/anilistcdn/media/anime/cover/large/bx140187-q9sCHP66unws.jpg
[ImageService] Processing: https://s4.anilist.co/file/anilistcdn/media/anime/cover/medium/b139675-ZTbAxBvRNF7G.png
[ImageService] Uploaded to: https://eivvjebsmxddrbbbnblr.supabase.co/storage/v1/object/public/covers/anime/RJi647BdRHpjDNdAasylz.webp
[ImageService] Uploaded to: https://eivvjebsmxddrbbbnblr.supabase.co/storage/v1/object/public/covers/anime/GMea1g_XsJTwF8IUZyDb4.webp
[ImageService] Uploaded to: https://eivvjebsmxddrbbbnblr.supabase.co/storage/v1/object/public/covers/anime/aEBDLaC6o9CwBbRJV81-M.webp
[ImageService] Uploaded to: https://eivvjebsmxddrbbbnblr.supabase.co/storage/v1/object/public/covers/anime/D-6n9PeHN64Ai0vBXcibW.webp
[ImageService] Uploaded to: https://eivvjebsmxddrbbbnblr.supabase.co/storage/v1/object/public/covers/anime/BEAFrZQTnQkIfR1i_cK1B.webp
     ⏭️ Already exists: Puchi Seka
     ⏭️ Already exists: The Prince of Tennis II: U-17 World Cup
     ⏭️ Already exists: Overlord: Ple Ple Pleiades 4
[ImageService] Processing: https://s4.anilist.co/file/anilistcdn/media/anime/cover/large/bx150583-UkGu1k8ecpUr.png
[ImageService] Processing: https://s4.anilist.co/file/anilistcdn/media/anime/cover/large/bx128400-wTWF3QtiVMg2.jpg
[ImageService] Processing: https://s4.anilist.co/file/anilistcdn/media/anime/cover/large/bx143202-XV6UVzpUW785.png
[ImageService] Uploaded to: https://eivvjebsmxddrbbbnblr.supabase.co/storage/v1/object/public/covers/anime/5XMPC6X9thtx5HzR1IVnd.webp
     ⏭️ Already exists: Umayuru
[ImageService] Uploaded to: https://eivvjebsmxddrbbbnblr.supabase.co/storage/v1/object/public/covers/anime/PDTGobDMG6X30P1SRlm33.webp
[ImageService] Uploaded to: https://eivvjebsmxddrbbbnblr.supabase.co/storage/v1/object/public/covers/anime/6HulJhgLKdch3JWcAsqU9.webp
[ImageService] Processing: https://s4.anilist.co/file/anilistcdn/media/anime/cover/large/bx125440-MJdsMiFY4gJ1.jpg
[ImageService] Uploaded to: https://eivvjebsmxddrbbbnblr.supabase.co/storage/v1/object/public/covers/anime/TbpR0VuWAIHGv1sceKAeX.webp
     ⏭️ Already exists: Obey Me! The Anime Season 2
     ⏭️ Already exists: Yofukashi no Uta Mini
     ⏭️ Already exists: Saiyuki RELOAD: ZEROIN
     ⏭️ Already exists: Rilakkuma's Theme Park Adventure
     ⏭️ Already exists: Princess Principal: Crown Handler - Chapter 2: Revealing Reviews
   📄 Year 2022 Page 6: 11 New, 8 Heal
[ImageService] Processing: https://s4.anilist.co/file/anilistcdn/media/anime/cover/large/bx154178-4sVYG6UfOlv9.jpg
[ImageService] Processing: https://s4.anilist.co/file/anilistcdn/media/anime/cover/large/bx135177-wCKkr4zjmFPI.jpg
[ImageService] Processing: https://s4.anilist.co/file/anilistcdn/media/anime/cover/large/bx151659-48lXm3Dl2Km9.jpg
[ImageService] Processing: https://s4.anilist.co/file/anilistcdn/media/anime/cover/large/bx146004-hH08KAB1yHlN.png
[ImageService] Uploaded to: https://eivvjebsmxddrbbbnblr.supabase.co/storage/v1/object/public/covers/anime/Jui5EcgScW3MXvjbIQoRM.webp
[ImageService] Uploaded to: https://eivvjebsmxddrbbbnblr.supabase.co/storage/v1/object/public/covers/anime/8Iwgg3wRbRa8S-EUr4Lvq.webp
[ImageService] Uploaded to: https://eivvjebsmxddrbbbnblr.supabase.co/storage/v1/object/public/covers/anime/_aLsbK8ekHWJk0ficOjUc.webp
[ImageService] Uploaded to: https://eivvjebsmxddrbbbnblr.supabase.co/storage/v1/object/public/covers/anime/7EqcJd2aGni7PB-2jnPwl.webp
[ImageService] Processing: https://s4.anilist.co/file/anilistcdn/media/anime/cover/large/bx157287-Y3jmwfiNP1OJ.png
[ImageService] Uploaded to: https://eivvjebsmxddrbbbnblr.supabase.co/storage/v1/object/public/covers/anime/PGWZ_7H3PI1wIGQEFBlVB.webp
     ⏭️ Already exists: Watame Did Borderline Nothing Wrong
[ImageService] Processing: https://s4.anilist.co/file/anilistcdn/media/anime/cover/large/bx144451-onp8x0xZbMg9.png
[ImageService] Uploaded to: https://eivvjebsmxddrbbbnblr.supabase.co/storage/v1/object/public/covers/anime/5gAk-OL7kLsMOb0HRdVOm.webp
     ⏭️ Already exists: Shin Shinka no Mi Gekijou
[ImageService] Processing: https://s4.anilist.co/file/anilistcdn/media/anime/cover/large/bx130705-DxuaJgpBjXOh.jpg
[ImageService] Uploaded to: https://eivvjebsmxddrbbbnblr.supabase.co/storage/v1/object/public/covers/anime/AlCPNXbssFcZgmu8ES70K.webp
     ⏭️ Already exists: Saint Seiya: Knights of the Zodiac - Battle for Sanctuary
[ImageService] Processing: https://s4.anilist.co/file/anilistcdn/media/anime/cover/large/bx153765-HKSxkypTygAl.jpg
[ImageService] Uploaded to: https://eivvjebsmxddrbbbnblr.supabase.co/storage/v1/object/public/covers/anime/ToHVw7VJhfBTJuTw6b5po.webp
     ⏭️ Already exists: Yuusha, Yamemasu Puchi Hiroma
     ⏭️ Already exists: Osomatsu-san: Hipipo-Zoku to Kagayaku Kajitsu
[ImageService] Processing: https://s4.anilist.co/file/anilistcdn/media/anime/cover/large/bx155496-KXhLbf4NTXGE.png
[ImageService] Uploaded to: https://eivvjebsmxddrbbbnblr.supabase.co/storage/v1/object/public/covers/anime/xM4PWioU2g8v2_J0eken7.webp
[ImageService] Processing: https://s4.anilist.co/file/anilistcdn/media/anime/cover/large/bx170013-hNQRs8M3GHLA.jpg
[ImageService] Uploaded to: https://eivvjebsmxddrbbbnblr.supabase.co/storage/v1/object/public/covers/anime/U1cWFUP8gyowK2RuZxWQu.webp
LLM Call Failed: TypeError: terminated
    at Fetch.onAborted (node:internal/deps/undici/undici:11132:53)
    at Fetch.emit (node:events:518:28)
    at Fetch.terminate (node:internal/deps/undici/undici:10290:14)
    at Object.onError (node:internal/deps/undici/undici:11253:38)
    at Request.onError (node:internal/deps/undici/undici:2094:31)
    at Object.errorRequest (node:internal/deps/undici/undici:1591:17)
    at TLSSocket.<anonymous> (node:internal/deps/undici/undici:6319:16)
    at TLSSocket.emit (node:events:530:35)
    at node:net:351:12
    at TCP.done (node:_tls_wrap:650:7) {
  [cause]: SocketError: other side closed
      at TLSSocket.<anonymous> (node:internal/deps/undici/undici:6294:28)
      at TLSSocket.emit (node:events:530:35)
      at endReadableNT (node:internal/streams/readable:1698:12)
      at process.processTicksAndRejections (node:internal/process/task_queues:90:21) {
    code: 'UND_ERR_SOCKET',
    socket: {
      localAddress: '192.168.0.158',
      localPort: 51761,
      remoteAddress: '104.18.2.115',
      remotePort: 443,
      remoteFamily: 'IPv4',
      timeout: undefined,
      bytesWritten: 7765,
      bytesRead: 11479
    }
  }
}
⚠️ Description rewrite failed for "Petit! Tokyo Mew Mew New~♡"
     ⏭️ Already exists: Petit! Tokyo Mew Mew New~♡
     ⏭️ Already exists: stars*collection!
[ImageService] Processing: https://s4.anilist.co/file/anilistcdn/media/anime/cover/large/bx146485-ofJk9so978Np.png
[ImageService] Uploaded to: https://eivvjebsmxddrbbbnblr.supabase.co/storage/v1/object/public/covers/anime/JGmcbiHnM8AgvLzL2pjSh.webp
     ⏭️ Already exists: Tongari Atama no Gonta: Futatsu no Namae wo Ikita Fukushima Hisai Inu no Monogatari 
     ⏭️ Already exists: Shinmai Renkinjutsushi no Tenpo Keiei Mini Anime
     ⏭️ Already exists: Penetrate Blue: Vapor Trail Another Age 2824
     ⏭️ Already exists: SpoGomi: World Cup Exhibition Match Arc
   📄 Year 2022 Page 7: 14 New, 4 Heal
[ImageService] Processing: https://s4.anilist.co/file/anilistcdn/media/anime/cover/medium/b172973-WMpBFit30JSK.png
[ImageService] Processing: https://s4.anilist.co/file/anilistcdn/media/anime/cover/medium/b155736-TlkvBQdue0wt.jpg
[ImageService] Processing: https://s4.anilist.co/file/anilistcdn/media/anime/cover/medium/b162745-Xp84Z2CIOnuc.jpg
[ImageService] Processing: https://s4.anilist.co/file/anilistcdn/media/anime/cover/large/bx143485-ljk9rdKO1o8N.jpg
[ImageService] Uploaded to: https://eivvjebsmxddrbbbnblr.supabase.co/storage/v1/object/public/covers/anime/u8GatRjiDPM7LJSW3sC85.webp
[ImageService] Processing: https://s4.anilist.co/file/anilistcdn/media/anime/cover/large/bx153843-82HN4Ul3dvqa.jpg
[ImageService] Uploaded to: https://eivvjebsmxddrbbbnblr.supabase.co/storage/v1/object/public/covers/anime/wfL73__8l-N5-I3kPIjLh.webp
[ImageService] Uploaded to: https://eivvjebsmxddrbbbnblr.supabase.co/storage/v1/object/public/covers/anime/W7t50e4YXtJMOEZIdg9ja.webp
[ImageService] Uploaded to: https://eivvjebsmxddrbbbnblr.supabase.co/storage/v1/object/public/covers/anime/GL6nCBAFA4I0qsPxzR3SY.webp
[ImageService] Uploaded to: https://eivvjebsmxddrbbbnblr.supabase.co/storage/v1/object/public/covers/anime/EhkV2NbXcKpRHBFR4pC4_.webp
     ⏭️ Already exists: Uchuu Camper Chichi
[ImageService] Processing: https://s4.anilist.co/file/anilistcdn/media/anime/cover/large/bx154163-Od51jwikNX5j.jpg
[ImageService] Uploaded to: https://eivvjebsmxddrbbbnblr.supabase.co/storage/v1/object/public/covers/anime/VWRJYpIaO1n5UhWJCKpUS.webp
     ⏭️ Already exists: Ryuukyuu Timeline 2: Tedako no Machi Tanbou
[ImageService] Processing: https://s4.anilist.co/file/anilistcdn/media/anime/cover/large/bx132804-xyWGFlRyHYVe.jpg
[ImageService] Uploaded to: https://eivvjebsmxddrbbbnblr.supabase.co/storage/v1/object/public/covers/anime/JETF3PMAJWtyZSI4SqtiO.webp
     ⏭️ Already exists: Onmyoji: Heian Monogatari 3
[ImageService] Processing: https://s4.anilist.co/file/anilistcdn/media/anime/cover/large/bx145848-2WdhTnv6e9D2.jpg
[ImageService] Uploaded to: https://eivvjebsmxddrbbbnblr.supabase.co/storage/v1/object/public/covers/anime/dXdltTlHtRJ3IKWcQ2Rxa.webp
     ⏭️ Already exists: Shimajirou to Kirakira Oukoku no Ouji-sama
[ImageService] Processing: https://s4.anilist.co/file/anilistcdn/media/anime/cover/large/bx162726-MczRmK5Vnakp.jpg
[ImageService] Uploaded to: https://eivvjebsmxddrbbbnblr.supabase.co/storage/v1/object/public/covers/anime/niQJuqoq47Si7ToMZNJTe.webp
     ⏭️ Already exists: NoriPro Anime
[ImageService] Processing: https://s4.anilist.co/file/anilistcdn/media/anime/cover/medium/b168564-k8qtLyQQqrqL.png
[ImageService] Uploaded to: https://eivvjebsmxddrbbbnblr.supabase.co/storage/v1/object/public/covers/anime/u9zKcCN7VEfk5TwdkWTeZ.webp
     ⏭️ Already exists: Sekigahara Gassen: Kiro ni Tatta Tarui no Bushou-tachi
[ImageService] Processing: https://s4.anilist.co/file/anilistcdn/media/anime/cover/medium/b179870-KILa1xoE7mAC.png
[ImageService] Uploaded to: https://eivvjebsmxddrbbbnblr.supabase.co/storage/v1/object/public/covers/anime/InV2kjyWdzw4RSv-hUONe.webp
     ⏭️ Already exists: Zannen na Ikimono Jiten The Movie
[ImageService] Processing: https://s4.anilist.co/file/anilistcdn/media/anime/cover/medium/b183474-NeYMY3Gmbb2t.png
[ImageService] Uploaded to: https://eivvjebsmxddrbbbnblr.supabase.co/storage/v1/object/public/covers/anime/5BMk0C1iJ6nuzZTKVktUz.webp
     ⏭️ Already exists: Unmei no Makimodo Shi
[ImageService] Processing: https://s4.anilist.co/file/anilistcdn/media/anime/cover/medium/b200372-ZJi7NVV7dexu.png
[ImageService] Uploaded to: https://eivvjebsmxddrbbbnblr.supabase.co/storage/v1/object/public/covers/anime/BmqYi1V5B8I4BfBW_CkUd.webp
     ⏭️ Already exists: UniteUp! Mini Drama
[ImageService] Processing: https://s4.anilist.co/file/anilistcdn/media/anime/cover/medium/b205873-ymulxZlC16h3.jpg
[ImageService] Uploaded to: https://eivvjebsmxddrbbbnblr.supabase.co/storage/v1/object/public/covers/anime/uADXpYRqCCcPpCbEiTFCt.webp
     ⏭️ Already exists: ROLY POLY PEOPLES
     ⏭️ Already exists: Ootsuchi Kai Monogatari
     ⏭️ Already exists: Ryan's World Arctic Adventures
     ⏭️ Already exists: Oshiri Tantei 6
     ⏭️ Already exists: Yankee Hamster Season 3

📅 Processing Year: 2021
   📄 Year 2021 Page 1: 24 New, 23 Heal
[ImageService] Processing: https://s4.anilist.co/file/anilistcdn/media/anime/cover/large/bx120120-cWDmnmeEntSe.jpg
[ImageService] Uploaded to: https://eivvjebsmxddrbbbnblr.supabase.co/storage/v1/object/public/covers/anime/WStxYPQxfqLO4LSvhNJfs.webp
[ImageService] Processing: https://s4.anilist.co/file/anilistcdn/media/anime/cover/large/bx108725-ZKivuyr4Jtc9.jpg
[ImageService] Processing: https://s4.anilist.co/file/anilistcdn/media/anime/cover/large/bx114535-y3NnjexcqKG1.jpg
[ImageService] Processing: https://s4.anilist.co/file/anilistcdn/media/anime/cover/large/bx108511-PufFordLNyIb.jpg
[ImageService] Uploaded to: https://eivvjebsmxddrbbbnblr.supabase.co/storage/v1/object/public/covers/anime/SrEIK02q5CM3hvOG8ByWS.webp
[ImageService] Uploaded to: https://eivvjebsmxddrbbbnblr.supabase.co/storage/v1/object/public/covers/anime/YP7c-f4j6mA54DFZ5ptWP.webp
[ImageService] Uploaded to: https://eivvjebsmxddrbbbnblr.supabase.co/storage/v1/object/public/covers/anime/sbejv5ND6nlAyhs5EeLAt.webp
[ImageService] Processing: https://s4.anilist.co/file/anilistcdn/media/anime/cover/large/bx124845-JXORhqCTGt04.jpg
[ImageService] Uploaded to: https://eivvjebsmxddrbbbnblr.supabase.co/storage/v1/object/public/covers/anime/R9bCyhuJP5i29ze69ikRo.webp
     ⏭️ Already exists: Tokyo Revengers
[ImageService] Processing: https://s4.anilist.co/file/anilistcdn/media/anime/cover/large/bx119661-GDbUZxrZMz01.png
[ImageService] Uploaded to: https://eivvjebsmxddrbbbnblr.supabase.co/storage/v1/object/public/covers/anime/8wo6w7k95S8YnM0nV5V9G.webp
     ⏭️ Already exists: The Promised Neverland Season 2
     ⏭️ Already exists: To Your Eternity
[ImageService] Processing: https://s4.anilist.co/file/anilistcdn/media/anime/cover/large/bx116742-jn0dW23ftehq.jpg
[ImageService] Processing: https://s4.anilist.co/file/anilistcdn/media/anime/cover/large/bx124153-uEBI764OSavB.png
     ⏭️ Already exists: That Time I Got Reincarnated as a Slime Season 2
[ImageService] Uploaded to: https://eivvjebsmxddrbbbnblr.supabase.co/storage/v1/object/public/covers/anime/gwF3SmIJTBCLhWh6K5G5s.webp
[ImageService] Uploaded to: https://eivvjebsmxddrbbbnblr.supabase.co/storage/v1/object/public/covers/anime/Tvf3j_CT6LEbvbaUgZkPq.webp
[ImageService] Processing: https://s4.anilist.co/file/anilistcdn/media/anime/cover/large/bx109261-65rKxMDlcU9r.png
[ImageService] Uploaded to: https://eivvjebsmxddrbbbnblr.supabase.co/storage/v1/object/public/covers/anime/F5gvOuWLS9dqsEHFxEPOa.webp
     ⏭️ Already exists: WONDER EGG PRIORITY
[ImageService] Processing: https://s4.anilist.co/file/anilistcdn/media/anime/cover/large/bx113717-9sNnN8WRgK15.jpg
[ImageService] Uploaded to: https://eivvjebsmxddrbbbnblr.supabase.co/storage/v1/object/public/covers/anime/Bq-E2Objrw42F3DjlJulY.webp
     ⏭️ Already exists: That Time I Got Reincarnated as a Slime Season 2 Part 2
[ImageService] Processing: https://s4.anilist.co/file/anilistcdn/media/anime/cover/large/bx131646-cuyGfKcekZ62.jpg
[ImageService] Uploaded to: https://eivvjebsmxddrbbbnblr.supabase.co/storage/v1/object/public/covers/anime/NvnSmt-q9hbTMvWLMhOtG.webp
     ⏭️ Already exists: Re:ZERO -Starting Life in Another World- Season 2 Part 2
     ⏭️ Already exists: The Quintessential Quintuplets 2
[ImageService] Processing: https://s4.anilist.co/file/anilistcdn/media/anime/cover/large/bx129898-FRUzDtPhRigt.jpg
[ImageService] Uploaded to: https://eivvjebsmxddrbbbnblr.supabase.co/storage/v1/object/public/covers/anime/MwNzDQtruB0onQhjGBYQm.webp
[ImageService] Processing: https://s4.anilist.co/file/anilistcdn/media/anime/cover/large/bx128546-UIwyhuhjxmL0.jpg
[ImageService] Uploaded to: https://eivvjebsmxddrbbbnblr.supabase.co/storage/v1/object/public/covers/anime/wfoNltrTmnOcTVwITqUSP.webp
     ⏭️ Already exists: Ranking of Kings
[ImageService] Processing: https://s4.anilist.co/file/anilistcdn/media/anime/cover/large/bx131565-3W2YEX6V3K3i.jpg
[ImageService] Uploaded to: https://eivvjebsmxddrbbbnblr.supabase.co/storage/v1/object/public/covers/anime/fPekH9cGWAOWEeXL2VQ5d.webp
     ⏭️ Already exists: SK8 the Infinity
[ImageService] Processing: https://s4.anilist.co/file/anilistcdn/media/anime/cover/large/bx125426-WeKnIVjCRNIC.png
[ImageService] Uploaded to: https://eivvjebsmxddrbbbnblr.supabase.co/storage/v1/object/public/covers/anime/xYx-LSqQHqe52KxaQeuDM.webp
     ⏭️ Already exists: The Case Study of Vanitas
     ⏭️ Already exists: The World's Finest Assassin Gets Reincarnated in Another World as an Aristocrat
[ImageService] Processing: https://s4.anilist.co/file/anilistcdn/media/anime/cover/large/bx125206-O2MsOWdW1lVi.jpg
[ImageService] Processing: https://s4.anilist.co/file/anilistcdn/media/anime/cover/large/bx128547-nNekWTKqmvEi.jpg
[ImageService] Uploaded to: https://eivvjebsmxddrbbbnblr.supabase.co/storage/v1/object/public/covers/anime/FrCbeipVF0Uv3FyyIAz1l.webp
[ImageService] Uploaded to: https://eivvjebsmxddrbbbnblr.supabase.co/storage/v1/object/public/covers/anime/CCmZZrXMjy-3d8M3GT6Df.webp
     ⏭️ Already exists: Vivy -Fluorite Eye's Song-
[ImageService] Processing: https://s4.anilist.co/file/anilistcdn/media/anime/cover/large/bx103632-2wsy9wFUdm1C.jpg
[ImageService] Uploaded to: https://eivvjebsmxddrbbbnblr.supabase.co/storage/v1/object/public/covers/anime/1220N9G_tMrvs_TMBYe1S.webp
     ⏭️ Already exists: takt op.Destiny
     ⏭️ Already exists: The Way of the Househusband
[ImageService] Processing: https://s4.anilist.co/file/anilistcdn/media/anime/cover/large/bx116752-yIJuKp88adqt.jpg
[ImageService] Uploaded to: https://eivvjebsmxddrbbbnblr.supabase.co/storage/v1/object/public/covers/anime/72NWuTGiUS6uKzjtdQcim.webp
[ImageService] Processing: https://s4.anilist.co/file/anilistcdn/media/anime/cover/large/bx127401-fVKVbuIE5W5Q.jpg
[ImageService] Uploaded to: https://eivvjebsmxddrbbbnblr.supabase.co/storage/v1/object/public/covers/anime/41P_SH-3S7MkWYMWtpSBy.webp
     ⏭️ Already exists: TSUKIMICHI -Moonlit Fantasy-
[ImageService] Processing: https://s4.anilist.co/file/anilistcdn/media/anime/cover/large/bx126546-Jujx9OvKxLzA.jpg
[ImageService] Uploaded to: https://eivvjebsmxddrbbbnblr.supabase.co/storage/v1/object/public/covers/anime/v0lvWQagFjX73u_DcJx_Z.webp
     ⏭️ Already exists: So I'm a Spider, So What?
     ⏭️ Already exists: ODDTAXI
[ImageService] Processing: https://s4.anilist.co/file/anilistcdn/media/anime/cover/large/bx132126-4ugVjXMQLAps.png
[ImageService] Uploaded to: https://eivvjebsmxddrbbbnblr.supabase.co/storage/v1/object/public/covers/anime/SXuO6jwyPIJ3Ml2lPvNpJ.webp
[ImageService] Processing: https://s4.anilist.co/file/anilistcdn/media/anime/cover/large/bx128712-AlVwHbrugvj6.jpg
[ImageService] Uploaded to: https://eivvjebsmxddrbbbnblr.supabase.co/storage/v1/object/public/covers/anime/Zy4RfhlOPwYO1ZNHT52D9.webp
     ⏭️ Already exists: Platinum End
     ⏭️ Already exists: The Seven Deadly Sins: Dragon's Judgement
[ImageService] Processing: https://s4.anilist.co/file/anilistcdn/media/anime/cover/large/bx118375-95ClbAh2EQMD.jpg
[ImageService] Uploaded to: https://eivvjebsmxddrbbbnblr.supabase.co/storage/v1/object/public/covers/anime/XdKJA9zVWGBWcN2_GSbFo.webp
     ⏭️ Already exists: Seirei Gensouki: Spirit Chronicles
     ⏭️ Already exists: Sonny Boy
     ⏭️ Already exists: The Detective Is Already Dead
     ⏭️ Already exists: The Hidden Dungeon Only I Can Enter
   📄 Year 2021 Page 2: 21 New, 26 Heal
[ImageService] Processing: https://s4.anilist.co/file/anilistcdn/media/anime/cover/large/bx127399-AAH1pevCZLrB.jpg
[ImageService] Processing: https://s4.anilist.co/file/anilistcdn/media/anime/cover/large/bx114065-YPPyW7ZSxfYU.jpg
[ImageService] Uploaded to: https://eivvjebsmxddrbbbnblr.supabase.co/storage/v1/object/public/covers/anime/q-yAsWVdj9zq8A6xceeXQ.webp
[ImageService] Processing: https://s4.anilist.co/file/anilistcdn/media/anime/cover/large/bx132473-L64hP24nJyEV.jpg
[ImageService] Processing: https://s4.anilist.co/file/anilistcdn/media/anime/cover/large/bx125038-BCfEvry0QBXW.png
[ImageService] Uploaded to: https://eivvjebsmxddrbbbnblr.supabase.co/storage/v1/object/public/covers/anime/Y677FhLi2un4TMlWBqzfW.webp
[ImageService] Uploaded to: https://eivvjebsmxddrbbbnblr.supabase.co/storage/v1/object/public/covers/anime/S9CHYs9g4TpiY3mFVP2cC.webp
[ImageService] Uploaded to: https://eivvjebsmxddrbbbnblr.supabase.co/storage/v1/object/public/covers/anime/c4ECfKt76KX_eU25FhHqo.webp
[ImageService] Processing: https://s4.anilist.co/file/anilistcdn/media/anime/cover/large/bx116338-jbuJnLkPMcm7.jpg
[ImageService] Uploaded to: https://eivvjebsmxddrbbbnblr.supabase.co/storage/v1/object/public/covers/anime/vWnFWyF_3yLnQC0kRHPQo.webp
     ⏭️ Already exists: The Faraway Paladin
     ⏭️ Already exists: Remake Our Life!
[ImageService] Processing: https://s4.anilist.co/file/anilistcdn/media/anime/cover/large/bx107625-2UIAI4TRwXz0.jpg
     ⏭️ Already exists: Welcome to Demon School! Iruma-kun Season 2
[ImageService] Processing: https://s4.anilist.co/file/anilistcdn/media/anime/cover/large/bx124140-HNL0CpH6ig6y.png
[ImageService] Uploaded to: https://eivvjebsmxddrbbbnblr.supabase.co/storage/v1/object/public/covers/anime/EqBEJnHPj5X68ZrqIIOQ5.webp
[ImageService] Processing: https://s4.anilist.co/file/anilistcdn/media/anime/cover/large/bx116741-MI9aI2ikNyAP.jpg
[ImageService] Uploaded to: https://eivvjebsmxddrbbbnblr.supabase.co/storage/v1/object/public/covers/anime/q1j0Vuuw65dTSlCo1UXiC.webp
[ImageService] Uploaded to: https://eivvjebsmxddrbbbnblr.supabase.co/storage/v1/object/public/covers/anime/zNANms3LUCLNc_GzkMjry.webp
     ⏭️ Already exists: SHADOWS HOUSE
[ImageService] Processing: https://s4.anilist.co/file/anilistcdn/media/anime/cover/large/bx112649-Wdcxo6cQZbhx.jpg
[ImageService] Uploaded to: https://eivvjebsmxddrbbbnblr.supabase.co/storage/v1/object/public/covers/anime/hRpih5Uz10n6CSmBIslkq.webp
     ⏭️ Already exists: Record of Ragnarok
[ImageService] Processing: https://s4.anilist.co/file/anilistcdn/media/anime/cover/large/bx124675-fNI06ipb65vy.jpg
[ImageService] Uploaded to: https://eivvjebsmxddrbbbnblr.supabase.co/storage/v1/object/public/covers/anime/PkI2uO_SYMueIPYbH-S_z.webp
     ⏭️ Already exists: Words Bubble Up Like Soda Pop
[ImageService] Processing: https://s4.anilist.co/file/anilistcdn/media/anime/cover/large/bx132456-wxTCgdXnZMMQ.jpg
[ImageService] Uploaded to: https://eivvjebsmxddrbbbnblr.supabase.co/storage/v1/object/public/covers/anime/rNV1f23GcPYoGxVOGbeKD.webp
     ⏭️ Already exists: Sword Art Online the Movie -Progressive- Aria of a Starless Night
[ImageService] Processing: https://s4.anilist.co/file/anilistcdn/media/anime/cover/large/bx129277-ou64knqN2eQT.jpg
[ImageService] Uploaded to: https://eivvjebsmxddrbbbnblr.supabase.co/storage/v1/object/public/covers/anime/aCv7JjPx0HitTXe05Zmlx.webp
     ⏭️ Already exists: Osamake: Romcom Where The Childhood Friend Won't Lose
     ⏭️ Already exists: Suppose a Kid from the Last Dungeon Boonies moved to a starter town?
[ImageService] Processing: https://s4.anilist.co/file/anilistcdn/media/anime/cover/large/bx119675-ziQ6Lb80zEx4.png
[ImageService] Uploaded to: https://eivvjebsmxddrbbbnblr.supabase.co/storage/v1/object/public/covers/anime/3sFf32KB88LtcRDsslQ0Y.webp
[ImageService] Processing: https://s4.anilist.co/file/anilistcdn/media/anime/cover/large/bx123802-FpGzlfjebl0z.jpg
[ImageService] Uploaded to: https://eivvjebsmxddrbbbnblr.supabase.co/storage/v1/object/public/covers/anime/xQPOlym5FPK0GmM85pkCt.webp
     ⏭️ Already exists: The Slime Diaries
[ImageService] Processing: https://s4.anilist.co/file/anilistcdn/media/anime/cover/large/bx110733-mv2p0VBBD3jz.jpg
[ImageService] Uploaded to: https://eivvjebsmxddrbbbnblr.supabase.co/storage/v1/object/public/covers/anime/0-G1qmwkAutnfql14f2lj.webp
     ⏭️ Already exists: The Great Jahy Will Not Be Defeated!
[ImageService] Processing: https://s4.anilist.co/file/anilistcdn/media/anime/cover/large/bx120608-gjCnIszBGe9k.jpg
[ImageService] Uploaded to: https://eivvjebsmxddrbbbnblr.supabase.co/storage/v1/object/public/covers/anime/zhwY9OqOGIk9jjK8zg8lO.webp
     ⏭️ Already exists: The Duke of Death and His Maid
[ImageService] Processing: https://s4.anilist.co/file/anilistcdn/media/anime/cover/large/bx129068-HlY1UqLyrbmB.jpg
     ⏭️ Already exists: The Saint's Magic Power is Omnipotent
[ImageService] Uploaded to: https://eivvjebsmxddrbbbnblr.supabase.co/storage/v1/object/public/covers/anime/542YHpf_6tXZSiI0kWM7W.webp
[ImageService] Processing: https://s4.anilist.co/file/anilistcdn/media/anime/cover/large/bx128545-8oL2w1DYd2ur.png
     ⏭️ Already exists: SHAMAN KING (2021)
[ImageService] Uploaded to: https://eivvjebsmxddrbbbnblr.supabase.co/storage/v1/object/public/covers/anime/t711A7NJKQRehsR7ydR_9.webp
[ImageService] Processing: https://s4.anilist.co/file/anilistcdn/media/anime/cover/large/bx127371-sQvD9sILl7Lc.jpg
[ImageService] Uploaded to: https://eivvjebsmxddrbbbnblr.supabase.co/storage/v1/object/public/covers/anime/m0U6MVw90brgF0YvfsoDg.webp
     ⏭️ Already exists: ZOMBIE LAND SAGA REVENGE
[ImageService] Processing: https://s4.anilist.co/file/anilistcdn/media/anime/cover/large/bx122441-5qlQC5Ka8k9W.png
[ImageService] Uploaded to: https://eivvjebsmxddrbbbnblr.supabase.co/storage/v1/object/public/covers/anime/R45VlY-IKJr14lKAU1iaB.webp
     ⏭️ Already exists: The Fruit of Evolution: Before I Knew It, My Life Had It Made
[ImageService] Processing: https://s4.anilist.co/file/anilistcdn/media/anime/cover/large/bx132193-sooBNRHdfLZu.jpg
[ImageService] Uploaded to: https://eivvjebsmxddrbbbnblr.supabase.co/storage/v1/object/public/covers/anime/evzp4-I0sNUZbNol1B03A.webp
     ⏭️ Already exists: TONIKAWA: Over The Moon For You ~SNS~
     ⏭️ Already exists: The Dungeon of Black Company
     ⏭️ Already exists: The aquatope on white sand
     ⏭️ Already exists: Peach Boy Riverside
     ⏭️ Already exists: The Way of the Househusband Part 2
   📄 Year 2021 Page 3: 10 New, 11 Heal
[ImageService] Processing: https://s4.anilist.co/file/anilistcdn/media/anime/cover/large/bx130549-rYQf51cw4oaw.jpg
[ImageService] Processing: https://s4.anilist.co/file/anilistcdn/media/anime/cover/large/bx122348-FawMIyUnMDW5.jpg
[ImageService] Processing: https://s4.anilist.co/file/anilistcdn/media/anime/cover/large/bx113428-jsyIdAHk5K6q.png
[ImageService] Uploaded to: https://eivvjebsmxddrbbbnblr.supabase.co/storage/v1/object/public/covers/anime/cq8YrqIGiiYeXmdNO1bwr.webp
[ImageService] Uploaded to: https://eivvjebsmxddrbbbnblr.supabase.co/storage/v1/object/public/covers/anime/5KNv1v6xchagWjDVRSBkp.webp
[ImageService] Uploaded to: https://eivvjebsmxddrbbbnblr.supabase.co/storage/v1/object/public/covers/anime/SnL-jFk9LJW6vdTDbYHX8.webp
[ImageService] Processing: https://s4.anilist.co/file/anilistcdn/media/anime/cover/large/bx124223-XMOEUPopjtrI.png
[ImageService] Processing: https://s4.anilist.co/file/anilistcdn/media/anime/cover/large/bx109946-S05QNnNplFV2.jpg
[ImageService] Uploaded to: https://eivvjebsmxddrbbbnblr.supabase.co/storage/v1/object/public/covers/anime/7NeqG6_xfVpDYY4uirgCa.webp
[ImageService] Uploaded to: https://eivvjebsmxddrbbbnblr.supabase.co/storage/v1/object/public/covers/anime/uPTt0xyD1Oq7bsOnLL8dU.webp
     ⏭️ Already exists: Those Snow White Notes
     ⏭️ Already exists: RE-MAIN
[ImageService] Processing: https://s4.anilist.co/file/anilistcdn/media/anime/cover/large/bx127688-WDZFupRhW3eX.jpg
[ImageService] Processing: https://s4.anilist.co/file/anilistcdn/media/anime/cover/large/bx128740-xpjfCO2kpFdz.png
[ImageService] Uploaded to: https://eivvjebsmxddrbbbnblr.supabase.co/storage/v1/object/public/covers/anime/1kjMoOhW4AGHy4AhD9QXp.webp
[ImageService] Uploaded to: https://eivvjebsmxddrbbbnblr.supabase.co/storage/v1/object/public/covers/anime/alBSvlz5WRxrt0rcZ-r9R.webp
     ⏭️ Already exists: Umamusume: Pretty Derby Season 2
     ⏭️ Already exists: Super Crooks
[ImageService] Processing: https://s4.anilist.co/file/anilistcdn/media/anime/cover/large/bx131930-Us7lsOPyNfAX.png
[ImageService] Uploaded to: https://eivvjebsmxddrbbbnblr.supabase.co/storage/v1/object/public/covers/anime/Pqq07Ln36eWlf1GKIDtKB.webp
[ImageService] Processing: https://s4.anilist.co/file/anilistcdn/media/anime/cover/large/bx135866-Q5qZPscMNLFa.png
[ImageService] Uploaded to: https://eivvjebsmxddrbbbnblr.supabase.co/storage/v1/object/public/covers/anime/tI7dX9GDdGj3_qG4JESWi.webp
     ⏭️ Already exists: Pretty Boy Detective Club
[ImageService] Processing: https://s4.anilist.co/file/anilistcdn/media/anime/cover/large/bx139449-slF3Yu9q7238.jpg
[ImageService] Uploaded to: https://eivvjebsmxddrbbbnblr.supabase.co/storage/v1/object/public/covers/anime/ksG2ELtqp1IpuYrfBguDR.webp
     ⏭️ Already exists: The Seven Deadly Sins: Cursed by Light
     ⏭️ Already exists: Tawawa on Monday 2
     ⏭️ Already exists: The Honor at Magic High School
     ⏭️ Already exists: Yasuke
     ⏭️ Already exists: Saga of Tanya the Evil: Operation Desert Pasta
   📄 Year 2021 Page 4: 7 New, 0 Heal
[ImageService] Processing: https://s4.anilist.co/file/anilistcdn/media/anime/cover/large/bx138699-V0PBmiG6hnuf.jpg
[ImageService] Processing: https://s4.anilist.co/file/anilistcdn/media/anime/cover/large/bx113692-N7hUICpi9sIa.jpg
[ImageService] Processing: https://s4.anilist.co/file/anilistcdn/media/anime/cover/large/bx126897-at1dtnI047XP.jpg
[ImageService] Processing: https://s4.anilist.co/file/anilistcdn/media/anime/cover/large/bx123785-ciGZuIesWH7l.png
[ImageService] Processing: https://s4.anilist.co/file/anilistcdn/media/anime/cover/large/bx110200-QB9smw3HWyQC.jpg
[ImageService] Uploaded to: https://eivvjebsmxddrbbbnblr.supabase.co/storage/v1/object/public/covers/anime/AJ4QHZYeMzhk0EqPuOHCM.webp
[ImageService] Uploaded to: https://eivvjebsmxddrbbbnblr.supabase.co/storage/v1/object/public/covers/anime/qpLrG_3yD8bPuJMVYFMtX.webp
[ImageService] Uploaded to: https://eivvjebsmxddrbbbnblr.supabase.co/storage/v1/object/public/covers/anime/QYMbS3gTCKhKK9tpMbzfq.webp
[ImageService] Uploaded to: https://eivvjebsmxddrbbbnblr.supabase.co/storage/v1/object/public/covers/anime/1FF6gNaofGNyB-0WJ3of8.webp
[ImageService] Uploaded to: https://eivvjebsmxddrbbbnblr.supabase.co/storage/v1/object/public/covers/anime/iTFMCpx0mPW7qwPQz1Ck2.webp
     ⏭️ Already exists: The Night Beyond the Tricornered Window
[ImageService] Processing: https://s4.anilist.co/file/anilistcdn/media/anime/cover/medium/b134413-HLw4hdGPty0O.png
[ImageService] Uploaded to: https://eivvjebsmxddrbbbnblr.supabase.co/storage/v1/object/public/covers/anime/6fA__OBplSUC2ov7f4-mD.webp
     ⏭️ Already exists: Pokémon Evolutions
[ImageService] Processing: https://s4.anilist.co/file/anilistcdn/media/anime/cover/large/bx103712-631ErMZsKSpp.png
[ImageService] Uploaded to: https://eivvjebsmxddrbbbnblr.supabase.co/storage/v1/object/public/covers/anime/05jxaVUBs8FVu2aqAbMTo.webp
     ⏭️ Already exists: Seitokai Yakuindomo Movie 2
     ⏭️ Already exists: Scar on the Praeter
     ⏭️ Already exists: Yuru Camp△ SEASON 2 OVA
     ⏭️ Already exists: Pretty Guardian Sailor Moon Eternal The Movie Part 2
⚠️ Description rewrite failed for "VLAD LOVE"
     ⏭️ Already exists: VLAD LOVE
   📄 Year 2021 Page 5: 4 New, 3 Heal
[ImageService] Processing: https://s4.anilist.co/file/anilistcdn/media/anime/cover/large/bx113595-2xZa6aoYq0ck.jpg
[ImageService] Processing: https://s4.anilist.co/file/anilistcdn/media/anime/cover/large/bx132467-KVpD81s5ZvJP.png
[ImageService] Processing: https://s4.anilist.co/file/anilistcdn/media/anime/cover/large/bx123474-goJkeXu38bhV.png
[ImageService] Uploaded to: https://eivvjebsmxddrbbbnblr.supabase.co/storage/v1/object/public/covers/anime/F3fLqJyH3HExdmIqAWa71.webp
[ImageService] Processing: https://s4.anilist.co/file/anilistcdn/media/anime/cover/large/bx135255-dDgl35U2UhvV.png
[ImageService] Uploaded to: https://eivvjebsmxddrbbbnblr.supabase.co/storage/v1/object/public/covers/anime/e4NtTarIYkZPTrR_XlMOI.webp
[ImageService] Uploaded to: https://eivvjebsmxddrbbbnblr.supabase.co/storage/v1/object/public/covers/anime/bUDh9eyGPwCta8aweclwR.webp
[ImageService] Uploaded to: https://eivvjebsmxddrbbbnblr.supabase.co/storage/v1/object/public/covers/anime/TYDSYLaM7yI9yCcdpuLGM.webp
     ⏭️ Already exists: Tokyo Revengers: Chibi Reve
     ⏭️ Already exists: Princess Principal: Crown Handler - Chapter 1: BUSY EASY MONEY
     ⏭️ Already exists: Oh, Suddenly Egyptian God
     ⏭️ Already exists: planetarian: Snow Globe
   📄 Year 2021 Page 6: 10 New, 8 Heal
[ImageService] Processing: https://s4.anilist.co/file/anilistcdn/media/anime/cover/large/bx116069-W773lKgeElXP.jpg
[ImageService] Processing: https://s4.anilist.co/file/anilistcdn/media/anime/cover/large/bx137075-EW0wiADgbSlk.jpg
[ImageService] Processing: https://s4.anilist.co/file/anilistcdn/media/anime/cover/large/bx119806-fM8V7oRgmSmh.jpg
[ImageService] Uploaded to: https://eivvjebsmxddrbbbnblr.supabase.co/storage/v1/object/public/covers/anime/biyeM6BhOpomjFhNdztmr.webp
[ImageService] Processing: https://s4.anilist.co/file/anilistcdn/media/anime/cover/large/bx123476-XuSWViuKvndL.jpg
[ImageService] Uploaded to: https://eivvjebsmxddrbbbnblr.supabase.co/storage/v1/object/public/covers/anime/Gw3EknMq9D1rDqLBcUSuX.webp
[ImageService] Uploaded to: https://eivvjebsmxddrbbbnblr.supabase.co/storage/v1/object/public/covers/anime/g6f8hXBaP88u-T-SzEESN.webp
[ImageService] Uploaded to: https://eivvjebsmxddrbbbnblr.supabase.co/storage/v1/object/public/covers/anime/HtgRIbS0G48nxNHq3GqXv.webp
[ImageService] Processing: https://s4.anilist.co/file/anilistcdn/media/anime/cover/large/bx114304-MnBLCqwyVIKe.png
[ImageService] Uploaded to: https://eivvjebsmxddrbbbnblr.supabase.co/storage/v1/object/public/covers/anime/E45peD6BRDy4P3AwPCEtc.webp
     ⏭️ Already exists: The Prince of Tennis II Hyotei vs. Rikkai Game of Future OVAs
[ImageService] Processing: https://s4.anilist.co/file/anilistcdn/media/anime/cover/large/bx125909-sCXVdbSJPpgo.jpg
[ImageService] Uploaded to: https://eivvjebsmxddrbbbnblr.supabase.co/storage/v1/object/public/covers/anime/GEpTxgXCcUgmUBsZVzcE6.webp
     ⏭️ Already exists: Tokyo 7th Sisters: Bokura wa Aozora ni Naru
[ImageService] Processing: https://s4.anilist.co/file/anilistcdn/media/anime/cover/large/bx139342-s1dL11JftMrk.png
[ImageService] Uploaded to: https://eivvjebsmxddrbbbnblr.supabase.co/storage/v1/object/public/covers/anime/zMo6UVO2P3z-DS4ntNr3M.webp
     ⏭️ Already exists: True Cooking Master Boy Season 2
[ImageService] Processing: https://s4.anilist.co/file/anilistcdn/media/anime/cover/large/bx113254-XmphpjR4LO7f.jpg
[ImageService] Uploaded to: https://eivvjebsmxddrbbbnblr.supabase.co/storage/v1/object/public/covers/anime/cPtDPWTGNp9VVm0CmWZu6.webp
     ⏭️ Already exists: VOY@GER
[ImageService] Processing: https://s4.anilist.co/file/anilistcdn/media/anime/cover/large/bx132324-xAuecCQM2wFN.png
     ⏭️ Already exists: Thunderbolt Fantasy Sword Seekers 3
[ImageService] Uploaded to: https://eivvjebsmxddrbbbnblr.supabase.co/storage/v1/object/public/covers/anime/2BWe8C4kn2qTuIVyDGvov.webp
[ImageService] Processing: https://s4.anilist.co/file/anilistcdn/media/anime/cover/large/bx136706-HWaXNgTNjJmh.png
[ImageService] Uploaded to: https://eivvjebsmxddrbbbnblr.supabase.co/storage/v1/object/public/covers/anime/UGUUcrZPrL6WMDCK7VKTC.webp
     ⏭️ Already exists: UMISEA
     ⏭️ Already exists: Tomorrow’s Leaves
     ⏭️ Already exists: TSUKIPRO THE ANIMATION 2
     ⏭️ Already exists: Reconguista in G the Movie III Legacy from Space
     ⏭️ Already exists: Ryoma! The Prince of Tennis
   📄 Year 2021 Page 7: 10 New, 12 Heal
[ImageService] Processing: https://s4.anilist.co/file/anilistcdn/media/anime/cover/large/bx130445-q3PTE3PWMZFu.jpg
[ImageService] Processing: https://s4.anilist.co/file/anilistcdn/media/anime/cover/large/bx128737-CI5WQAM4LXv6.jpg
[ImageService] Processing: https://s4.anilist.co/file/anilistcdn/media/anime/cover/large/bx129123-ntClioaA2UZ5.png
[ImageService] Uploaded to: https://eivvjebsmxddrbbbnblr.supabase.co/storage/v1/object/public/covers/anime/EGgvEVMm0b8d0enW06JD5.webp
[ImageService] Uploaded to: https://eivvjebsmxddrbbbnblr.supabase.co/storage/v1/object/public/covers/anime/xdUQ9w2mdr7L8Z9XjJtNm.webp
[ImageService] Uploaded to: https://eivvjebsmxddrbbbnblr.supabase.co/storage/v1/object/public/covers/anime/DShF508bKunqJVIob3bW7.webp
[ImageService] Processing: https://s4.anilist.co/file/anilistcdn/media/anime/cover/large/bx152001-texaLr36v24E.png
[ImageService] Uploaded to: https://eivvjebsmxddrbbbnblr.supabase.co/storage/v1/object/public/covers/anime/-pXz1efFIMO62Hg6F8Mm1.webp
[ImageService] Processing: https://s4.anilist.co/file/anilistcdn/media/anime/cover/large/bx136206-I7DZ4UO4TUel.jpg
[ImageService] Uploaded to: https://eivvjebsmxddrbbbnblr.supabase.co/storage/v1/object/public/covers/anime/W7sPwseSglEdXPU-AkbGk.webp
     ⏭️ Already exists: Shinkansen Henkei Robo Shinkalion Z
     ⏭️ Already exists: Peach Boy Riverside Mini Anime
     ⏭️ Already exists: Youkai Watch ♪
[ImageService] Processing: https://s4.anilist.co/file/anilistcdn/media/anime/cover/large/bx136642-hTNYzwC9DE63.png
[ImageService] Uploaded to: https://eivvjebsmxddrbbbnblr.supabase.co/storage/v1/object/public/covers/anime/IpfEA9QJBT0epfFzNbIfU.webp
[ImageService] Processing: https://s4.anilist.co/file/anilistcdn/media/anime/cover/medium/b154068-brntL70VGO3g.jpg
[ImageService] Uploaded to: https://eivvjebsmxddrbbbnblr.supabase.co/storage/v1/object/public/covers/anime/_5TATIAVgNWBB2MwxLPeb.webp
[ImageService] Processing: https://s4.anilist.co/file/anilistcdn/media/anime/cover/medium/b162744-U1UktYG9SgAE.jpg
[ImageService] Uploaded to: https://eivvjebsmxddrbbbnblr.supabase.co/storage/v1/object/public/covers/anime/N1kvMYkkiLa0Heaq4pTc5.webp
     ⏭️ Already exists: Pretty All Friends Selection
[ImageService] Processing: https://s4.anilist.co/file/anilistcdn/media/anime/cover/large/bx130442-uDRTXi2GrxfP.jpg
[ImageService] Uploaded to: https://eivvjebsmxddrbbbnblr.supabase.co/storage/v1/object/public/covers/anime/7Tyg-QMQtkwFA_Szler8g.webp
     ⏭️ Already exists: Santa Company: Manatsu no Merry Christmas
[ImageService] Processing: https://s4.anilist.co/file/anilistcdn/media/anime/cover/medium/b132061-zNDPlnICtDzI.png
[ImageService] Uploaded to: https://eivvjebsmxddrbbbnblr.supabase.co/storage/v1/object/public/covers/anime/thAddfbVrfdBDMgHE3l06.webp
     ⏭️ Already exists: Ryuukyuu Timeline: Mirai Shoujo to Inishie no Ou
     ⏭️ Already exists: Takano Kousaten
     ⏭️ Already exists: Taiban!
     ⏭️ Already exists: Sushi Sumo
     ⏭️ Already exists: Sayonara Watashi no Cramer Mini Anime
   📄 Year 2021 Page 8: 11 New, 12 Heal
[ImageService] Processing: https://s4.anilist.co/file/anilistcdn/media/anime/cover/large/bx130707-2Yu3UQLGiXDj.jpg
[ImageService] Processing: https://s4.anilist.co/file/anilistcdn/media/anime/cover/large/bx131118-T0uVp5pmrZpg.jpg
[ImageService] Processing: https://s4.anilist.co/file/anilistcdn/media/anime/cover/large/bx148293-KC2JqnDdEEs0.png
[ImageService] Processing: https://s4.anilist.co/file/anilistcdn/media/anime/cover/large/bx133340-1U8gRlCKGDNq.png
[ImageService] Uploaded to: https://eivvjebsmxddrbbbnblr.supabase.co/storage/v1/object/public/covers/anime/F1iWmsm10RKYE-zS3UYVS.webp
[ImageService] Uploaded to: https://eivvjebsmxddrbbbnblr.supabase.co/storage/v1/object/public/covers/anime/-hTNBCe_ZIkgHkfOVSzp8.webp
[ImageService] Uploaded to: https://eivvjebsmxddrbbbnblr.supabase.co/storage/v1/object/public/covers/anime/4qYaR43kpxvlZpjGhTxGd.webp
[ImageService] Uploaded to: https://eivvjebsmxddrbbbnblr.supabase.co/storage/v1/object/public/covers/anime/yt9uofrzwXerhhBB0RfhA.webp
[ImageService] Processing: https://s4.anilist.co/file/anilistcdn/media/anime/cover/large/bx145840-riJelaIj9Igg.png
[ImageService] Uploaded to: https://eivvjebsmxddrbbbnblr.supabase.co/storage/v1/object/public/covers/anime/JZTqMJjcXrMEnYnWWZ7lv.webp
     ⏭️ Already exists: Snack Time!
     ⏭️ Already exists: Selepro-chan! Gekijou
[ImageService] Processing: https://s4.anilist.co/file/anilistcdn/media/anime/cover/large/bx132444-SPOZrzdhmfQ2.png
     ⏭️ Already exists: Oshiete Hokusai! THE ANIMATION
     ⏭️ Already exists: Powerful Pro Yakyuu: Powerful Koukou-hen
[ImageService] Processing: https://s4.anilist.co/file/anilistcdn/media/anime/cover/large/bx136221-5Y6fo3ECwQf6.jpg
     ⏭️ Already exists: Tesla Note: Mickey to Oliver no Agent Yousei Kouza
[ImageService] Processing: https://s4.anilist.co/file/anilistcdn/media/anime/cover/large/bx132697-LFomCBEHZTEp.png
[ImageService] Processing: https://s4.anilist.co/file/anilistcdn/media/anime/cover/large/bx140028-O3pFD04rdSI4.png
[ImageService] Uploaded to: https://eivvjebsmxddrbbbnblr.supabase.co/storage/v1/object/public/covers/anime/CCZJkeV_BgMi3SENnFrK1.webp
[ImageService] Uploaded to: https://eivvjebsmxddrbbbnblr.supabase.co/storage/v1/object/public/covers/anime/-0rqhv1M9DvMyJdM_kiLd.webp
[ImageService] Uploaded to: https://eivvjebsmxddrbbbnblr.supabase.co/storage/v1/object/public/covers/anime/5x55T51HzFECiEZh0iCAo.webp
[ImageService] Uploaded to: https://eivvjebsmxddrbbbnblr.supabase.co/storage/v1/object/public/covers/anime/P2jginSXlbZ8D0IvG9I1W.webp
[ImageService] Processing: https://s4.anilist.co/file/anilistcdn/media/anime/cover/medium/b130911-pFPAAbKDA1rr.png
[ImageService] Uploaded to: https://eivvjebsmxddrbbbnblr.supabase.co/storage/v1/object/public/covers/anime/UnZFrxsrxvQ6wkPHUClK2.webp
     ⏭️ Already exists: Yuusei Koukou Tenmon-bu
[ImageService] Processing: https://s4.anilist.co/file/anilistcdn/media/anime/cover/large/bx132698-x6sU5wFSxmFN.jpg
[ImageService] Uploaded to: https://eivvjebsmxddrbbbnblr.supabase.co/storage/v1/object/public/covers/anime/bv3c5JrHC2J9F1Lt2wbuT.webp
     ⏭️ Already exists: Sumo Wrestler
     ⏭️ Already exists: Oshiri Tantei 5
     ⏭️ Already exists: Shinkai no Survival!
     ⏭️ Already exists: Riku wa Yowakunai
     ⏭️ Already exists: Oshiri Tantei: Sufuure-tou no Himitsu

📅 Processing Year: 2020
   📄 Year 2020 Page 1: 19 New, 27 Heal
[ImageService] Processing: https://s4.anilist.co/file/anilistcdn/media/anime/cover/large/bx108632-lQWnmw7XaNOK.jpg
[ImageService] Processing: https://s4.anilist.co/file/anilistcdn/media/anime/cover/large/bx115230-QHOdSN7yt8ab.jpg
[ImageService] Uploaded to: https://eivvjebsmxddrbbbnblr.supabase.co/storage/v1/object/public/covers/anime/7CuiUE29FCVmsWGKYuSxq.webp
[ImageService] Processing: https://s4.anilist.co/file/anilistcdn/media/anime/cover/large/bx113813-SnljeXpU3Pw7.jpg
[ImageService] Uploaded to: https://eivvjebsmxddrbbbnblr.supabase.co/storage/v1/object/public/covers/anime/C78057M6jwxmivTlLFuiw.webp
[ImageService] Processing: https://s4.anilist.co/file/anilistcdn/media/anime/cover/large/bx116006-Wt8JSA1ZQxlM.png
[ImageService] Uploaded to: https://eivvjebsmxddrbbbnblr.supabase.co/storage/v1/object/public/covers/anime/pNce1RLNSOaFP4NIh06BP.webp
[ImageService] Uploaded to: https://eivvjebsmxddrbbbnblr.supabase.co/storage/v1/object/public/covers/anime/qE99rWabjFRJxNE57JpU-.webp
[ImageService] Processing: https://s4.anilist.co/file/anilistcdn/media/anime/cover/large/bx112301-f88Fs2es4pSr.jpg
[ImageService] Uploaded to: https://eivvjebsmxddrbbbnblr.supabase.co/storage/v1/object/public/covers/anime/rlv3p_r-nBRdgPvbMOJzv.webp
     ⏭️ Already exists: Tower of God
     ⏭️ Already exists: Rent-a-Girlfriend
[ImageService] Processing: https://s4.anilist.co/file/anilistcdn/media/anime/cover/large/bx108463-u03vrYnyB3L9.jpg
[ImageService] Processing: https://s4.anilist.co/file/anilistcdn/media/anime/cover/large/bx116267-Eo1biPBTlL4i.jpg
[ImageService] Uploaded to: https://eivvjebsmxddrbbbnblr.supabase.co/storage/v1/object/public/covers/anime/2RIWJpe901T5YYP-JhHkO.webp
[ImageService] Uploaded to: https://eivvjebsmxddrbbbnblr.supabase.co/storage/v1/object/public/covers/anime/fgRdaKByBoldS3sZY40IE.webp
     ⏭️ Already exists: The Misfit of Demon King Academy: History’s Strongest Demon King Reincarnates and Goes to School with His Descendants
[ImageService] Processing: https://s4.anilist.co/file/anilistcdn/media/anime/cover/large/bx103047-odblDHHEdehK.jpg
[ImageService] Uploaded to: https://eivvjebsmxddrbbbnblr.supabase.co/storage/v1/object/public/covers/anime/j5OAmHKSvqW2ujncezagM.webp
     ⏭️ Already exists: Re:ZERO -Starting Life in Another World- Season 2
     ⏭️ Already exists: The God of High School
[ImageService] Processing: https://s4.anilist.co/file/anilistcdn/media/anime/cover/large/bx114308-8UBiS7U9buzu.jpg
[ImageService] Uploaded to: https://eivvjebsmxddrbbbnblr.supabase.co/storage/v1/object/public/covers/anime/YNA3wbFsNmVyfd_lZ_p-3.webp
[ImageService] Processing: https://s4.anilist.co/file/anilistcdn/media/anime/cover/large/bx114888-lgecUF3O1AWS.png
[ImageService] Uploaded to: https://eivvjebsmxddrbbbnblr.supabase.co/storage/v1/object/public/covers/anime/BDzCOeACXvwL3lbONyVzh.webp
     ⏭️ Already exists: Toilet-bound Hanako-kun
     ⏭️ Already exists: TONIKAWA: Over The Moon For You
[ImageService] Processing: https://s4.anilist.co/file/anilistcdn/media/anime/cover/large/bx112609-hBCbnYlEHluz.jpg
[ImageService] Uploaded to: https://eivvjebsmxddrbbbnblr.supabase.co/storage/v1/object/public/covers/anime/O0KSfRmJQdOto52a9eDLv.webp
[ImageService] Processing: https://s4.anilist.co/file/anilistcdn/media/anime/cover/large/bx115113-bJDZV7kP0XrP.png
[ImageService] Uploaded to: https://eivvjebsmxddrbbbnblr.supabase.co/storage/v1/object/public/covers/anime/-emVnwg036D2r-J48Pvqv.webp
     ⏭️ Already exists: Violet Evergarden: the Movie
[ImageService] Processing: https://s4.anilist.co/file/anilistcdn/media/anime/cover/large/bx101168-LY3XA61byAVo.jpg
[ImageService] Uploaded to: https://eivvjebsmxddrbbbnblr.supabase.co/storage/v1/object/public/covers/anime/ZX40946aniizyzZKCkUyi.webp
     ⏭️ Already exists: Sword Art Online: Alicization - War of Underworld Part 2
[ImageService] Processing: https://s4.anilist.co/file/anilistcdn/media/anime/cover/large/bx117343-NgCLZTaxallv.jpg
[ImageService] Uploaded to: https://eivvjebsmxddrbbbnblr.supabase.co/storage/v1/object/public/covers/anime/AS82CaYBcB5URXuIlm_Vw.webp
     ⏭️ Already exists: Uzaki-chan Wants to Hang Out!
[ImageService] Processing: https://s4.anilist.co/file/anilistcdn/media/anime/cover/large/bx107067-UOEanLoeuvYh.png
[ImageService] Uploaded to: https://eivvjebsmxddrbbbnblr.supabase.co/storage/v1/object/public/covers/anime/GV8K6LC3QfiM7fqrT16iZ.webp
     ⏭️ Already exists: The Millionaire Detective - Balance: UNLIMITED
[ImageService] Processing: https://s4.anilist.co/file/anilistcdn/media/anime/cover/large/bx112300-I5ucx66OvqWX.png
[ImageService] Uploaded to: https://eivvjebsmxddrbbbnblr.supabase.co/storage/v1/object/public/covers/anime/RKkPBlMHyyhnCzim8GKKp.webp
     ⏭️ Already exists: Wandering Witch: The Journey of Elaina
[ImageService] Processing: https://s4.anilist.co/file/anilistcdn/media/anime/cover/large/bx112667-GYFeAlZ38mXK.jpg
[ImageService] Uploaded to: https://eivvjebsmxddrbbbnblr.supabase.co/storage/v1/object/public/covers/anime/SiX52Qw6PwGVlWRGFoofh.webp
     ⏭️ Already exists: Plunderer
[ImageService] Processing: https://s4.anilist.co/file/anilistcdn/media/anime/cover/large/bx109020-sRBusiVXbsLH.jpg
[ImageService] Uploaded to: https://eivvjebsmxddrbbbnblr.supabase.co/storage/v1/object/public/covers/anime/XMxqkKQqMcDZAMmndbGbO.webp
     ⏭️ Already exists: Talentless Nana
[ImageService] Processing: https://s4.anilist.co/file/anilistcdn/media/anime/cover/large/bx108617-PgoYLgWzzm0c.png
[ImageService] Uploaded to: https://eivvjebsmxddrbbbnblr.supabase.co/storage/v1/object/public/covers/anime/iVoSejD2hXEFFMcSnKOUn.webp
     ⏭️ Already exists: Science Fell in Love, So I Tried to Prove It
     ⏭️ Already exists: Our Last Crusade or the Rise of a New World
     ⏭️ Already exists: The Irregular at Magic High School: Visitor Arc
     ⏭️ Already exists: SING "YESTERDAY" FOR ME
     ⏭️ Already exists: Somali and the Forest Spirit
   📄 Year 2020 Page 2: 9 New, 21 Heal
[ImageService] Processing: https://s4.anilist.co/file/anilistcdn/media/anime/cover/large/bx107871-ZOh7oeDd0kq9.png
[ImageService] Processing: https://s4.anilist.co/file/anilistcdn/media/anime/cover/large/bx118419-li8RpQcLgiKK.png
[ImageService] Uploaded to: https://eivvjebsmxddrbbbnblr.supabase.co/storage/v1/object/public/covers/anime/uYZT213bpMBTXjSrX3JsR.webp
[ImageService] Processing: https://s4.anilist.co/file/anilistcdn/media/anime/cover/large/bx112788-yzq8eEwO6wan.jpg
[ImageService] Uploaded to: https://eivvjebsmxddrbbbnblr.supabase.co/storage/v1/object/public/covers/anime/wqaZTcJ9KwJYxCqBHrNmW.webp
[ImageService] Uploaded to: https://eivvjebsmxddrbbbnblr.supabase.co/storage/v1/object/public/covers/anime/q4Tc226tdHi6LQ6FleM9m.webp
[ImageService] Processing: https://s4.anilist.co/file/anilistcdn/media/anime/cover/large/bx106319-LDDmqyV2rs4D.jpg
[ImageService] Processing: https://s4.anilist.co/file/anilistcdn/media/anime/cover/large/bx111428-JGrnjBDHLGQb.png
[ImageService] Uploaded to: https://eivvjebsmxddrbbbnblr.supabase.co/storage/v1/object/public/covers/anime/JAO3EWgejFFK4OczqzLSN.webp
[ImageService] Uploaded to: https://eivvjebsmxddrbbbnblr.supabase.co/storage/v1/object/public/covers/anime/rXPkA0-71IqCeZj5fW2Y1.webp
     ⏭️ Already exists: The 8th Son? Are You Kidding Me?
     ⏭️ Already exists: Sleepy Princess in the Demon Castle
     ⏭️ Already exists: The Stranger by the Shore
[ImageService] Processing: https://s4.anilist.co/file/anilistcdn/media/anime/cover/large/bx111501-qZgcR8eb86t3.png
[ImageService] Processing: https://s4.anilist.co/file/anilistcdn/media/anime/cover/large/bx109125-LRhTuc4RMct7.jpg
[ImageService] Processing: https://s4.anilist.co/file/anilistcdn/media/anime/cover/large/bx126287-dgh91tFWDlPg.png
[ImageService] Uploaded to: https://eivvjebsmxddrbbbnblr.supabase.co/storage/v1/object/public/covers/anime/ZTHMPx0ggF-cmzGcj6ZG2.webp
[ImageService] Uploaded to: https://eivvjebsmxddrbbbnblr.supabase.co/storage/v1/object/public/covers/anime/8M6FFTLTw2dEdbmA1vHte.webp
     ⏭️ Already exists: Princess Connect! Re:Dive
[ImageService] Uploaded to: https://eivvjebsmxddrbbbnblr.supabase.co/storage/v1/object/public/covers/anime/G9ciQgv4CNMK5Bd5XWSVK.webp
[ImageService] Processing: https://s4.anilist.co/file/anilistcdn/media/anime/cover/large/bx112296-fkwRQQpfNJX2.png
[ImageService] Uploaded to: https://eivvjebsmxddrbbbnblr.supabase.co/storage/v1/object/public/covers/anime/ZrAfaf8SGsZfpr2qF8Zt8.webp
     ⏭️ Already exists: The Day I Became a God
     ⏭️ Already exists: PUPARIA
     ⏭️ Already exists: Strike the Blood IV
     ⏭️ Already exists: Smile Down the Runway
     ⏭️ Already exists: Omoi, Omoware, Furi, Furare
   📄 Year 2020 Page 3: 8 New, 0 Heal
[ImageService] Processing: https://s4.anilist.co/file/anilistcdn/media/anime/cover/large/bx113932-2sY3uAQq9qSz.png
[ImageService] Processing: https://s4.anilist.co/file/anilistcdn/media/anime/cover/large/bx116173-1oLcZkw6lkvM.jpg
[ImageService] Processing: https://s4.anilist.co/file/anilistcdn/media/anime/cover/large/bx122807-m8jdQLQRSSUI.jpg
[ImageService] Processing: https://s4.anilist.co/file/anilistcdn/media/anime/cover/large/bx116226-Pvs82HwToipq.jpg
[ImageService] Processing: https://s4.anilist.co/file/anilistcdn/media/anime/cover/large/bx112930-G15f7gmpXPs3.jpg
[ImageService] Uploaded to: https://eivvjebsmxddrbbbnblr.supabase.co/storage/v1/object/public/covers/anime/Cw6ac0aEv_l16tt0shgUL.webp
[ImageService] Uploaded to: https://eivvjebsmxddrbbbnblr.supabase.co/storage/v1/object/public/covers/anime/Qx_RiWxzSCNCNS-LvkHf-.webp
[ImageService] Uploaded to: https://eivvjebsmxddrbbbnblr.supabase.co/storage/v1/object/public/covers/anime/5ba1ZfGzobme__uQjBssQ.webp
[ImageService] Uploaded to: https://eivvjebsmxddrbbbnblr.supabase.co/storage/v1/object/public/covers/anime/Zf1XTDS93ChvaBlKCbTYI.webp
[ImageService] Uploaded to: https://eivvjebsmxddrbbbnblr.supabase.co/storage/v1/object/public/covers/anime/UItDJ5vE_8k2HaCf86dIC.webp
     ⏭️ Already exists: Pokémon: Twilight Wings
[ImageService] Processing: https://s4.anilist.co/file/anilistcdn/media/anime/cover/medium/b120700-buuy9COgsBTa.jpg
[ImageService] Uploaded to: https://eivvjebsmxddrbbbnblr.supabase.co/storage/v1/object/public/covers/anime/-tyvkw0qplYsg6lr_MPLJ.webp
     ⏭️ Already exists: The Gymnastics Samurai
[ImageService] Processing: https://s4.anilist.co/file/anilistcdn/media/anime/cover/large/bx112324-RM9uxYAFhi3c.jpg
[ImageService] Uploaded to: https://eivvjebsmxddrbbbnblr.supabase.co/storage/v1/object/public/covers/anime/W3jXy4hy-MuBlfLlYGgXu.webp
     ⏭️ Already exists: Warlords of Sigrdrifa
     ⏭️ Already exists: Yes, No, or Maybe?
[ImageService] Processing: https://s4.anilist.co/file/anilistcdn/media/anime/cover/large/bx117496-CP35rVXw69hq.png
     ⏭️ Already exists: Over the Sky
[ImageService] Uploaded to: https://eivvjebsmxddrbbbnblr.supabase.co/storage/v1/object/public/covers/anime/7R0H1CQ8y-acUlqL9NcV8.webp
     ⏭️ Already exists: Strike the Blood: Kieta Seisou-hen
     ⏭️ Already exists: Re:Zero kara Hajimeru Kyuukei Jikan (Break Time) 2nd Season
     ⏭️ Already exists: Yesterday wo Utatte Extras
   📄 Year 2020 Page 4: 16 New, 2 Heal
[ImageService] Processing: https://s4.anilist.co/file/anilistcdn/media/anime/cover/large/bx109964-WLzxb4UNBJxM.png
[ImageService] Processing: https://s4.anilist.co/file/anilistcdn/media/anime/cover/large/bx111944-6AHl7awl7gyx.jpg
[ImageService] Processing: https://s4.anilist.co/file/anilistcdn/media/anime/cover/large/bx120046-YWcYUdha79t5.jpg
[ImageService] Processing: https://s4.anilist.co/file/anilistcdn/media/anime/cover/medium/b114981-YkNZTH8Jfsn2.jpg
[ImageService] Processing: https://s4.anilist.co/file/anilistcdn/media/anime/cover/large/bx111500-YqqWk16db7FX.jpg
[ImageService] Uploaded to: https://eivvjebsmxddrbbbnblr.supabase.co/storage/v1/object/public/covers/anime/rfWY635ft3kDGR0mbuLMV.webp
[ImageService] Uploaded to: https://eivvjebsmxddrbbbnblr.supabase.co/storage/v1/object/public/covers/anime/tqRjlqGgfL__DHIbAMv_I.webp
[ImageService] Uploaded to: https://eivvjebsmxddrbbbnblr.supabase.co/storage/v1/object/public/covers/anime/IiGj-AlD9aSg6SpAYEAMs.webp
[ImageService] Uploaded to: https://eivvjebsmxddrbbbnblr.supabase.co/storage/v1/object/public/covers/anime/YIrt0UV3Hrhf9anglQga8.webp
[ImageService] Uploaded to: https://eivvjebsmxddrbbbnblr.supabase.co/storage/v1/object/public/covers/anime/btb09oO3a9fAUVqPr0zT4.webp
     ⏭️ Already exists: ROOM CAMP: Saunas and Grub and Three-Wheeler Bikes
     ⏭️ Already exists: Uchitama?! Have you seen my Tama?
[ImageService] Processing: https://s4.anilist.co/file/anilistcdn/media/anime/cover/large/bx113470-Ecw16VC6b2V2.jpg
[ImageService] Processing: https://s4.anilist.co/file/anilistcdn/media/anime/cover/large/bx112177-dzPKFocyvP53.png
[ImageService] Uploaded to: https://eivvjebsmxddrbbbnblr.supabase.co/storage/v1/object/public/covers/anime/E_Gz0xnHUz2IqZdVDl8Af.webp
[ImageService] Uploaded to: https://eivvjebsmxddrbbbnblr.supabase.co/storage/v1/object/public/covers/anime/zlMmFOLFMwsKi8GM4jo_Q.webp
     ⏭️ Already exists: Take My Brother Away! 4
[ImageService] Processing: https://s4.anilist.co/file/anilistcdn/media/anime/cover/large/bx111305-ZbWuXJv98Afj.png
[ImageService] Uploaded to: https://eivvjebsmxddrbbbnblr.supabase.co/storage/v1/object/public/covers/anime/k9HmHypA2EHyoJM3Y6uuY.webp
     ⏭️ Already exists: ON-GAKU: OUR SOUND
[ImageService] Processing: https://s4.anilist.co/file/anilistcdn/media/anime/cover/medium/b110613-UVk4CINXaRnX.jpg
[ImageService] Uploaded to: https://eivvjebsmxddrbbbnblr.supabase.co/storage/v1/object/public/covers/anime/wbV5glEcSJiap8ZUsTfjD.webp
     ⏭️ Already exists: Sakura Wars the Animation
[ImageService] Processing: https://s4.anilist.co/file/anilistcdn/media/anime/cover/large/bx114072-3C6Bbv490sNj.jpg
[ImageService] Uploaded to: https://eivvjebsmxddrbbbnblr.supabase.co/storage/v1/object/public/covers/anime/HG3yep-tuPUGPDiejwMYT.webp
     ⏭️ Already exists: Sekaiichi Hatsukoi: Propose-hen
     ⏭️ Already exists: Oda Cinnamon Nobunaga
[ImageService] Processing: https://s4.anilist.co/file/anilistcdn/media/anime/cover/large/bx113023-ppUSdBgb9pzc.jpg
[ImageService] Processing: https://s4.anilist.co/file/anilistcdn/media/anime/cover/large/bx119964-9CGb99VzyuCQ.jpg
[ImageService] Uploaded to: https://eivvjebsmxddrbbbnblr.supabase.co/storage/v1/object/public/covers/anime/CzM5Ml-JeGDkkeCLFHO18.webp
[ImageService] Uploaded to: https://eivvjebsmxddrbbbnblr.supabase.co/storage/v1/object/public/covers/anime/xdzJ-OBPI-cu1eEzPBe6V.webp
     ⏭️ Already exists: SHOW BY ROCK!! Mashumairesh!!
     ⏭️ Already exists: The Ones Within OVA
[ImageService] Processing: https://s4.anilist.co/file/anilistcdn/media/anime/cover/large/bx127225-rOkSrij8NdQp.png
[ImageService] Processing: https://s4.anilist.co/file/anilistcdn/media/anime/cover/large/bx115651-KuMrmCmjkkyh.jpg
[ImageService] Uploaded to: https://eivvjebsmxddrbbbnblr.supabase.co/storage/v1/object/public/covers/anime/m3RcSMBM3ZRcm6JqMVz6L.webp
[ImageService] Uploaded to: https://eivvjebsmxddrbbbnblr.supabase.co/storage/v1/object/public/covers/anime/dGweb6LB-tOW1dwIdA9YT.webp
     ⏭️ Already exists: POKÉTOON
[ImageService] Processing: https://s4.anilist.co/file/anilistcdn/media/anime/cover/large/bx125308-rxK3icoDdhGl.png
     ⏭️ Already exists: Yu-Gi-Oh! SEVENS
[ImageService] Uploaded to: https://eivvjebsmxddrbbbnblr.supabase.co/storage/v1/object/public/covers/anime/lXKTMAMg2r0WpVGwCdtZ8.webp
[ImageService] Processing: https://s4.anilist.co/file/anilistcdn/media/anime/cover/large/bx98776-St71l4PsKVX6.jpg
[ImageService] Uploaded to: https://eivvjebsmxddrbbbnblr.supabase.co/storage/v1/object/public/covers/anime/YrYH6fdyT8Fyyv8FP_9UR.webp
     ⏭️ Already exists: Sorcerous Stabber Orphen: Celestial Artifacts
     ⏭️ Already exists: Shoujo☆Kageki Revue Starlight: Rondo Rondo Rondo
     ⏭️ Already exists: Pokémon: Twilight Wings - The Gathering of Stars
     ⏭️ Already exists: Poupelle of Chimney Town
     ⏭️ Already exists: Slimetachi no Idobata Kaigi: Slime Tsukai to Slime no Maou
   📄 Year 2020 Page 5: 11 New, 6 Heal
[ImageService] Processing: https://s4.anilist.co/file/anilistcdn/media/anime/cover/large/bx105244-0EhJURYarzXl.jpg
[ImageService] Processing: https://s4.anilist.co/file/anilistcdn/media/anime/cover/large/bx112166-DkjlCbe33Zzo.jpg
[ImageService] Processing: https://s4.anilist.co/file/anilistcdn/media/anime/cover/large/bx114891-XMuVHEbi68mJ.jpg
[ImageService] Processing: https://s4.anilist.co/file/anilistcdn/media/anime/cover/large/bx112612-VfJQWhYW0J82.jpg
[ImageService] Processing: https://s4.anilist.co/file/anilistcdn/media/anime/cover/large/bx113187-mpa6ZxnnBsj8.jpg
[ImageService] Uploaded to: https://eivvjebsmxddrbbbnblr.supabase.co/storage/v1/object/public/covers/anime/sqzz-39MsVJ0EfKVjL0Z1.webp
[ImageService] Uploaded to: https://eivvjebsmxddrbbbnblr.supabase.co/storage/v1/object/public/covers/anime/l5lbuaDnulP3gtF0SEZAK.webp
[ImageService] Uploaded to: https://eivvjebsmxddrbbbnblr.supabase.co/storage/v1/object/public/covers/anime/LvopVjgphlwCn5aYTPswl.webp
[ImageService] Uploaded to: https://eivvjebsmxddrbbbnblr.supabase.co/storage/v1/object/public/covers/anime/uhmRCoMZHW7JSF4h6JNAL.webp
[ImageService] Uploaded to: https://eivvjebsmxddrbbbnblr.supabase.co/storage/v1/object/public/covers/anime/XbZ_dxjw3txzijlTKNudt.webp
     ⏭️ Already exists: The House Spirit Tatami-chan
     ⏭️ Already exists: Precure Miracle Leap: Minna to no Fushigi na Ichinichi
[ImageService] Processing: https://s4.anilist.co/file/anilistcdn/media/anime/cover/large/bx114334-dnyyhvuS20dU.jpg
[ImageService] Processing: https://s4.anilist.co/file/anilistcdn/media/anime/cover/large/bx114442-wEY2gcxKFhdg.png
[ImageService] Uploaded to: https://eivvjebsmxddrbbbnblr.supabase.co/storage/v1/object/public/covers/anime/O2xOs-H8v6ciq50_cLXav.webp
[ImageService] Uploaded to: https://eivvjebsmxddrbbbnblr.supabase.co/storage/v1/object/public/covers/anime/JLPoWEPa83-di_fMMMUrq.webp
     ⏭️ Already exists: Null & Peta: Slippery and Sticky! Big Sister Bikini Battle!
[ImageService] Processing: https://s4.anilist.co/file/anilistcdn/media/anime/cover/large/bx113864-x75Ts1B8QYjf.jpg
[ImageService] Uploaded to: https://eivvjebsmxddrbbbnblr.supabase.co/storage/v1/object/public/covers/anime/3U1JXJykpnKLaAOswtZJJ.webp
     ⏭️ Already exists: TSUKIUTA. The Animation Season 2
[ImageService] Processing: https://s4.anilist.co/file/anilistcdn/media/anime/cover/large/bx124668-2OPGrDAnX4O0.png
[ImageService] Uploaded to: https://eivvjebsmxddrbbbnblr.supabase.co/storage/v1/object/public/covers/anime/p9_GZTqS2KiYRNGLg61Ci.webp
     ⏭️ Already exists: Outburst Dreamer Boys: It's the Destiny of Those Born as Men
[ImageService] Processing: https://s4.anilist.co/file/anilistcdn/media/anime/cover/large/bx127040-0kUS5rmpcsfW.jpg
[ImageService] Uploaded to: https://eivvjebsmxddrbbbnblr.supabase.co/storage/v1/object/public/covers/anime/WLD-G1wZsppfKBbYtBN1Q.webp
     ⏭️ Already exists: Special Crime Investigation Unit - Special 7 OVA
[ImageService] Processing: https://s4.anilist.co/file/anilistcdn/media/anime/cover/large/bx113472-eCohv2grT8J4.png
[ImageService] Uploaded to: https://eivvjebsmxddrbbbnblr.supabase.co/storage/v1/object/public/covers/anime/jNOrBBFE4ffR7Zo8fsOUj.webp
     ⏭️ Already exists: Tenchi Muyo! Ryo-Ohki Season 5
     ⏭️ Already exists: Slimetachi no Idobata Kaigi
     ⏭️ Already exists: Reconguista in G the Movie II Bellri’s Fierce Charge
     ⏭️ Already exists: Tounen-bun no Watashi e
     ⏭️ Already exists: Youkai Watch Jam: Youkai Gakuen Y - N to no Souguu
   📄 Year 2020 Page 6: 22 New, 8 Heal
[ImageService] Processing: https://s4.anilist.co/file/anilistcdn/media/anime/cover/large/bx114945-YimcesTfneqf.jpg
[ImageService] Processing: https://s4.anilist.co/file/anilistcdn/media/anime/cover/large/bx116328-8A0lsY232bTF.png
[ImageService] Uploaded to: https://eivvjebsmxddrbbbnblr.supabase.co/storage/v1/object/public/covers/anime/QoW9IroZrM12c1llv2saJ.webp
[ImageService] Uploaded to: https://eivvjebsmxddrbbbnblr.supabase.co/storage/v1/object/public/covers/anime/8snSSCsufEedgNG7uMFYo.webp
[ImageService] Processing: https://s4.anilist.co/file/anilistcdn/media/anime/cover/large/bx114721-knheUh9iVVFK.jpg
[ImageService] Processing: https://s4.anilist.co/file/anilistcdn/media/anime/cover/medium/b123612-GwKx370yIzDi.jpg
[ImageService] Uploaded to: https://eivvjebsmxddrbbbnblr.supabase.co/storage/v1/object/public/covers/anime/3waHCo_5mgQfFjD-0rWdx.webp
[ImageService] Uploaded to: https://eivvjebsmxddrbbbnblr.supabase.co/storage/v1/object/public/covers/anime/ypbAYAeBkCwN-VhrbST8R.webp
[ImageService] Processing: https://s4.anilist.co/file/anilistcdn/media/anime/cover/large/bx114717-BrI8RVqye7Sd.jpg
[ImageService] Uploaded to: https://eivvjebsmxddrbbbnblr.supabase.co/storage/v1/object/public/covers/anime/GmvvRBq7Iypk-H3F-kB-t.webp
     ⏭️ Already exists: Runway de Waratte Mini
     ⏭️ Already exists: Tomica Kizuna Mode Combine Earth Granner
[ImageService] Processing: https://s4.anilist.co/file/anilistcdn/media/anime/cover/large/bx115654-9nQBxGRaPQQw.png
[ImageService] Processing: https://s4.anilist.co/file/anilistcdn/media/anime/cover/large/bx124960-8pHA2k0lNBZt.jpg
[ImageService] Uploaded to: https://eivvjebsmxddrbbbnblr.supabase.co/storage/v1/object/public/covers/anime/6o5zUYcs_RcM_ZBJT8oSS.webp
     ⏭️ Already exists: OBSOLETE Part II
[ImageService] Uploaded to: https://eivvjebsmxddrbbbnblr.supabase.co/storage/v1/object/public/covers/anime/I52N8deuS7QxVznv-aQXC.webp
[ImageService] Processing: https://s4.anilist.co/file/anilistcdn/media/anime/cover/large/bx118077-jIxMjIASqJ4U.jpg
[ImageService] Uploaded to: https://eivvjebsmxddrbbbnblr.supabase.co/storage/v1/object/public/covers/anime/hKwykcTB903Dba5kBg4H9.webp
     ⏭️ Already exists: Sakura Kakumei: Hanasaku Otome-tachi
[ImageService] Processing: https://s4.anilist.co/file/anilistcdn/media/anime/cover/large/bx130448-RCB4OPYMmD5R.png
[ImageService] Uploaded to: https://eivvjebsmxddrbbbnblr.supabase.co/storage/v1/object/public/covers/anime/95F5EEv4E13VoRXehKcFs.webp
     ⏭️ Already exists: Rebecca
[ImageService] Processing: https://s4.anilist.co/file/anilistcdn/media/anime/cover/medium/b114765-g72SKDpOl1Ph.jpg
[ImageService] Uploaded to: https://eivvjebsmxddrbbbnblr.supabase.co/storage/v1/object/public/covers/anime/CIln4cGKgGcw5vlmUBd6K.webp
     ⏭️ Already exists: OTMGirls no YOKIYOKI Channel
[ImageService] Processing: https://s4.anilist.co/file/anilistcdn/media/anime/cover/large/bx122632-nwu9D6gnbThG.jpg
[ImageService] Uploaded to: https://eivvjebsmxddrbbbnblr.supabase.co/storage/v1/object/public/covers/anime/xWEXMteunMJNKLZvOh2Dj.webp
   ⚠️ Primary model refused "Saezuru Doubutsu wa Yarushikanai!". Switching to Grok...
     ⏭️ Already exists: Pretending to forget
[ImageService] Processing: https://s4.anilist.co/file/anilistcdn/media/anime/cover/large/bx117325-f1ijlg6Ow73I.png
[ImageService] Uploaded to: https://eivvjebsmxddrbbbnblr.supabase.co/storage/v1/object/public/covers/anime/OeHEVeXP3ED5CczHJPPtj.webp
     ⏭️ Already exists: Pachislot Eureka Seven 3
[ImageService] Processing: https://s4.anilist.co/file/anilistcdn/media/anime/cover/large/bx114196-CiyGipoGtXeq.png
[ImageService] Uploaded to: https://eivvjebsmxddrbbbnblr.supabase.co/storage/v1/object/public/covers/anime/t8SKcymdbzIwlDyeJxvcR.webp
     ⏭️ Already exists: Saikyo Kamizmode!
     ⏭️ Already exists: Watanuki-san Chi to
[ImageService] Processing: https://s4.anilist.co/file/anilistcdn/media/anime/cover/large/bx156907-3KhdHCzNEOdm.jpg
[ImageService] Processing: https://s4.anilist.co/file/anilistcdn/media/anime/cover/medium/b114948-zarZxhKxW2vP.png
[ImageService] Uploaded to: https://eivvjebsmxddrbbbnblr.supabase.co/storage/v1/object/public/covers/anime/5VVjdRkJMa0_MkYMO1VlY.webp
[ImageService] Uploaded to: https://eivvjebsmxddrbbbnblr.supabase.co/storage/v1/object/public/covers/anime/bLq2fMUfE8MldlanV8WfV.webp
     ⏭️ Already exists: Saezuru Doubutsu wa Yarushikanai!
[ImageService] Processing: https://s4.anilist.co/file/anilistcdn/media/anime/cover/medium/b118168-s2xCagiRynkz.png
[ImageService] Uploaded to: https://eivvjebsmxddrbbbnblr.supabase.co/storage/v1/object/public/covers/anime/Bf3kbbClH2YmQ5eq5xl6W.webp
     ⏭️ Already exists: Puso Ni Comi: Okawari
[ImageService] Processing: https://s4.anilist.co/file/anilistcdn/media/anime/cover/large/bx137613-Wo4fsGKOjwiL.png
[ImageService] Uploaded to: https://eivvjebsmxddrbbbnblr.supabase.co/storage/v1/object/public/covers/anime/cDas-dMERqllR0eO7eIQ_.webp
     ⏭️ Already exists: Urashimasakatasen no Nichijou OVA
[ImageService] Processing: https://s4.anilist.co/file/anilistcdn/media/anime/cover/medium/b127213-kxndbSeGn6uu.png
[ImageService] Uploaded to: https://eivvjebsmxddrbbbnblr.supabase.co/storage/v1/object/public/covers/anime/tM1RWaxDv4gqtz0_pbbxK.webp
     ⏭️ Already exists: Ometeotl≠HERO
[ImageService] Processing: https://s4.anilist.co/file/anilistcdn/media/anime/cover/large/bx136950-USjjHRgILCSh.png
     ⏭️ Already exists: OTMGirls no YOKIYOKI Channel: Birthday special story
[ImageService] Uploaded to: https://eivvjebsmxddrbbbnblr.supabase.co/storage/v1/object/public/covers/anime/deeUPU0-ttUMjLB8R8L_k.webp
[ImageService] Processing: https://s4.anilist.co/file/anilistcdn/media/anime/cover/medium/b126643-SkX9PTgcMMZZ.jpg
[ImageService] Uploaded to: https://eivvjebsmxddrbbbnblr.supabase.co/storage/v1/object/public/covers/anime/NXKVykQNHVAu5M9nEdv7f.webp
     ⏭️ Already exists: Shabake
[ImageService] Processing: https://s4.anilist.co/file/anilistcdn/media/anime/cover/medium/b147764-zFU2zVAoPkRZ.jpg
[ImageService] Uploaded to: https://eivvjebsmxddrbbbnblr.supabase.co/storage/v1/object/public/covers/anime/6EVHk-iJ25cimLf9C06T8.webp
     ⏭️ Already exists: Welcome to the JAPARI PARK Season 2
[ImageService] Processing: https://s4.anilist.co/file/anilistcdn/media/anime/cover/large/bx125331-fFOiEhylCXfn.jpg
[ImageService] Uploaded to: https://eivvjebsmxddrbbbnblr.supabase.co/storage/v1/object/public/covers/anime/cZtFO4g4XUTfGRja6S_s6.webp
     ⏭️ Already exists: Tensei mae no Ryouma to Tabuchi
     ⏭️ Already exists: XPICE
     ⏭️ Already exists: Zo Zo Zombie
     ⏭️ Already exists: Zoids Wild Senki
     ⏭️ Already exists: Sirotsumekusa
   📄 Year 2020 Page 7: 5 New, 2 Heal
[ImageService] Processing: https://s4.anilist.co/file/anilistcdn/media/anime/cover/large/bx132696-TIe7Ebn0vVSP.jpg
[ImageService] Processing: https://s4.anilist.co/file/anilistcdn/media/anime/cover/large/bx179778-0JIzFhPxJQ9T.png
[ImageService] Processing: https://s4.anilist.co/file/anilistcdn/media/anime/cover/large/bx116224-Q1KohLIB4449.jpg
[ImageService] Processing: https://s4.anilist.co/file/anilistcdn/media/anime/cover/medium/b126656-lcAOXwrVOUHy.jpg
[ImageService] Processing: https://s4.anilist.co/file/anilistcdn/media/anime/cover/medium/b176863-NABxznB07b6S.jpg
[ImageService] Uploaded to: https://eivvjebsmxddrbbbnblr.supabase.co/storage/v1/object/public/covers/anime/edTvRHhGnftB1_B82fudj.webp
[ImageService] Uploaded to: https://eivvjebsmxddrbbbnblr.supabase.co/storage/v1/object/public/covers/anime/MmMf_KK_Q0l703O8t5I-Q.webp
[ImageService] Uploaded to: https://eivvjebsmxddrbbbnblr.supabase.co/storage/v1/object/public/covers/anime/JBEqqMgclBmMfS_oblg4K.webp
[ImageService] Uploaded to: https://eivvjebsmxddrbbbnblr.supabase.co/storage/v1/object/public/covers/anime/Z1XYPWToLiG5okGN0Ey0Y.webp
[ImageService] Uploaded to: https://eivvjebsmxddrbbbnblr.supabase.co/storage/v1/object/public/covers/anime/nLsbubQZVBWcSGh1E4Te1.webp
     ⏭️ Already exists: Tsukiusa. Gekijou
     ⏭️ Already exists: Tales of Crestoria Behind the Scenes
     ⏭️ Already exists: Oshiri Tantei 4
     ⏭️ Already exists: Zetsumetsu Kigu-shun. (2020)
     ⏭️ Already exists: Oshiri Tantei: Tentou Mushi Iseki no Nazo

📅 Processing Year: 2019
   📄 Year 2019 Page 1: 19 New, 31 Heal
[ImageService] Processing: https://s4.anilist.co/file/anilistcdn/media/anime/cover/large/bx101759-8UR7r9MNVpz2.jpg
[ImageService] Processing: https://s4.anilist.co/file/anilistcdn/media/anime/cover/large/bx101348-2fhDFPCuMNiz.jpg
[ImageService] Uploaded to: https://eivvjebsmxddrbbbnblr.supabase.co/storage/v1/object/public/covers/anime/kfW-WbIwim9vb6GplFD-B.webp
[ImageService] Uploaded to: https://eivvjebsmxddrbbbnblr.supabase.co/storage/v1/object/public/covers/anime/fcCfj0P5saPIRbSEnJWcu.webp
[ImageService] Processing: https://s4.anilist.co/file/anilistcdn/media/anime/cover/large/bx97668-nC8gQrXVxt7k.png
[ImageService] Processing: https://s4.anilist.co/file/anilistcdn/media/anime/cover/large/bx99263-LcazQwdlWzMy.jpg
[ImageService] Uploaded to: https://eivvjebsmxddrbbbnblr.supabase.co/storage/v1/object/public/covers/anime/5qWeIN_JAFSwPyCSYhABt.webp
[ImageService] Uploaded to: https://eivvjebsmxddrbbbnblr.supabase.co/storage/v1/object/public/covers/anime/KoB11EW1inaDfr7CRk6vn.webp
[ImageService] Processing: https://s4.anilist.co/file/anilistcdn/media/anime/cover/large/bx106286-5COcpd0J9VbL.png
[ImageService] Uploaded to: https://eivvjebsmxddrbbbnblr.supabase.co/storage/v1/object/public/covers/anime/UNTbxX3UaFirZ-qRB_1zN.webp
     ⏭️ Already exists: Vinland Saga
[ImageService] Processing: https://s4.anilist.co/file/anilistcdn/media/anime/cover/large/bx103572-cchriAdH95cQ.png
[ImageService] Uploaded to: https://eivvjebsmxddrbbbnblr.supabase.co/storage/v1/object/public/covers/anime/JKMrum2_J-PiV40inyB7C.webp
     ⏭️ Already exists: The Rising of the Shield Hero
     ⏭️ Already exists: The Promised Neverland
[ImageService] Processing: https://s4.anilist.co/file/anilistcdn/media/anime/cover/large/bx104157-rk99XI56PaIC.jpg
[ImageService] Uploaded to: https://eivvjebsmxddrbbbnblr.supabase.co/storage/v1/object/public/covers/anime/uZVf7RGSu0n7beRX8G063.webp
     ⏭️ Already exists: One-Punch Man Season 2
[ImageService] Processing: https://s4.anilist.co/file/anilistcdn/media/anime/cover/large/bx108759-jcXbDf9BJTcb.jpg
[ImageService] Uploaded to: https://eivvjebsmxddrbbbnblr.supabase.co/storage/v1/object/public/covers/anime/xycciMUCWHmS-NwdmEY2Z.webp
[ImageService] Processing: https://s4.anilist.co/file/anilistcdn/media/anime/cover/large/bx108928-DuyUzi0JyPIr.jpg
[ImageService] Uploaded to: https://eivvjebsmxddrbbbnblr.supabase.co/storage/v1/object/public/covers/anime/QnlDXqIc5-xVn6xcXaUbr.webp
     ⏭️ Already exists: The Quintessential Quintuplets
[ImageService] Processing: https://s4.anilist.co/file/anilistcdn/media/anime/cover/large/bx100112-eExFpnYG2QAK.jpg
[ImageService] Uploaded to: https://eivvjebsmxddrbbbnblr.supabase.co/storage/v1/object/public/covers/anime/Ou3iKJJFf34h9Nz16iZs7.webp
     ⏭️ Already exists: The Seven Deadly Sins: Imperial Wrath of the Gods
     ⏭️ Already exists: Rascal Does Not Dream of a Dreaming Girl
[ImageService] Processing: https://s4.anilist.co/file/anilistcdn/media/anime/cover/large/bx107693-A9bSSFAMxA6j.jpg
[ImageService] Uploaded to: https://eivvjebsmxddrbbbnblr.supabase.co/storage/v1/object/public/covers/anime/W80rm-cl3xYYyxdFmsNIX.webp
[ImageService] Processing: https://s4.anilist.co/file/anilistcdn/media/anime/cover/large/bx109190-e8mv1qdmpjLW.jpg
[ImageService] Uploaded to: https://eivvjebsmxddrbbbnblr.supabase.co/storage/v1/object/public/covers/anime/nk3Vta7T643UUs5gTMdRp.webp
     ⏭️ Already exists: Sword Art Online: Alicization - War of Underworld
[ImageService] Processing: https://s4.anilist.co/file/anilistcdn/media/anime/cover/large/bx104464-UdOCt3uyA2K9.png
[ImageService] Uploaded to: https://eivvjebsmxddrbbbnblr.supabase.co/storage/v1/object/public/covers/anime/LcPs6wGXVR2bTIQAueA7L.webp
     ⏭️ Already exists: Wise Man’s Grandchild
[ImageService] Processing: https://s4.anilist.co/file/anilistcdn/media/anime/cover/large/bx103900-E3rqgpq4X0Py.jpg
[ImageService] Uploaded to: https://eivvjebsmxddrbbbnblr.supabase.co/storage/v1/object/public/covers/anime/f0jG3pauRWv_ZTCm5GjdE.webp
     ⏭️ Already exists: Violet Evergarden: Eternity and the Auto Memory Doll
     ⏭️ Already exists: ORESUKI: Are you the only one who loves me?
[ImageService] Processing: https://s4.anilist.co/file/anilistcdn/media/anime/cover/large/bx99425-CQ500X23zp4i.png
[ImageService] Uploaded to: https://eivvjebsmxddrbbbnblr.supabase.co/storage/v1/object/public/covers/anime/3w2EJwpOevy0W82MldQSE.webp
[ImageService] Processing: https://s4.anilist.co/file/anilistcdn/media/anime/cover/large/bx105932-OCI48MaTvGXT.png
[ImageService] Uploaded to: https://eivvjebsmxddrbbbnblr.supabase.co/storage/v1/object/public/covers/anime/BtYqU5AddmuwzQq1ZM7Q8.webp
⚠️ Description rewrite failed for "Weathering With You"
     ⏭️ Already exists: Welcome to Demon School! Iruma-kun
[ImageService] Processing: https://s4.anilist.co/file/anilistcdn/media/anime/cover/large/bx105914-WBCcucTOrU0L.png
[ImageService] Uploaded to: https://eivvjebsmxddrbbbnblr.supabase.co/storage/v1/object/public/covers/anime/x0fR189l3JIC0RHbJxF62.webp
     ⏭️ Already exists: We Never Learn: BOKUBEN
[ImageService] Processing: https://s4.anilist.co/file/anilistcdn/media/anime/cover/large/bx105018-XM7rFyryltjb.jpg
[ImageService] Uploaded to: https://eivvjebsmxddrbbbnblr.supabase.co/storage/v1/object/public/covers/anime/CZu6NQDhy0Ute7XcO1rze.webp
     ⏭️ Already exists: Weathering With You
[ImageService] Processing: https://s4.anilist.co/file/anilistcdn/media/anime/cover/medium/b112625-5Qi2PEQqITCa.jpg
[ImageService] Uploaded to: https://eivvjebsmxddrbbbnblr.supabase.co/storage/v1/object/public/covers/anime/DCEAze7ptC-g0KGjCPKKb.webp
     ⏭️ Already exists: O Maidens in Your Savage Season
     ⏭️ Already exists: Promare
     ⏭️ Already exists: The Helpful Fox Senko-san
     ⏭️ Already exists: The Disastrous Life of Saiki K.: Reawakened
     ⏭️ Already exists: Ride Your Wave
   📄 Year 2019 Page 2: 8 New, 36 Heal
[ImageService] Processing: https://s4.anilist.co/file/anilistcdn/media/anime/cover/large/bx100878-npKVJvggmK6a.jpg
[ImageService] Processing: https://s4.anilist.co/file/anilistcdn/media/anime/cover/large/bx107068-KJq0eFP0GTjL.jpg
[ImageService] Uploaded to: https://eivvjebsmxddrbbbnblr.supabase.co/storage/v1/object/public/covers/anime/LDOGdDnRrHOg_98jdCBZt.webp
[ImageService] Uploaded to: https://eivvjebsmxddrbbbnblr.supabase.co/storage/v1/object/public/covers/anime/TLKI8RCQsZv9IJoDmyAfX.webp
[ImageService] Processing: https://s4.anilist.co/file/anilistcdn/media/anime/cover/large/bx110229-uBjHp2cbXYVL.jpg
[ImageService] Uploaded to: https://eivvjebsmxddrbbbnblr.supabase.co/storage/v1/object/public/covers/anime/xS_bBJ6L0XG-8gfRIZwAa.webp
[ImageService] Processing: https://s4.anilist.co/file/anilistcdn/media/anime/cover/large/bx106509-nTJyMJKbvRFn.jpg
[ImageService] Uploaded to: https://eivvjebsmxddrbbbnblr.supabase.co/storage/v1/object/public/covers/anime/Xh7kO9_lNTYTbKUEyHi4x.webp
[ImageService] Processing: https://s4.anilist.co/file/anilistcdn/media/anime/cover/large/bx104052-vjxtx7LJiTgb.jpg
[ImageService] Uploaded to: https://eivvjebsmxddrbbbnblr.supabase.co/storage/v1/object/public/covers/anime/SnffiZxAZoD67r4m4-j12.webp
     ⏭️ Already exists: Stars Align
[ImageService] Processing: https://s4.anilist.co/file/anilistcdn/media/anime/cover/large/bx108307-2vfdTNsxoS8H.jpg
[ImageService] Uploaded to: https://eivvjebsmxddrbbbnblr.supabase.co/storage/v1/object/public/covers/anime/XlJHWeLF1XMsm1N0nCGZh.webp
     ⏭️ Already exists: Saga of Tanya the Evil - the Movie -
[ImageService] Processing: https://s4.anilist.co/file/anilistcdn/media/anime/cover/large/bx104217-PoZOCoWD5ei8.jpg
[ImageService] Uploaded to: https://eivvjebsmxddrbbbnblr.supabase.co/storage/v1/object/public/covers/anime/ckclhF_bxcbuv6fSa3beX.webp
     ⏭️ Already exists: We Never Learn!: BOKUBEN Season 2
     ⏭️ Already exists: Teasing Master Takagi-san Season 2
     ⏭️ Already exists: That Time I Got Reincarnated as a Slime OAD
[ImageService] Processing: https://s4.anilist.co/file/anilistcdn/media/anime/cover/large/bx108945-snH9n5sN1vrb.png
[ImageService] Uploaded to: https://eivvjebsmxddrbbbnblr.supabase.co/storage/v1/object/public/covers/anime/w8nndw2viko7b7mAamqd2.webp
     ⏭️ Already exists: PSYCHO-PASS 3
     ⏭️ Already exists: Wotaku ni Koi wa Muzukashii OVA
     ⏭️ Already exists: One-Punch Man Season 2 OVA
   📄 Year 2019 Page 3: 4 New, 4 Heal
[ImageService] Processing: https://s4.anilist.co/file/anilistcdn/media/anime/cover/large/bx104174-aoNLSSN6bT4L.png
[ImageService] Processing: https://s4.anilist.co/file/anilistcdn/media/anime/cover/large/nx102835-07I2wxmErz3j.jpg
[ImageService] Processing: https://s4.anilist.co/file/anilistcdn/media/anime/cover/large/bx109492-DphM0bHcV0LD.jpg
[ImageService] Processing: https://s4.anilist.co/file/anilistcdn/media/anime/cover/large/bx21673-ZXlqf3DGJph9.png
[ImageService] Uploaded to: https://eivvjebsmxddrbbbnblr.supabase.co/storage/v1/object/public/covers/anime/1ceQfQgAejmXV8PBHzKXv.webp
[ImageService] Uploaded to: https://eivvjebsmxddrbbbnblr.supabase.co/storage/v1/object/public/covers/anime/69XRVFHToRtSKre0nrx8w.webp
[ImageService] Uploaded to: https://eivvjebsmxddrbbbnblr.supabase.co/storage/v1/object/public/covers/anime/c8sVv3W5TmyXfV_c5PJoO.webp
[ImageService] Uploaded to: https://eivvjebsmxddrbbbnblr.supabase.co/storage/v1/object/public/covers/anime/yldZFB66F5dugE49d5k4o.webp
     ⏭️ Already exists: Revisions
     ⏭️ Already exists: We Never Learn OVAs
     ⏭️ Already exists: Steins;Gate 0: Valentine's of Crystal Polymorphism -Bittersweet Intermedio-
     ⏭️ Already exists: Symphogear XV
   📄 Year 2019 Page 4: 10 New, 1 Heal
[ImageService] Processing: https://s4.anilist.co/file/anilistcdn/media/anime/cover/large/bx105928-9lm74ot8tTj6.jpg
[ImageService] Processing: https://s4.anilist.co/file/anilistcdn/media/anime/cover/large/bx102090-unOFHc0pmYAr.jpg
[ImageService] Processing: https://s4.anilist.co/file/anilistcdn/media/anime/cover/large/bx106287-THH8DMCFuVNc.png
[ImageService] Processing: https://s4.anilist.co/file/anilistcdn/media/anime/cover/large/bx110789-BElJ4Jcqq9Fl.jpg
[ImageService] Processing: https://s4.anilist.co/file/anilistcdn/media/anime/cover/large/bx107012-0WAuOIbIlLVh.png
[ImageService] Uploaded to: https://eivvjebsmxddrbbbnblr.supabase.co/storage/v1/object/public/covers/anime/HVagwg7yyQIlQws5Wfivb.webp
[ImageService] Uploaded to: https://eivvjebsmxddrbbbnblr.supabase.co/storage/v1/object/public/covers/anime/nhduHNAz3duSiyNq1DTre.webp
[ImageService] Uploaded to: https://eivvjebsmxddrbbbnblr.supabase.co/storage/v1/object/public/covers/anime/cFqpbP3FxLr8juaRzsE_5.webp
[ImageService] Uploaded to: https://eivvjebsmxddrbbbnblr.supabase.co/storage/v1/object/public/covers/anime/0rXOL8fvHSXsWR9nKcNH5.webp
[ImageService] Uploaded to: https://eivvjebsmxddrbbbnblr.supabase.co/storage/v1/object/public/covers/anime/rPTkb6PDu2qKIsAbcKVCO.webp
     ⏭️ Already exists: The Wonderland
[ImageService] Processing: https://s4.anilist.co/file/anilistcdn/media/anime/cover/large/bx104158-Jn8LRgfii5Kx.jpg
[ImageService] Uploaded to: https://eivvjebsmxddrbbbnblr.supabase.co/storage/v1/object/public/covers/anime/EfTS7DZxSqUMURfoGKHb-.webp
     ⏭️ Already exists: Pokémon: Mewtwo Strikes Back—Evolution
[ImageService] Processing: https://s4.anilist.co/file/anilistcdn/media/anime/cover/large/nx101337-I2ZudqRGHaYT.jpg
[ImageService] Uploaded to: https://eivvjebsmxddrbbbnblr.supabase.co/storage/v1/object/public/covers/anime/INSQFwCN1udKeI3G_R_Zh.webp
     ⏭️ Already exists: Null & Peta
[ImageService] Processing: https://s4.anilist.co/file/anilistcdn/media/anime/cover/large/bx108358-9Y0qXz0o101z.png
[ImageService] Uploaded to: https://eivvjebsmxddrbbbnblr.supabase.co/storage/v1/object/public/covers/anime/UVt-sNIQP3tsjaRr1FlBq.webp
     ⏭️ Already exists: RobiHachi
[ImageService] Processing: https://s4.anilist.co/file/anilistcdn/media/anime/cover/large/nx99230-BDcP8vy5cA5t.jpg
[ImageService] Uploaded to: https://eivvjebsmxddrbbbnblr.supabase.co/storage/v1/object/public/covers/anime/IBiOBdt3hPZdiU1iycAVd.webp
     ⏭️ Already exists: Yuru Yuri,
[ImageService] Processing: https://s4.anilist.co/file/anilistcdn/media/anime/cover/large/bx110318-woH5gOEK638l.jpg
[ImageService] Uploaded to: https://eivvjebsmxddrbbbnblr.supabase.co/storage/v1/object/public/covers/anime/CKClZVUiKyv9AwyEBTqlq.webp
     ⏭️ Already exists: W'z
     ⏭️ Already exists: Stand My Heroes: Piece of Truth
     ⏭️ Already exists: Rilakkuma and Kaoru
     ⏭️ Already exists: Phantasy Star Online 2: Episode Oracle
     ⏭️ Already exists: Squishy! Black Clover
   📄 Year 2019 Page 5: 8 New, 1 Heal
[ImageService] Processing: https://s4.anilist.co/file/anilistcdn/media/anime/cover/large/bx111964-lNX9tvzbiIm7.png
[ImageService] Processing: https://s4.anilist.co/file/anilistcdn/media/anime/cover/large/nx104324-TZHSfpLypi1T.jpg
[ImageService] Processing: https://s4.anilist.co/file/anilistcdn/media/anime/cover/large/bx107252-8MMm894JuzKe.png
[ImageService] Processing: https://s4.anilist.co/file/anilistcdn/media/anime/cover/medium/b107666-7X6hemlnrRb4.jpg
[ImageService] Processing: https://s4.anilist.co/file/anilistcdn/media/anime/cover/large/bx112034-wGD4vMFsQNrm.png
[ImageService] Uploaded to: https://eivvjebsmxddrbbbnblr.supabase.co/storage/v1/object/public/covers/anime/uM-OEdj0l1vC5Br4oWd8b.webp
[ImageService] Uploaded to: https://eivvjebsmxddrbbbnblr.supabase.co/storage/v1/object/public/covers/anime/vsv9ZCbMZRoCLK2w7UyAi.webp
[ImageService] Uploaded to: https://eivvjebsmxddrbbbnblr.supabase.co/storage/v1/object/public/covers/anime/2KiB_JxLqQ4GpX7EVAW0m.webp
[ImageService] Uploaded to: https://eivvjebsmxddrbbbnblr.supabase.co/storage/v1/object/public/covers/anime/FM-MHIW98xp7T7OqTz7C-.webp
[ImageService] Uploaded to: https://eivvjebsmxddrbbbnblr.supabase.co/storage/v1/object/public/covers/anime/9QM_cEZsQ4b4r3-GniM-T.webp
     ⏭️ Already exists: OBSOLETE
[ImageService] Processing: https://s4.anilist.co/file/anilistcdn/media/anime/cover/large/bx100280-QDCfgTispP0Q.jpg
[ImageService] Uploaded to: https://eivvjebsmxddrbbbnblr.supabase.co/storage/v1/object/public/covers/anime/aT_eZ64T8LJqVbqZ7tdIf.webp
     ⏭️ Already exists: True Cooking Master Boy
[ImageService] Processing: https://s4.anilist.co/file/anilistcdn/media/anime/cover/large/bx109737-mtFA67AolBUL.png
[ImageService] Uploaded to: https://eivvjebsmxddrbbbnblr.supabase.co/storage/v1/object/public/covers/anime/seD6pj20Wzo8tvY8zFgk4.webp
     ⏭️ Already exists: Utano Princesama Maji LOVE Kingdom
[ImageService] Processing: https://s4.anilist.co/file/anilistcdn/media/anime/cover/large/bx112732-AsCKlT9YtIAd.jpg
[ImageService] Uploaded to: https://eivvjebsmxddrbbbnblr.supabase.co/storage/v1/object/public/covers/anime/ZuKogsa_H7f4dbHPkzVPz.webp
     ⏭️ Already exists: Zenonzard: THE ANIMATION - Episode 0
     ⏭️ Already exists: Star☆Twinkle Precure: Hoshi no Uta ni Omoi wo Komete
     ⏭️ Already exists: STARMYU 3
     ⏭️ Already exists: Strike Witches: 501 Butai Hasshin Shimasu! Movie
     ⏭️ Already exists: Skeleton Bookstore Employee Honda OVA
   📄 Year 2019 Page 6: 15 New, 9 Heal
[ImageService] Processing: https://s4.anilist.co/file/anilistcdn/media/anime/cover/large/bx109153-VBCrQGech8ol.jpg
[ImageService] Processing: https://s4.anilist.co/file/anilistcdn/media/anime/cover/large/bx105596-y5AVffHVddIE.jpg
[ImageService] Processing: https://s4.anilist.co/file/anilistcdn/media/anime/cover/large/bx107908-ElAOLjBJCuWd.png
[ImageService] Processing: https://s4.anilist.co/file/anilistcdn/media/anime/cover/large/bx111932-v06Ip045i81T.jpg
[ImageService] Uploaded to: https://eivvjebsmxddrbbbnblr.supabase.co/storage/v1/object/public/covers/anime/E5q7ThoX5lsrxGyBg0uKC.webp
[ImageService] Uploaded to: https://eivvjebsmxddrbbbnblr.supabase.co/storage/v1/object/public/covers/anime/HptxlBdj0tnetBbxIUtQG.webp
[ImageService] Processing: https://s4.anilist.co/file/anilistcdn/media/anime/cover/large/bx114317-ikV44AY8bBeY.jpg
[ImageService] Uploaded to: https://eivvjebsmxddrbbbnblr.supabase.co/storage/v1/object/public/covers/anime/bd52vbkm49qW_bEnmb31Q.webp
[ImageService] Uploaded to: https://eivvjebsmxddrbbbnblr.supabase.co/storage/v1/object/public/covers/anime/INMC5q3eu5J0k0wHQve8e.webp
[ImageService] Uploaded to: https://eivvjebsmxddrbbbnblr.supabase.co/storage/v1/object/public/covers/anime/lOo1szb_0md5RnwLdBZZa.webp
     ⏭️ Already exists: Reconguista in G the Movie I Go! Core Fighter
[ImageService] Processing: https://s4.anilist.co/file/anilistcdn/media/anime/cover/large/bx110788-2CGGh39Z2yUJ.png
[ImageService] Uploaded to: https://eivvjebsmxddrbbbnblr.supabase.co/storage/v1/object/public/covers/anime/KnlmASbKavCurz_DWdIM4.webp
     ⏭️ Already exists: Shoujo☆Conto All Starlight
[ImageService] Processing: https://s4.anilist.co/file/anilistcdn/media/anime/cover/large/bx108810-OR4w1wrY9Mcy.jpg
     ⏭️ Already exists: SOUND & FURY
[ImageService] Processing: https://s4.anilist.co/file/anilistcdn/media/anime/cover/medium/b113221-DlRbl5HcIDoM.jpg
[ImageService] Uploaded to: https://eivvjebsmxddrbbbnblr.supabase.co/storage/v1/object/public/covers/anime/kT956j_QzoSIWGjO7uFu3.webp
[ImageService] Uploaded to: https://eivvjebsmxddrbbbnblr.supabase.co/storage/v1/object/public/covers/anime/zasBHRRgglpiH6sLTzNXZ.webp
     ⏭️ Already exists: Pandora to Akubi
     ⏭️ Already exists: Thunderbolt Fantasy - Bewitching Melody of the West
[ImageService] Processing: https://s4.anilist.co/file/anilistcdn/media/anime/cover/large/bx108301-KUWaODN5eKmv.jpg
[ImageService] Processing: https://s4.anilist.co/file/anilistcdn/media/anime/cover/large/bx111732-6lODMJ8tJfsS.png
[ImageService] Uploaded to: https://eivvjebsmxddrbbbnblr.supabase.co/storage/v1/object/public/covers/anime/X3Ek8BN4FBXLDAg808wfB.webp
[ImageService] Uploaded to: https://eivvjebsmxddrbbbnblr.supabase.co/storage/v1/object/public/covers/anime/bylIYb2ba5ZQyMxtsUVI9.webp
     ⏭️ Already exists: THE IDOLM@STER CINDERELLA GIRLS Theater CLIMAX SEASON
[ImageService] Processing: https://s4.anilist.co/file/anilistcdn/media/anime/cover/large/nx105245-j8bbOawSxVgX.jpg
     ⏭️ Already exists: THE IDOLM@STER CINDERELLA GIRLS: Spin-off!
     ⏭️ Already exists: Zoids Wild ZERO
[ImageService] Processing: https://s4.anilist.co/file/anilistcdn/media/anime/cover/large/bx115142-QTJw0rbhHAgR.png
[ImageService] Uploaded to: https://eivvjebsmxddrbbbnblr.supabase.co/storage/v1/object/public/covers/anime/ue7Ai1ytrMYrVgrETz1ea.webp
[ImageService] Uploaded to: https://eivvjebsmxddrbbbnblr.supabase.co/storage/v1/object/public/covers/anime/M58spewCqcB1YcxiNWO4K.webp
[ImageService] Processing: https://s4.anilist.co/file/anilistcdn/media/anime/cover/large/bx110131-byIGt5Ng6yvk.jpg
[ImageService] Uploaded to: https://eivvjebsmxddrbbbnblr.supabase.co/storage/v1/object/public/covers/anime/ibk9J_iPplLvulP6Or3hk.webp
     ⏭️ Already exists: Sun Shower
[ImageService] Processing: https://s4.anilist.co/file/anilistcdn/media/anime/cover/medium/b109280-jYgZRiu7Gync.jpg
     ⏭️ Already exists: Vevara in Your Dream
[ImageService] Uploaded to: https://eivvjebsmxddrbbbnblr.supabase.co/storage/v1/object/public/covers/anime/fBxOAMCv8I_rXYjvSIRLc.webp
[ImageService] Processing: https://s4.anilist.co/file/anilistcdn/media/anime/cover/large/bx154175-icCIe4GdCG8v.jpg
[ImageService] Uploaded to: https://eivvjebsmxddrbbbnblr.supabase.co/storage/v1/object/public/covers/anime/V06RJdvR625jyInaEVuIo.webp
     ⏭️ Already exists: Watanuki-san Chi no
     ⏭️ Already exists: W'z OVA
     ⏭️ Already exists: Tsugu Tsugumomo Mini Anime
     ⏭️ Already exists: Shinkansen Henkei Robo Shinkalion: Mirai kara Kita Shinsoku no ALFA-X
     ⏭️ Already exists: Puso Ni Comi
   📄 Year 2019 Page 7: 10 New, 6 Heal
[ImageService] Processing: https://s4.anilist.co/file/anilistcdn/media/anime/cover/large/bx104292-1KkNrWEVWzhI.jpg
[ImageService] Processing: https://s4.anilist.co/file/anilistcdn/media/anime/cover/large/bx115908-MWPhBRBq6vuX.jpg
[ImageService] Processing: https://s4.anilist.co/file/anilistcdn/media/anime/cover/medium/b107858-q79fpWelretQ.jpg
[ImageService] Processing: https://s4.anilist.co/file/anilistcdn/media/anime/cover/large/bx116801-61EL40DIe3ZB.png
[ImageService] Uploaded to: https://eivvjebsmxddrbbbnblr.supabase.co/storage/v1/object/public/covers/anime/3vzjbNzbUG0wKoQb5Lcvv.webp
[ImageService] Uploaded to: https://eivvjebsmxddrbbbnblr.supabase.co/storage/v1/object/public/covers/anime/8mzRgDO6pI6cA0AclCmpJ.webp
[ImageService] Uploaded to: https://eivvjebsmxddrbbbnblr.supabase.co/storage/v1/object/public/covers/anime/6Uc8RJpQcdrtMZndip0wV.webp
[ImageService] Uploaded to: https://eivvjebsmxddrbbbnblr.supabase.co/storage/v1/object/public/covers/anime/l7A9qhiqP-fsXcbf_yJQ5.webp
[ImageService] Processing: https://s4.anilist.co/file/anilistcdn/media/anime/cover/large/bx132694-JFmd06Nfjoaa.jpg
[ImageService] Uploaded to: https://eivvjebsmxddrbbbnblr.supabase.co/storage/v1/object/public/covers/anime/6h3XT9qh7qzjgjKUfNlu5.webp
     ⏭️ Already exists: Senjuushi: Kijuushi-tachi no Happy Birthday!
[ImageService] Processing: https://s4.anilist.co/file/anilistcdn/media/anime/cover/large/bx108728-g217radf11bE.png
[ImageService] Uploaded to: https://eivvjebsmxddrbbbnblr.supabase.co/storage/v1/object/public/covers/anime/JWEVTyeYsWvKDhfkLiBRn.webp
     ⏭️ Already exists: Zip! Shimezo
[ImageService] Processing: https://s4.anilist.co/file/anilistcdn/media/anime/cover/large/bx169685-opDYyezkJOvd.jpg
[ImageService] Uploaded to: https://eivvjebsmxddrbbbnblr.supabase.co/storage/v1/object/public/covers/anime/EXA4uyjkHloQiMLEzzs_M.webp
     ⏭️ Already exists: Shimajirou to Ururu no Hero Land
[ImageService] Processing: https://s4.anilist.co/file/anilistcdn/media/anime/cover/large/bx116225-ieDziHzmfAKW.jpg
[ImageService] Uploaded to: https://eivvjebsmxddrbbbnblr.supabase.co/storage/v1/object/public/covers/anime/lbqfHcKl3ODf0YQ0pylsf.webp
     ⏭️ Already exists: Onmyoji: Heian Monogatari 2
[ImageService] Processing: https://s4.anilist.co/file/anilistcdn/media/anime/cover/medium/b120998-76CHoTK2E0hF.png
[ImageService] Uploaded to: https://eivvjebsmxddrbbbnblr.supabase.co/storage/v1/object/public/covers/anime/KowkhWEXgAv6_GpN-_cmZ.webp
     ⏭️ Already exists: Oshiri Tantei 2
[ImageService] Processing: https://s4.anilist.co/file/anilistcdn/media/anime/cover/medium/b177229-9yZdNBZUAdtX.png
[ImageService] Uploaded to: https://eivvjebsmxddrbbbnblr.supabase.co/storage/v1/object/public/covers/anime/m1KJ3vb3pXCXsb-LIztKI.webp
     ⏭️ Already exists: Tabechatta tte ii no ni na! 2
     ⏭️ Already exists: Ochibi-san Tanpen Movie
     ⏭️ Already exists: Oshiri Tantei: Curry Naru Jiken 
     ⏭️ Already exists: Represent Chikyuu Collab Anime
     ⏭️ Already exists: Ponkotsu Quest: Maou to Haken no Mamono-tachi Season 6

📅 Processing Year: 2018
   📄 Year 2018 Page 1: 18 New, 27 Heal
[ImageService] Processing: https://s4.anilist.co/file/anilistcdn/media/anime/cover/large/bx21827-ubzq619ZA2E9.png
[ImageService] Processing: https://s4.anilist.co/file/anilistcdn/media/anime/cover/large/bx101291-wfEdgPqtfU0l.jpg
[ImageService] Uploaded to: https://eivvjebsmxddrbbbnblr.supabase.co/storage/v1/object/public/covers/anime/l8r3Nrp36Bt5ssRRf1FIQ.webp
[ImageService] Uploaded to: https://eivvjebsmxddrbbbnblr.supabase.co/storage/v1/object/public/covers/anime/aAp2bwSW5YGCDsHzEPFVt.webp
[ImageService] Processing: https://s4.anilist.co/file/anilistcdn/media/anime/cover/large/bx101280-tDxCVJm714nt.jpg
[ImageService] Processing: https://s4.anilist.co/file/anilistcdn/media/anime/cover/large/nx99578-oO5KChtfhzln.png
[ImageService] Uploaded to: https://eivvjebsmxddrbbbnblr.supabase.co/storage/v1/object/public/covers/anime/ikR3B92WRga8AiIzpTy0I.webp
[ImageService] Uploaded to: https://eivvjebsmxddrbbbnblr.supabase.co/storage/v1/object/public/covers/anime/KKlbBWpJw5GmHqjiWuc9z.webp
[ImageService] Processing: https://s4.anilist.co/file/anilistcdn/media/anime/cover/large/nx100240-vJNaKd5HwPJ2.jpg
[ImageService] Uploaded to: https://eivvjebsmxddrbbbnblr.supabase.co/storage/v1/object/public/covers/anime/yQw3PX45Du-Dh2ily-An1.webp
     ⏭️ Already exists: That Time I Got Reincarnated as a Slime
     ⏭️ Already exists: Wotakoi: Love is Hard for Otaku
     ⏭️ Already exists: Rascal Does Not Dream of Bunny Girl Senpai
[ImageService] Processing: https://s4.anilist.co/file/anilistcdn/media/anime/cover/large/bx99539-caPX28RSsgRP.jpg
[ImageService] Processing: https://s4.anilist.co/file/anilistcdn/media/anime/cover/large/nx100182-KctPmCJ2smHQ.jpg
[ImageService] Processing: https://s4.anilist.co/file/anilistcdn/media/anime/cover/large/bx98437-5q0GWqHhNAgJ.jpg
[ImageService] Uploaded to: https://eivvjebsmxddrbbbnblr.supabase.co/storage/v1/object/public/covers/anime/Nvk2FlB6AdjWTj7YIDca8.webp
[ImageService] Uploaded to: https://eivvjebsmxddrbbbnblr.supabase.co/storage/v1/object/public/covers/anime/PWaQB0Q_TlR8RP1JQfvSP.webp
[ImageService] Uploaded to: https://eivvjebsmxddrbbbnblr.supabase.co/storage/v1/object/public/covers/anime/4s2fK5mgBLUAvIgKMSaRW.webp
     ⏭️ Already exists: Tokyo Ghoul:re
[ImageService] Processing: https://s4.anilist.co/file/anilistcdn/media/anime/cover/large/bx101474-tGRyvSAWMjU9.jpg
[ImageService] Uploaded to: https://eivvjebsmxddrbbbnblr.supabase.co/storage/v1/object/public/covers/anime/77TSVIt2Hv55squDWdwgD.webp
     ⏭️ Already exists: Violet Evergarden
[ImageService] Processing: https://s4.anilist.co/file/anilistcdn/media/anime/cover/large/bx102351-yD3Ty9YZFMsf.jpg
[ImageService] Uploaded to: https://eivvjebsmxddrbbbnblr.supabase.co/storage/v1/object/public/covers/anime/H3WdLN3zQBx-jjQk4fFEG.webp
     ⏭️ Already exists: Overlord II
     ⏭️ Already exists: The Seven Deadly Sins: Revival of the Commandments
[ImageService] Processing: https://s4.anilist.co/file/anilistcdn/media/anime/cover/large/bx21127-7ARWZkDXKiiD.jpg
[ImageService] Uploaded to: https://eivvjebsmxddrbbbnblr.supabase.co/storage/v1/object/public/covers/anime/8IysiGNoe3z---83tC4Ua.webp
     ⏭️ Already exists: Sword Art Online: Alicization
[ImageService] Processing: https://s4.anilist.co/file/anilistcdn/media/anime/cover/large/nx98034-1eQ4F7SKxVas.jpg
[ImageService] Uploaded to: https://eivvjebsmxddrbbbnblr.supabase.co/storage/v1/object/public/covers/anime/gQ_sK0sL_ASS22WTtAFWn.webp
[ImageService] Processing: https://s4.anilist.co/file/anilistcdn/media/anime/cover/large/bx99468-XayCplkIL3Gf.png
[ImageService] Uploaded to: https://eivvjebsmxddrbbbnblr.supabase.co/storage/v1/object/public/covers/anime/UZmMt_DVitYpVqm8G9Ibl.webp
     ⏭️ Already exists: Overlord III
[ImageService] Processing: https://s4.anilist.co/file/anilistcdn/media/anime/cover/large/nx100183-v4S2sGAG3A24.jpg
[ImageService] Uploaded to: https://eivvjebsmxddrbbbnblr.supabase.co/storage/v1/object/public/covers/anime/9965P5DVCuYjtnwbcQszZ.webp
     ⏭️ Already exists: Tokyo Ghoul:re 2
[ImageService] Processing: https://s4.anilist.co/file/anilistcdn/media/anime/cover/large/bx103871-KEWbn3fkz499.png
[ImageService] Uploaded to: https://eivvjebsmxddrbbbnblr.supabase.co/storage/v1/object/public/covers/anime/G8f0-CSiDV38jmfqZPdFJ.webp
     ⏭️ Already exists: Teasing Master Takagi-san
     ⏭️ Already exists: Steins;Gate 0
     ⏭️ Already exists: The Disastrous Life of Saiki K. Season 2
[ImageService] Processing: https://s4.anilist.co/file/anilistcdn/media/anime/cover/large/nx99424-9bV9lbUhynar.jpg
[ImageService] Processing: https://s4.anilist.co/file/anilistcdn/media/anime/cover/large/nx100049-mgvPLctBJprp.jpg
[ImageService] Processing: https://s4.anilist.co/file/anilistcdn/media/anime/cover/large/bx98503-oUCGDkv2osNK.jpg
[ImageService] Uploaded to: https://eivvjebsmxddrbbbnblr.supabase.co/storage/v1/object/public/covers/anime/fELQi7gUhztkiC89cTZ9K.webp
[ImageService] Uploaded to: https://eivvjebsmxddrbbbnblr.supabase.co/storage/v1/object/public/covers/anime/qLjC3opY1-dAJpXZbVPXq.webp
[ImageService] Uploaded to: https://eivvjebsmxddrbbbnblr.supabase.co/storage/v1/object/public/covers/anime/gjGUn_UV2ANS56Z5crsVH.webp
     ⏭️ Already exists: Sword Art Online Alternative: Gun Gale Online
     ⏭️ Already exists: ZOMBIE LAND SAGA
     ⏭️ Already exists: Re:ZERO -Starting Life in Another World- OVAs
     ⏭️ Already exists: SSSS.GRIDMAN
     ⏭️ Already exists: School Babysitters
   📄 Year 2018 Page 2: 10 New, 37 Heal
[ImageService] Processing: https://s4.anilist.co/file/anilistcdn/media/anime/cover/large/bx100526-Hw6U34Hw2TDb.jpg
[ImageService] Processing: https://s4.anilist.co/file/anilistcdn/media/anime/cover/large/bx101903-ncgPJbbA5Nou.jpg
[ImageService] Processing: https://s4.anilist.co/file/anilistcdn/media/anime/cover/large/nx99540-QnY48c1oifvY.jpg
[ImageService] Processing: https://s4.anilist.co/file/anilistcdn/media/anime/cover/large/nx100179-jDGTOMxtoDkt.jpg
[ImageService] Uploaded to: https://eivvjebsmxddrbbbnblr.supabase.co/storage/v1/object/public/covers/anime/FwkQGLg_DBc4WkNJknMtD.webp
[ImageService] Uploaded to: https://eivvjebsmxddrbbbnblr.supabase.co/storage/v1/object/public/covers/anime/M4POIWNs2vOe0VhUoe8fU.webp
[ImageService] Uploaded to: https://eivvjebsmxddrbbbnblr.supabase.co/storage/v1/object/public/covers/anime/kRAAhYwirnuiwiW3AXXIH.webp
[ImageService] Uploaded to: https://eivvjebsmxddrbbbnblr.supabase.co/storage/v1/object/public/covers/anime/18NNzYG6alTM5s8Ps3POQ.webp
[ImageService] Processing: https://s4.anilist.co/file/anilistcdn/media/anime/cover/large/nx100483-fzseZYJnQTLI.jpg
[ImageService] Uploaded to: https://eivvjebsmxddrbbbnblr.supabase.co/storage/v1/object/public/covers/anime/IE2XkracuanwbTnta9bnZ.webp
     ⏭️ Already exists: Run with the Wind
[ImageService] Processing: https://s4.anilist.co/file/anilistcdn/media/anime/cover/large/bx98514-mEh3Gl58AWgc.jpg
[ImageService] Uploaded to: https://eivvjebsmxddrbbbnblr.supabase.co/storage/v1/object/public/covers/anime/yHGGyAx3kSwNcM4xcz4RY.webp
     ⏭️ Already exists: The Seven Deadly Sins the Movie: Prisoners of the Sky
[ImageService] Processing: https://s4.anilist.co/file/anilistcdn/media/anime/cover/large/bx99693-3YTkA0ZnEOqH.jpg
     ⏭️ Already exists: Tada Never Falls In Love
[ImageService] Uploaded to: https://eivvjebsmxddrbbbnblr.supabase.co/storage/v1/object/public/covers/anime/O3QiXxsxKR2xFqmtQ74sz.webp
     ⏭️ Already exists: Yuuna and the Haunted Hot Springs
[ImageService] Processing: https://s4.anilist.co/file/anilistcdn/media/anime/cover/large/bx97768-atbPjYJNXnIo.jpg
[ImageService] Uploaded to: https://eivvjebsmxddrbbbnblr.supabase.co/storage/v1/object/public/covers/anime/TDIHpE1bXe7Zl4e37h2Mi.webp
[ImageService] Processing: https://s4.anilist.co/file/anilistcdn/media/anime/cover/large/nx101361-q4sHpCRgkhYQ.jpg
[ImageService] Uploaded to: https://eivvjebsmxddrbbbnblr.supabase.co/storage/v1/object/public/covers/anime/Npy24wKGkbnKrcS_O1aoE.webp
     ⏭️ Already exists: Real Girl
[ImageService] Processing: https://s4.anilist.co/file/anilistcdn/media/anime/cover/large/nx99507-ETGckHFiP5yd.jpg
[ImageService] Uploaded to: https://eivvjebsmxddrbbbnblr.supabase.co/storage/v1/object/public/covers/anime/aBrp3oaDHXXh_8xf-1gXV.webp
     ⏭️ Already exists: Record of Grancrest War
     ⏭️ Already exists: Sirius the Jaeger
     ⏭️ Already exists: Umamusume: Pretty Derby
     ⏭️ Already exists: PERSONA5 the Animation
     ⏭️ Already exists: The Ryuo's Work is Never Done!
   📄 Year 2018 Page 3: 11 New, 7 Heal
[ImageService] Processing: https://s4.anilist.co/file/anilistcdn/media/anime/cover/large/nx100085-vlkcAE221VeM.jpg
[ImageService] Processing: https://s4.anilist.co/file/anilistcdn/media/anime/cover/large/bx102436-1A1THjDwq8Ky.jpg
[ImageService] Processing: https://s4.anilist.co/file/anilistcdn/media/anime/cover/large/nx101506-uY2udopqvdYp.jpg
[ImageService] Uploaded to: https://eivvjebsmxddrbbbnblr.supabase.co/storage/v1/object/public/covers/anime/VLHuHCtVD7RRPCD_gVWnF.webp
[ImageService] Uploaded to: https://eivvjebsmxddrbbbnblr.supabase.co/storage/v1/object/public/covers/anime/S0_PDxCHXoA_i6YhmKimZ.webp
[ImageService] Uploaded to: https://eivvjebsmxddrbbbnblr.supabase.co/storage/v1/object/public/covers/anime/rmuBedF_4Ta0OnSILq4s9.webp
[ImageService] Processing: https://s4.anilist.co/file/anilistcdn/media/anime/cover/large/nx101970-fvdeZLRnXEuX.jpg
[ImageService] Processing: https://s4.anilist.co/file/anilistcdn/media/anime/cover/large/nx100451-9pgRkvHR7ePc.jpg
[ImageService] Uploaded to: https://eivvjebsmxddrbbbnblr.supabase.co/storage/v1/object/public/covers/anime/u_V-49-BBWznRa1cxYF2e.webp
[ImageService] Uploaded to: https://eivvjebsmxddrbbbnblr.supabase.co/storage/v1/object/public/covers/anime/fIBSRlbDNA7HS8Ee7pXtZ.webp
     ⏭️ Already exists: UzaMaid!
     ⏭️ Already exists: The Testament of Sister New Devil DEPARTURES
[ImageService] Processing: https://s4.anilist.co/file/anilistcdn/media/anime/cover/large/bx98779-83geTNam3rVE.jpg
[ImageService] Processing: https://s4.anilist.co/file/anilistcdn/media/anime/cover/large/nx100432-uh8RbRmENiER.jpg
     ⏭️ Already exists: Show Me Your Panties While You Give Me That Disgusted Look!
     ⏭️ Already exists: Seven Senses of the Re'Union
[ImageService] Processing: https://s4.anilist.co/file/anilistcdn/media/anime/cover/large/bx101206-EVcNbFqVNKd6.png
[ImageService] Uploaded to: https://eivvjebsmxddrbbbnblr.supabase.co/storage/v1/object/public/covers/anime/Rfe1nSLq_4XtZkI-_Bpl4.webp
[ImageService] Uploaded to: https://eivvjebsmxddrbbbnblr.supabase.co/storage/v1/object/public/covers/anime/vyRINqAEztPdV_p_F1li6.webp
[ImageService] Processing: https://s4.anilist.co/file/anilistcdn/media/anime/cover/large/nx98217-DWbR4bvaa65O.jpg
[ImageService] Uploaded to: https://eivvjebsmxddrbbbnblr.supabase.co/storage/v1/object/public/covers/anime/qbLfdahr3sThw7BmZn6fq.webp
[ImageService] Uploaded to: https://eivvjebsmxddrbbbnblr.supabase.co/storage/v1/object/public/covers/anime/jwz683k1oEgBGAEy0xA19.webp
     ⏭️ Already exists: Strike the Blood III
[ImageService] Processing: https://s4.anilist.co/file/anilistcdn/media/anime/cover/large/nx20875-aPXVfFJ7eYxz.jpg
[ImageService] Uploaded to: https://eivvjebsmxddrbbbnblr.supabase.co/storage/v1/object/public/covers/anime/w32k5gzk6n3uo7kLGmUnc.webp
     ⏭️ Already exists: Yuru Camp△ OVA
[ImageService] Processing: https://s4.anilist.co/file/anilistcdn/media/anime/cover/large/nx101581-x0HeSfA0177A.jpg
[ImageService] Uploaded to: https://eivvjebsmxddrbbbnblr.supabase.co/storage/v1/object/public/covers/anime/focT8NH-8fqm4nD2LpIpE.webp
     ⏭️ Already exists: SWORDGAI The Animation
     ⏭️ Already exists: Non Non Biyori Vacation
     ⏭️ Already exists: Ulysses: Jeanne d'Arc and the Alchemist Knight
     ⏭️ Already exists: SANRIO BOYS
     ⏭️ Already exists: Yuragi-sou no Yuuna-san OVA
   📄 Year 2018 Page 4: 7 New, 2 Heal
[ImageService] Processing: https://s4.anilist.co/file/anilistcdn/media/anime/cover/large/nx101382-qRGZ9JUFGsiv.jpg
[ImageService] Processing: https://s4.anilist.co/file/anilistcdn/media/anime/cover/large/bx99148-TTSmGMrL9fUw.jpg
[ImageService] Processing: https://s4.anilist.co/file/anilistcdn/media/anime/cover/large/bx99476-iKxjBWYZmDYl.jpg
[ImageService] Processing: https://s4.anilist.co/file/anilistcdn/media/anime/cover/medium/b101083-glFBs3o8ej3g.png
[ImageService] Uploaded to: https://eivvjebsmxddrbbbnblr.supabase.co/storage/v1/object/public/covers/anime/Yy0o_QXdM5cGXK-M13BCi.webp
[ImageService] Processing: https://s4.anilist.co/file/anilistcdn/media/anime/cover/large/bx103237-EFvIy9iLXfYV.jpg
[ImageService] Uploaded to: https://eivvjebsmxddrbbbnblr.supabase.co/storage/v1/object/public/covers/anime/gVPoljxuVlTcsW_tcnFHU.webp
[ImageService] Uploaded to: https://eivvjebsmxddrbbbnblr.supabase.co/storage/v1/object/public/covers/anime/CxT5HwmO9cQKfpwcCFubG.webp
[ImageService] Uploaded to: https://eivvjebsmxddrbbbnblr.supabase.co/storage/v1/object/public/covers/anime/aTupfCKWM6tSrN3-24v4G.webp
[ImageService] Uploaded to: https://eivvjebsmxddrbbbnblr.supabase.co/storage/v1/object/public/covers/anime/kSN0D-SNV-eDrgiPxTHcs.webp
     ⏭️ Already exists: Yowamushi Pedal Glory Line
[ImageService] Processing: https://s4.anilist.co/file/anilistcdn/media/anime/cover/large/nx99413-BYd2CipzZhiA.jpg
     ⏭️ Already exists: The Silver Guardian 2
[ImageService] Processing: https://s4.anilist.co/file/anilistcdn/media/anime/cover/medium/b108939-t99SwYtxtBuR.jpg
[ImageService] Uploaded to: https://eivvjebsmxddrbbbnblr.supabase.co/storage/v1/object/public/covers/anime/Xrt4awa1EahLzvVHJuK9B.webp
[ImageService] Uploaded to: https://eivvjebsmxddrbbbnblr.supabase.co/storage/v1/object/public/covers/anime/u8GigUyZLN_Ul7K1a8i9g.webp
     ⏭️ Already exists: Overlord: Ple Ple Pleiades 2
     ⏭️ Already exists: Uma Musume: BNW no Chikai
     ⏭️ Already exists: Phantom in the Twilight
     ⏭️ Already exists: RErideD - Derrida, who leaps through time
     ⏭️ Already exists: Shagahai ReLIFE Kenkyuujo Support-ka
   📄 Year 2018 Page 5: 5 New, 2 Heal
[ImageService] Processing: https://s4.anilist.co/file/anilistcdn/media/anime/cover/medium/b103209-3YzdSL4JkSi9.png
[ImageService] Processing: https://s4.anilist.co/file/anilistcdn/media/anime/cover/medium/b101471-cKP9Xi2wdoFk.png
[ImageService] Uploaded to: https://eivvjebsmxddrbbbnblr.supabase.co/storage/v1/object/public/covers/anime/Ix7UUAIIO_qAgO3iGyZHK.webp
[ImageService] Uploaded to: https://eivvjebsmxddrbbbnblr.supabase.co/storage/v1/object/public/covers/anime/_X2SkE9IyHLklb9j5ktq9.webp
[ImageService] Processing: https://s4.anilist.co/file/anilistcdn/media/anime/cover/medium/n104103-HMkHJplnvSm8.jpg
[ImageService] Uploaded to: https://eivvjebsmxddrbbbnblr.supabase.co/storage/v1/object/public/covers/anime/AbRm1NDnpz-N0lAPUkKhu.webp
[ImageService] Processing: https://s4.anilist.co/file/anilistcdn/media/anime/cover/large/bx98520-R33zIZW34dnm.jpg
[ImageService] Processing: https://s4.anilist.co/file/anilistcdn/media/anime/cover/large/bx101478-bo3xR8x2pc3i.png
[ImageService] Uploaded to: https://eivvjebsmxddrbbbnblr.supabase.co/storage/v1/object/public/covers/anime/f8SIehaOJJM79WzMc3eKs.webp
[ImageService] Uploaded to: https://eivvjebsmxddrbbbnblr.supabase.co/storage/v1/object/public/covers/anime/IuGq9dkGvcDMOicrUmipe.webp
     ⏭️ Already exists: Okko's Inn
     ⏭️ Already exists: SWORDGAI The Animation Part II
     ⏭️ Already exists: Xuan Yuan Sword Luminary
     ⏭️ Already exists: Overlord: Ple Ple Pleiades 3
     ⏭️ Already exists: Touken Ranbu: Hanamaru 2
   📄 Year 2018 Page 6: 7 New, 9 Heal
[ImageService] Processing: https://s4.anilist.co/file/anilistcdn/media/anime/cover/large/nx101380-Fb1wfXPbFQ2P.jpg
[ImageService] Processing: https://s4.anilist.co/file/anilistcdn/media/anime/cover/large/bx102573-VOHrqnjeMCtb.png
[ImageService] Processing: https://s4.anilist.co/file/anilistcdn/media/anime/cover/large/bx99557-AiXG7q4CsRFG.jpg
[ImageService] Uploaded to: https://eivvjebsmxddrbbbnblr.supabase.co/storage/v1/object/public/covers/anime/Wqvg_AJIcjKb1JWrDtjW5.webp
[ImageService] Uploaded to: https://eivvjebsmxddrbbbnblr.supabase.co/storage/v1/object/public/covers/anime/pSXwaledHUyKeKINjO69h.webp
[ImageService] Processing: https://s4.anilist.co/file/anilistcdn/media/anime/cover/large/nx101228-OybMfjoSU07R.jpg
[ImageService] Uploaded to: https://eivvjebsmxddrbbbnblr.supabase.co/storage/v1/object/public/covers/anime/ZQ6qMSucnN1wOHWvIwiwG.webp
[ImageService] Processing: https://s4.anilist.co/file/anilistcdn/media/anime/cover/large/bx101101-Bo9O30xyEy4H.png
[ImageService] Uploaded to: https://eivvjebsmxddrbbbnblr.supabase.co/storage/v1/object/public/covers/anime/Wj_xr41NHpHinC7FC0B6d.webp
[ImageService] Uploaded to: https://eivvjebsmxddrbbbnblr.supabase.co/storage/v1/object/public/covers/anime/hm_sucyPm8BPSreFJVkIf.webp
     ⏭️ Already exists: Utawarerumono: Imperial Princess Tusukuru's Splendid Days
[ImageService] Processing: https://s4.anilist.co/file/anilistcdn/media/anime/cover/large/nx99568-le1iw1iNLxyy.jpg
     ⏭️ Already exists: Zoids Wild
[ImageService] Processing: https://s4.anilist.co/file/anilistcdn/media/anime/cover/medium/b101546-nd1WRIH1FXGp.jpg
[ImageService] Uploaded to: https://eivvjebsmxddrbbbnblr.supabase.co/storage/v1/object/public/covers/anime/-wUX_pDnAwvyYlxRdvFqR.webp
[ImageService] Uploaded to: https://eivvjebsmxddrbbbnblr.supabase.co/storage/v1/object/public/covers/anime/K4b38SXTZok030dIj5-2G.webp
     ⏭️ Already exists: The Thousand Musketeers
     ⏭️ Already exists: Thunderbolt Fantasy Sword Seekers 2
     ⏭️ Already exists: Precure Super Stars!
     ⏭️ Already exists: The Idolm@ster SideM: PASSION of the PASSION
     ⏭️ Already exists: Vatican Miracle Examiner (OVA)
   📄 Year 2018 Page 7: 14 New, 13 Heal
[ImageService] Processing: https://s4.anilist.co/file/anilistcdn/media/anime/cover/large/bx103847-jPW4LLuJ4RPF.jpg
[ImageService] Processing: https://s4.anilist.co/file/anilistcdn/media/anime/cover/large/bx102004-KtbwGJYZGDtW.jpg
[ImageService] Processing: https://s4.anilist.co/file/anilistcdn/media/anime/cover/large/nx101369-qfBT5uYBMlcj.jpg
[ImageService] Uploaded to: https://eivvjebsmxddrbbbnblr.supabase.co/storage/v1/object/public/covers/anime/Kipv3Gd9bE07wZZ5gVzCr.webp
[ImageService] Processing: https://s4.anilist.co/file/anilistcdn/media/anime/cover/large/bx109097-0etK9dy5Iprz.png
[ImageService] Uploaded to: https://eivvjebsmxddrbbbnblr.supabase.co/storage/v1/object/public/covers/anime/SGwv0-kjWtBk96uETevxX.webp
[ImageService] Uploaded to: https://eivvjebsmxddrbbbnblr.supabase.co/storage/v1/object/public/covers/anime/LkqBS88-_x4fJZqoSb_s6.webp
[ImageService] Processing: https://s4.anilist.co/file/anilistcdn/media/anime/cover/large/nx101424-MXZWfGIORufY.jpg
[ImageService] Uploaded to: https://eivvjebsmxddrbbbnblr.supabase.co/storage/v1/object/public/covers/anime/cxxW04NmsCTfQ3HGjQ5s7.webp
[ImageService] Uploaded to: https://eivvjebsmxddrbbbnblr.supabase.co/storage/v1/object/public/covers/anime/BgVdauxPLOz1cVRAcs8Pb.webp
     ⏭️ Already exists: Tennis no Ouji-sama: BEST GAMES!!
     ⏭️ Already exists: Peacemaker Kurogane: Friend
[ImageService] Processing: https://s4.anilist.co/file/anilistcdn/media/anime/cover/large/nx104006-qMEJ7zot5EsA.jpg
[ImageService] Processing: https://s4.anilist.co/file/anilistcdn/media/anime/cover/medium/b109189-SVxkl0Ma1z4T.jpg
[ImageService] Uploaded to: https://eivvjebsmxddrbbbnblr.supabase.co/storage/v1/object/public/covers/anime/j_CGDTNM2aQm2sDqcTJYY.webp
[ImageService] Uploaded to: https://eivvjebsmxddrbbbnblr.supabase.co/storage/v1/object/public/covers/anime/4vEAtoY5CqGIFW341zZvP.webp
     ⏭️ Already exists: Starmyu in Halloween
[ImageService] Processing: https://s4.anilist.co/file/anilistcdn/media/anime/cover/medium/b132014-hrQNoF1BSgJy.jpg
     ⏭️ Already exists: Puzzle & Dragon
[ImageService] Uploaded to: https://eivvjebsmxddrbbbnblr.supabase.co/storage/v1/object/public/covers/anime/8pdEjkXeNYuBWFyVy87-z.webp
[ImageService] Processing: https://s4.anilist.co/file/anilistcdn/media/anime/cover/large/bx104104-totXf1Ltg2yy.png
[ImageService] Uploaded to: https://eivvjebsmxddrbbbnblr.supabase.co/storage/v1/object/public/covers/anime/GU11imprbUA_g7BR6nkna.webp
     ⏭️ Already exists: Onmyouji: Heian Monogatari
[ImageService] Processing: https://s4.anilist.co/file/anilistcdn/media/anime/cover/medium/100358-88VYnKSrOcyN.png
[ImageService] Uploaded to: https://eivvjebsmxddrbbbnblr.supabase.co/storage/v1/object/public/covers/anime/KYS3CYkdA4wSSZY1_oF9q.webp
     ⏭️ Already exists: Robot Girls NEO
     ⏭️ Already exists: Tales of Homeroom
[ImageService] Processing: https://s4.anilist.co/file/anilistcdn/media/anime/cover/medium/b110330-AtTQ5shkf9fR.jpg
[ImageService] Uploaded to: https://eivvjebsmxddrbbbnblr.supabase.co/storage/v1/object/public/covers/anime/TPrrjgaO45v5gGaqQI-pq.webp
[ImageService] Processing: https://s4.anilist.co/file/anilistcdn/media/anime/cover/large/nx102925-VxdddCNVPvac.jpg
[ImageService] Uploaded to: https://eivvjebsmxddrbbbnblr.supabase.co/storage/v1/object/public/covers/anime/D2gchPiIp-QsLtOB4uIZU.webp
     ⏭️ Already exists: Seizei Ganbare! Mahou Shoujo Kurumi 2
[ImageService] Processing: https://s4.anilist.co/file/anilistcdn/media/anime/cover/large/nx107198-qQdBNpU0zXih.png
     ⏭️ Already exists: Slow Start: Web Yokoku Movie
[ImageService] Uploaded to: https://eivvjebsmxddrbbbnblr.supabase.co/storage/v1/object/public/covers/anime/AsQjEVMCLXFRHhOYCZsOD.webp
[ImageService] Processing: https://s4.anilist.co/file/anilistcdn/media/anime/cover/large/nx100400-xTwLZlUtdxAB.jpg
[ImageService] Uploaded to: https://eivvjebsmxddrbbbnblr.supabase.co/storage/v1/object/public/covers/anime/iAgREHlleY8JJsrgWLkLt.webp
     ⏭️ Already exists: TIME DRIVER: Bokura ga Kaita Mirai
     ⏭️ Already exists: Tales of the Rays Gekijou
     ⏭️ Already exists: You Can Enjoy!
     ⏭️ Already exists: SNS Police
     ⏭️ Already exists: The Journey Home
   📄 Year 2018 Page 8: 16 New, 3 Heal
[ImageService] Processing: https://s4.anilist.co/file/anilistcdn/media/anime/cover/medium/b126652-m26wki40fHwu.jpg
[ImageService] Processing: https://s4.anilist.co/file/anilistcdn/media/anime/cover/medium/100910-OxPrHnoRwT5q.jpg
[ImageService] Processing: https://s4.anilist.co/file/anilistcdn/media/anime/cover/large/nx101290-vHdD8XlWtEEd.jpg
[ImageService] Processing: https://s4.anilist.co/file/anilistcdn/media/anime/cover/large/nx100655-e8DKY1iCEzUV.jpg
[ImageService] Processing: https://s4.anilist.co/file/anilistcdn/media/anime/cover/medium/b110331-tIj7flS6hwiY.jpg
[ImageService] Uploaded to: https://eivvjebsmxddrbbbnblr.supabase.co/storage/v1/object/public/covers/anime/0kRXZxnLGE1FmWjeixej-.webp
[ImageService] Uploaded to: https://eivvjebsmxddrbbbnblr.supabase.co/storage/v1/object/public/covers/anime/lKDHqK7K1_v-1Nv-gV-YE.webp
[ImageService] Uploaded to: https://eivvjebsmxddrbbbnblr.supabase.co/storage/v1/object/public/covers/anime/WjJdZxs4IVc16FdcP2K9w.webp
[ImageService] Uploaded to: https://eivvjebsmxddrbbbnblr.supabase.co/storage/v1/object/public/covers/anime/n8rokcDNnTsYImD2oSl8H.webp
[ImageService] Uploaded to: https://eivvjebsmxddrbbbnblr.supabase.co/storage/v1/object/public/covers/anime/ltob-LxNpa3eB_XseuauC.webp
     ⏭️ Already exists: TALES OF Puppet
[ImageService] Processing: https://s4.anilist.co/file/anilistcdn/media/anime/cover/medium/b103181-ivksOfnfaKZh.jpg
     ⏭️ Already exists: Pan to Boku no Momo-chan
[ImageService] Uploaded to: https://eivvjebsmxddrbbbnblr.supabase.co/storage/v1/object/public/covers/anime/1afxBoUct99V8hzDUtQDM.webp
[ImageService] Processing: https://s4.anilist.co/file/anilistcdn/media/anime/cover/medium/b100654-K2U0Gr0HuJt4.jpg
     ⏭️ Already exists: Pochitto Hatsumei: Pikachin-Kit
[ImageService] Processing: https://s4.anilist.co/file/anilistcdn/media/anime/cover/medium/b121802-ZlcGgWKN0GBt.png
[ImageService] Uploaded to: https://eivvjebsmxddrbbbnblr.supabase.co/storage/v1/object/public/covers/anime/_sc3HaFIPKNUOJh7V8p8E.webp
[ImageService] Uploaded to: https://eivvjebsmxddrbbbnblr.supabase.co/storage/v1/object/public/covers/anime/qeq2u4vYJdZaFe31NE7AS.webp
     ⏭️ Already exists: Tomica Hyper Rescue Drive Head Kidou Kyuukyuu Keisatsu Movie
[ImageService] Processing: https://s4.anilist.co/file/anilistcdn/media/anime/cover/medium/b163275-pljFEIu8gsYF.jpg
[ImageService] Uploaded to: https://eivvjebsmxddrbbbnblr.supabase.co/storage/v1/object/public/covers/anime/1mJudldkVLD3PlhVi-Ztp.webp
     ⏭️ Already exists: Tenka Touitsu Koi no Ran ~ Shutsujin! Saika 4-nin Shuu
[ImageService] Processing: https://s4.anilist.co/file/anilistcdn/media/anime/cover/medium/b126843-fjQ1TRRuVJff.jpg
[ImageService] Uploaded to: https://eivvjebsmxddrbbbnblr.supabase.co/storage/v1/object/public/covers/anime/l8Dz3DqO34tFHVaC-JpTc.webp
     ⏭️ Already exists: Tomica Hyper Rescue Drive Head Kidou Kyuukyuu Keisatsu (ONA)
[ImageService] Processing: https://s4.anilist.co/file/anilistcdn/media/anime/cover/large/bx131925-7ohsLR2CCdJx.jpg
[ImageService] Uploaded to: https://eivvjebsmxddrbbbnblr.supabase.co/storage/v1/object/public/covers/anime/yqmKUMLns1puXASE1Ljkz.webp
     ⏭️ Already exists: Yuuwaku Office LOVER 2
[ImageService] Processing: https://s4.anilist.co/file/anilistcdn/media/anime/cover/large/bx162690-nkDOgfeV0ytx.png
     ⏭️ Already exists: Tanuki to Kitsune
     ⏭️ Already exists: Yakiniku-ten Sengoku
[ImageService] Processing: https://s4.anilist.co/file/anilistcdn/media/anime/cover/medium/b180770-zyPkG1nZ9j48.png
[ImageService] Processing: https://s4.anilist.co/file/anilistcdn/media/anime/cover/medium/b181816-YWy23xRiFaVa.png
[ImageService] Uploaded to: https://eivvjebsmxddrbbbnblr.supabase.co/storage/v1/object/public/covers/anime/odf-B6Hs2D9Tex6HwtaXE.webp
[ImageService] Uploaded to: https://eivvjebsmxddrbbbnblr.supabase.co/storage/v1/object/public/covers/anime/YsRX8ifzHnq60r27JHj5n.webp
[ImageService] Uploaded to: https://eivvjebsmxddrbbbnblr.supabase.co/storage/v1/object/public/covers/anime/x9QTQPLJYRQPJcH2QsYMf.webp
     ⏭️ Already exists: Zannen na Ikimono Jiten
[ImageService] Processing: https://s4.anilist.co/file/anilistcdn/media/anime/cover/medium/b177228-NWLO56mjoPtF.png
[ImageService] Uploaded to: https://eivvjebsmxddrbbbnblr.supabase.co/storage/v1/object/public/covers/anime/qGs--Z9bVHIFLL_sE0uNK.webp
     ⏭️ Already exists: Shimajirou: Mahou no Shima no Daibouken
[ImageService] Processing: https://s4.anilist.co/file/anilistcdn/media/anime/cover/medium/b179777-m1soGU6Q5fAs.png
[ImageService] Uploaded to: https://eivvjebsmxddrbbbnblr.supabase.co/storage/v1/object/public/covers/anime/ZkWLFCcD03_pe6SVw3o89.webp
     ⏭️ Already exists: Watashitachi no Mirai
     ⏭️ Already exists: Watashi no na wa Otafukuko
     ⏭️ Already exists: Period of The MOUSEMAN
     ⏭️ Already exists: Ponkotsu Quest: Maou to Haken no Mamono-tachi Season 5
     ⏭️ Already exists: Zetsumetsu Kigu-shun.

📅 Processing Year: 2017
   📄 Year 2017 Page 1: 12 New, 36 Heal
[ImageService] Processing: https://s4.anilist.co/file/anilistcdn/media/anime/cover/large/bx21613-qT3NiwYP5dYc.png
[ImageService] Processing: https://s4.anilist.co/file/anilistcdn/media/anime/cover/large/bx98436-n7sK6POCd0XV.png
[ImageService] Uploaded to: https://eivvjebsmxddrbbbnblr.supabase.co/storage/v1/object/public/covers/anime/mL4CS-RqLAG56GzhvtmFX.webp
[ImageService] Uploaded to: https://eivvjebsmxddrbbbnblr.supabase.co/storage/v1/object/public/covers/anime/6FluMnti7XAmMng9mV8RL.webp
[ImageService] Processing: https://s4.anilist.co/file/anilistcdn/media/anime/cover/large/nx21403-k8DZhZ3x1BCO.png
[ImageService] Uploaded to: https://eivvjebsmxddrbbbnblr.supabase.co/storage/v1/object/public/covers/anime/3QsP0SxazRrj1QBiy658L.webp
[ImageService] Processing: https://s4.anilist.co/file/anilistcdn/media/anime/cover/large/bx21701-j81oh6WCNlsQ.jpg
[ImageService] Uploaded to: https://eivvjebsmxddrbbbnblr.supabase.co/storage/v1/object/public/covers/anime/yE-L4FSPj_Y5BQAdzwgyR.webp
[ImageService] Processing: https://s4.anilist.co/file/anilistcdn/media/anime/cover/large/bx98202-H6RtsIMZPALF.png
[ImageService] Uploaded to: https://eivvjebsmxddrbbbnblr.supabase.co/storage/v1/object/public/covers/anime/7in25ycN_7a5Ar9hrkB8Q.webp
     ⏭️ Already exists: The Ancient Magus' Bride
     ⏭️ Already exists: Saga of Tanya the Evil
[ImageService] Processing: https://s4.anilist.co/file/anilistcdn/media/anime/cover/large/bx97980-9NQwPW0igSMk.jpg
[ImageService] Processing: https://s4.anilist.co/file/anilistcdn/media/anime/cover/large/bx99726-tta6v7TKGYKa.jpg
[ImageService] Uploaded to: https://eivvjebsmxddrbbbnblr.supabase.co/storage/v1/object/public/covers/anime/NfeSiTYNhtEXzGsv4eBTa.webp
[ImageService] Uploaded to: https://eivvjebsmxddrbbbnblr.supabase.co/storage/v1/object/public/covers/anime/nAqgmHhqJygxWyrzLGvwB.webp
     ⏭️ Already exists: Scum's Wish
     ⏭️ Already exists: Tsukigakirei
[ImageService] Processing: https://s4.anilist.co/file/anilistcdn/media/anime/cover/large/bx21745-VrhhJjZNdBXV.png
[ImageService] Uploaded to: https://eivvjebsmxddrbbbnblr.supabase.co/storage/v1/object/public/covers/anime/-UwqHZMiD-cHV0XpqFLqz.webp
     ⏭️ Already exists: Sword Art Online the Movie: Ordinal Scale
[ImageService] Processing: https://s4.anilist.co/file/anilistcdn/media/anime/cover/large/bx21860-lSIbYJtEbAXu.jpg
[ImageService] Uploaded to: https://eivvjebsmxddrbbbnblr.supabase.co/storage/v1/object/public/covers/anime/rXzFMaLNrC8DdtpPnQcV7.webp
[ImageService] Processing: https://s4.anilist.co/file/anilistcdn/media/anime/cover/large/nx21180-6ob7MFdjttYe.jpg
[ImageService] Uploaded to: https://eivvjebsmxddrbbbnblr.supabase.co/storage/v1/object/public/covers/anime/ME5C30_z8-HXLDCmkgnim.webp
   ⚠️ Primary model refused "WorldEnd: What are you doing at the end of the world? Are you busy? Will you save us?". Switching to Grok...
     ⏭️ Already exists: Recovery of an MMO Junkie
[ImageService] Processing: https://s4.anilist.co/file/anilistcdn/media/anime/cover/large/bx21676-98OeKU9NDhJI.jpg
[ImageService] Uploaded to: https://eivvjebsmxddrbbbnblr.supabase.co/storage/v1/object/public/covers/anime/MRGAs2VOTEofxYY5l7ilN.webp
     ⏭️ Already exists: Re:CREATORS
[ImageService] Processing: https://s4.anilist.co/file/anilistcdn/media/anime/cover/large/bx98005-kwoBQIEeXa8J.png
     ⏭️ Already exists: Saekano: How to Raise a Boring Girlfriend ♭
[ImageService] Uploaded to: https://eivvjebsmxddrbbbnblr.supabase.co/storage/v1/object/public/covers/anime/afY47H4PkXuU1-gbH0hKP.webp
     ⏭️ Already exists: Owarimonogatari Second Season
     ⏭️ Already exists: WorldEnd: What are you doing at the end of the world? Are you busy? Will you save us?
     ⏭️ Already exists: Welcome to the Ballroom
     ⏭️ Already exists: Sword Oratoria: Is it Wrong to Try to Pick Up Girls in a Dungeon? On the Side
   📄 Year 2017 Page 2: 11 New, 34 Heal
[ImageService] Processing: https://s4.anilist.co/file/anilistcdn/media/anime/cover/large/nx97617-TmRRraupfbT5.jpg
[ImageService] Processing: https://s4.anilist.co/file/anilistcdn/media/anime/cover/large/bx98505-uxUXC7fQ9lMk.jpg
[ImageService] Uploaded to: https://eivvjebsmxddrbbbnblr.supabase.co/storage/v1/object/public/covers/anime/dQTACwvDpMlLU66A0WzJ6.webp
[ImageService] Uploaded to: https://eivvjebsmxddrbbbnblr.supabase.co/storage/v1/object/public/covers/anime/zsBzU61Oamu5Sd4Dtah0G.webp
[ImageService] Processing: https://s4.anilist.co/file/anilistcdn/media/anime/cover/large/bx98977-CpZkd98fWj32.jpg
[ImageService] Uploaded to: https://eivvjebsmxddrbbbnblr.supabase.co/storage/v1/object/public/covers/anime/Nl79E2bsRlSGrBerh4KaP.webp
[ImageService] Processing: https://s4.anilist.co/file/anilistcdn/media/anime/cover/large/nx97625-t6a6xQjttcCU.jpg
[ImageService] Processing: https://s4.anilist.co/file/anilistcdn/media/anime/cover/large/bx21778-pCUJjJuP7Pmd.png
[ImageService] Uploaded to: https://eivvjebsmxddrbbbnblr.supabase.co/storage/v1/object/public/covers/anime/xwA8PnYkGT9q9IdTIOoeY.webp
[ImageService] Uploaded to: https://eivvjebsmxddrbbbnblr.supabase.co/storage/v1/object/public/covers/anime/tb8madXkqu3PcXqJU-k2N.webp
     ⏭️ Already exists: Restaurant to Another World
[ImageService] Processing: https://s4.anilist.co/file/anilistcdn/media/anime/cover/large/bx21184-wpNqr2bHzLcC.jpg
[ImageService] Uploaded to: https://eivvjebsmxddrbbbnblr.supabase.co/storage/v1/object/public/covers/anime/B2hbBZCmpAjWtfgBHNyF-.webp
     ⏭️ Already exists: Our love has always been 10 centimeters apart.
     ⏭️ Already exists: Thus Spoke Rohan Kishibe
[ImageService] Processing: https://s4.anilist.co/file/anilistcdn/media/anime/cover/large/bx21874-X0MzTN5jehbN.png
[ImageService] Uploaded to: https://eivvjebsmxddrbbbnblr.supabase.co/storage/v1/object/public/covers/anime/ydMJtTDPI4q7zYMQoqaFG.webp
     ⏭️ Already exists: Tsugumomo
[ImageService] Processing: https://s4.anilist.co/file/anilistcdn/media/anime/cover/large/bx20705-X2uRDZWD6xGn.jpg
[ImageService] Uploaded to: https://eivvjebsmxddrbbbnblr.supabase.co/storage/v1/object/public/covers/anime/SS_lqTff2qRSZv_9hzVa9.webp
     ⏭️ Already exists: Princess Principal
[ImageService] Processing: https://s4.anilist.co/file/anilistcdn/media/anime/cover/large/bx97645-RMzcW7XTN0Y3.jpg
[ImageService] Processing: https://s4.anilist.co/file/anilistcdn/media/anime/cover/large/nx100684-dTFSHninTMEg.jpg
[ImageService] Uploaded to: https://eivvjebsmxddrbbbnblr.supabase.co/storage/v1/object/public/covers/anime/rAqQV48w1shhjeJ1LCxwf.webp
[ImageService] Uploaded to: https://eivvjebsmxddrbbbnblr.supabase.co/storage/v1/object/public/covers/anime/T1uKI9JCF7aF5-QnjnnxB.webp
     ⏭️ Already exists: Rage of Bahamut: Virgin Soul
[ImageService] Processing: https://s4.anilist.co/file/anilistcdn/media/anime/cover/large/nx97932-mIhBEmGhR6uB.jpg
[ImageService] Uploaded to: https://eivvjebsmxddrbbbnblr.supabase.co/storage/v1/object/public/covers/anime/H34BkMWvZSAf5RgTXmCaS.webp
     ⏭️ Already exists: Tales of Zestiria the X Season 2
     ⏭️ Already exists: Trinity Seven: Eternal Library & Alchemic Girl
     ⏭️ Already exists: Seven Mortal Sins
     ⏭️ Already exists: Recovery of an MMO Junkie OVA
     ⏭️ Already exists: The Royal Tutor
   📄 Year 2017 Page 3: 12 New, 0 Heal
[ImageService] Processing: https://s4.anilist.co/file/anilistcdn/media/anime/cover/medium/b98153-KX7tTXRV23oh.jpg
[ImageService] Processing: https://s4.anilist.co/file/anilistcdn/media/anime/cover/large/bx98874-pZZievwSEwwC.jpg
[ImageService] Processing: https://s4.anilist.co/file/anilistcdn/media/anime/cover/large/bx97665-QkYpSTjEaz57.jpg
[ImageService] Processing: https://s4.anilist.co/file/anilistcdn/media/anime/cover/large/bx98873-XAcxAF1rXuyM.jpg
[ImageService] Processing: https://s4.anilist.co/file/anilistcdn/media/anime/cover/medium/b98425-p8JtS69Mt4Ea.png
[ImageService] Uploaded to: https://eivvjebsmxddrbbbnblr.supabase.co/storage/v1/object/public/covers/anime/r-vrwJGkJlVmFZ5LhMo9D.webp
[ImageService] Uploaded to: https://eivvjebsmxddrbbbnblr.supabase.co/storage/v1/object/public/covers/anime/we-vEkseo9fEFYl4vNwXW.webp
[ImageService] Uploaded to: https://eivvjebsmxddrbbbnblr.supabase.co/storage/v1/object/public/covers/anime/YVOUn6GQkXq6Oee-YXXQk.webp
[ImageService] Uploaded to: https://eivvjebsmxddrbbbnblr.supabase.co/storage/v1/object/public/covers/anime/TTBo-Sosc9WNdKEpH9Azp.webp
[ImageService] Uploaded to: https://eivvjebsmxddrbbbnblr.supabase.co/storage/v1/object/public/covers/anime/au1B2Y1KpRoB1fNwGn5Al.webp
     ⏭️ Already exists: Overlord: The Undead King
[ImageService] Processing: https://s4.anilist.co/file/anilistcdn/media/anime/cover/large/bx98298-Yqus4jNiTNgf.png
     ⏭️ Already exists: Take My Brother Away!
[ImageService] Uploaded to: https://eivvjebsmxddrbbbnblr.supabase.co/storage/v1/object/public/covers/anime/VUnyX6Q75XcLv73HZbVwH.webp
[ImageService] Processing: https://s4.anilist.co/file/anilistcdn/media/anime/cover/large/bx97642-zQQJl4hv4Prx.jpg
[ImageService] Uploaded to: https://eivvjebsmxddrbbbnblr.supabase.co/storage/v1/object/public/covers/anime/3NRViR2GYUBOnKRIDEhJp.webp
     ⏭️ Already exists: Overlord: The Dark Hero
[ImageService] Processing: https://s4.anilist.co/file/anilistcdn/media/anime/cover/large/bx98240-hmpX0gT9FEqx.jpg
[ImageService] Uploaded to: https://eivvjebsmxddrbbbnblr.supabase.co/storage/v1/object/public/covers/anime/gisNKCms23vq95z5tZNnB.webp
     ⏭️ Already exists: Super Danganronpa 2.5 Komaeda Nagito to Sekai no Hakaimono
[ImageService] Processing: https://s4.anilist.co/file/anilistcdn/media/anime/cover/large/bx21407-BJkuBRUf3SgN.jpg
[ImageService] Uploaded to: https://eivvjebsmxddrbbbnblr.supabase.co/storage/v1/object/public/covers/anime/KbOQ_o_h64P2_Y77KSSVk.webp
     ⏭️ Already exists: Rewrite: Moon and Terra
[ImageService] Processing: https://s4.anilist.co/file/anilistcdn/media/anime/cover/large/bx21836-huZzYmlXtwU1.jpg
[ImageService] Uploaded to: https://eivvjebsmxddrbbbnblr.supabase.co/storage/v1/object/public/covers/anime/7d6iDapNIomFcN53qWsn0.webp
     ⏭️ Already exists: Yowamushi Pedal New Generation
[ImageService] Processing: https://s4.anilist.co/file/anilistcdn/media/anime/cover/large/bx98511-pZHBsH3uETJL.png
[ImageService] Uploaded to: https://eivvjebsmxddrbbbnblr.supabase.co/storage/v1/object/public/covers/anime/fQatVOTikYCJWDoKh02t9.webp
     ⏭️ Already exists: Seitokai Yakuindomo the Movie
[ImageService] Processing: https://s4.anilist.co/file/anilistcdn/media/anime/cover/large/bx21672-jDZ3sy89XMMQ.png
[ImageService] Uploaded to: https://eivvjebsmxddrbbbnblr.supabase.co/storage/v1/object/public/covers/anime/hcQeIcFco0Awz9iLDOphm.webp
     ⏭️ Already exists: The Eccentric Family 2
   ⚠️ Primary model refused "SUPER LOVERS 2". Switching to Grok...
     ⏭️ Already exists: Your Light: Kase-san and Morning Glories
     ⏭️ Already exists: Pokémon the Movie: I Choose You!
     ⏭️ Already exists: Symphogear AXZ
     ⏭️ Already exists: SUPER LOVERS 2
   📄 Year 2017 Page 4: 17 New, 0 Heal
[ImageService] Processing: https://s4.anilist.co/file/anilistcdn/media/anime/cover/large/nx98513-IARUSpAhc1Mu.jpg
[ImageService] Processing: https://s4.anilist.co/file/anilistcdn/media/anime/cover/large/bx97769-q6mu5EiniVZe.png
[ImageService] Processing: https://s4.anilist.co/file/anilistcdn/media/anime/cover/large/nx97855-BPWo0CRnrpAi.png
[ImageService] Processing: https://s4.anilist.co/file/anilistcdn/media/anime/cover/large/bx100791-FBirQqF1Szo3.png
[ImageService] Processing: https://s4.anilist.co/file/anilistcdn/media/anime/cover/large/bx98231-mPVCPWmg3KiL.png
[ImageService] Uploaded to: https://eivvjebsmxddrbbbnblr.supabase.co/storage/v1/object/public/covers/anime/q7RCaXIiA6sITxyTMmFgv.webp
[ImageService] Uploaded to: https://eivvjebsmxddrbbbnblr.supabase.co/storage/v1/object/public/covers/anime/Ez0lNHIECWWwJifwPH_5q.webp
[ImageService] Uploaded to: https://eivvjebsmxddrbbbnblr.supabase.co/storage/v1/object/public/covers/anime/PVBc9bofZOn2I8zs6WI3M.webp
[ImageService] Uploaded to: https://eivvjebsmxddrbbbnblr.supabase.co/storage/v1/object/public/covers/anime/t7GtsPnax23ziN0eMNdXe.webp
[ImageService] Uploaded to: https://eivvjebsmxddrbbbnblr.supabase.co/storage/v1/object/public/covers/anime/WBnp42dsU3hTepfO26GVw.webp
     ⏭️ Already exists: Vatican Miracle Examiner
[ImageService] Processing: https://s4.anilist.co/file/anilistcdn/media/anime/cover/large/bx98876-krwPsUODyWin.jpg
     ⏭️ Already exists: URAHARA
     ⏭️ Already exists: Yuki Yuna is a Hero: The Washio Sumi Chapter
[ImageService] Processing: https://s4.anilist.co/file/anilistcdn/media/anime/cover/large/nx98629-YNcvPEHSTvBt.jpg
[ImageService] Uploaded to: https://eivvjebsmxddrbbbnblr.supabase.co/storage/v1/object/public/covers/anime/s04wPvuo6kXBjlRXxXpt7.webp
[ImageService] Processing: https://s4.anilist.co/file/anilistcdn/media/anime/cover/large/nx98603-PPWyXBNCgWvd.jpg
[ImageService] Uploaded to: https://eivvjebsmxddrbbbnblr.supabase.co/storage/v1/object/public/covers/anime/Rb94FKZmi-xwq1QloiLM3.webp
[ImageService] Uploaded to: https://eivvjebsmxddrbbbnblr.supabase.co/storage/v1/object/public/covers/anime/ZW5EVYslMjKOFl4EaMKMe.webp
     ⏭️ Already exists: Yu-Gi-Oh! VRAINS
     ⏭️ Already exists: Yuki Yuna is a Hero: The Hero Chapter
[ImageService] Processing: https://s4.anilist.co/file/anilistcdn/media/anime/cover/large/bx97590-T68FhBBV6QV4.png
[ImageService] Processing: https://s4.anilist.co/file/anilistcdn/media/anime/cover/medium/21744-UL1QeLlLzErd.png
[ImageService] Uploaded to: https://eivvjebsmxddrbbbnblr.supabase.co/storage/v1/object/public/covers/anime/eHdbUoJ8jeLtvFgewIY3k.webp
[ImageService] Uploaded to: https://eivvjebsmxddrbbbnblr.supabase.co/storage/v1/object/public/covers/anime/ep6pd0CM18hJEZwj4dRTs.webp
     ⏭️ Already exists: SENGOKU NIGHT BLOOD
[ImageService] Processing: https://s4.anilist.co/file/anilistcdn/media/anime/cover/medium/98186-2s9zyDfRAvrr.png
[ImageService] Uploaded to: https://eivvjebsmxddrbbbnblr.supabase.co/storage/v1/object/public/covers/anime/5TPqaRHP0rpiZGuLATaDJ.webp
     ⏭️ Already exists: Sound! Euphonium The Movie — May the melody reach you! —
[ImageService] Processing: https://s4.anilist.co/file/anilistcdn/media/anime/cover/large/nx99672-Z2aXOeOG8xHd.jpg
[ImageService] Uploaded to: https://eivvjebsmxddrbbbnblr.supabase.co/storage/v1/object/public/covers/anime/XosJ2OE_bKlCYD8NTwFyr.webp
     ⏭️ Already exists: ONIHEI
[ImageService] Processing: https://s4.anilist.co/file/anilistcdn/media/anime/cover/large/nx21461-uMKVoLchuwUK.jpg
[ImageService] Uploaded to: https://eivvjebsmxddrbbbnblr.supabase.co/storage/v1/object/public/covers/anime/CxVE_SM1cPwqKlA_VO_wq.webp
     ⏭️ Already exists: Rage of Bahamut: Genesis - Short Story
[ImageService] Processing: https://s4.anilist.co/file/anilistcdn/media/anime/cover/large/bx87498-NKAqpHPCugqX.png
[ImageService] Uploaded to: https://eivvjebsmxddrbbbnblr.supabase.co/storage/v1/object/public/covers/anime/oPvFEmzbL4ZcpHSPGFj6X.webp
     ⏭️ Already exists: Reikenzan: Eichi e no Shikaku
[ImageService] Processing: https://s4.anilist.co/file/anilistcdn/media/anime/cover/large/bx98310-ainGvvbOiKdk.jpg
[ImageService] Uploaded to: https://eivvjebsmxddrbbbnblr.supabase.co/storage/v1/object/public/covers/anime/aEiAftlZ3xwO35v5yJUzI.webp
     ⏭️ Already exists: Youjo Shenki
     ⏭️ Already exists: TWOCAR
[ImageService] Processing: https://s4.anilist.co/file/anilistcdn/media/anime/cover/large/bx99054-FHBbtrk85vb8.png
[ImageService] Processing: https://s4.anilist.co/file/anilistcdn/media/anime/cover/medium/98999-5192MOLfPrdN.jpg
[ImageService] Uploaded to: https://eivvjebsmxddrbbbnblr.supabase.co/storage/v1/object/public/covers/anime/7a0pRB4A3JOgAlEhzdr_Q.webp
[ImageService] Uploaded to: https://eivvjebsmxddrbbbnblr.supabase.co/storage/v1/object/public/covers/anime/HyZ084SQDFRkQTyQLDQKV.webp
     ⏭️ Already exists: SAIYUKI RELOAD BLAST
     ⏭️ Already exists: The Reflection
     ⏭️ Already exists: THE IDOLM@STER Side M
     ⏭️ Already exists: One Room: another
     ⏭️ Already exists: UQ Holder! OVA
   📄 Year 2017 Page 5: 18 New, 0 Heal
[ImageService] Processing: https://s4.anilist.co/file/anilistcdn/media/anime/cover/large/bx97860-UyQVEpqa2fRk.png
[ImageService] Processing: https://s4.anilist.co/file/anilistcdn/media/anime/cover/large/bx97859-hEwXY8VgIe02.png
[ImageService] Processing: https://s4.anilist.co/file/anilistcdn/media/anime/cover/large/bx97858-5WH7GGC5LFAz.png
[ImageService] Processing: https://s4.anilist.co/file/anilistcdn/media/anime/cover/large/bx21730-caiwTjlMlg0R.jpg
[ImageService] Processing: https://s4.anilist.co/file/anilistcdn/media/anime/cover/large/bx21464-1w47TWYyWH9K.jpg
[ImageService] Uploaded to: https://eivvjebsmxddrbbbnblr.supabase.co/storage/v1/object/public/covers/anime/uuZUc-nM8fb4ixJYpjxNW.webp
[ImageService] Uploaded to: https://eivvjebsmxddrbbbnblr.supabase.co/storage/v1/object/public/covers/anime/RdrRxqK-h4AoBrEjmF3J1.webp
[ImageService] Uploaded to: https://eivvjebsmxddrbbbnblr.supabase.co/storage/v1/object/public/covers/anime/nOuKBM-rbDdw8lMXxgiXF.webp
[ImageService] Uploaded to: https://eivvjebsmxddrbbbnblr.supabase.co/storage/v1/object/public/covers/anime/NJrtu2Ob-4s4Ee_KbRQvg.webp
[ImageService] Uploaded to: https://eivvjebsmxddrbbbnblr.supabase.co/storage/v1/object/public/covers/anime/cULkm711WmqZHnm60c5d7.webp
     ⏭️ Already exists: Yuuki Yuuna wa Yuusha de Aru: Washio Sumi no Shou 1 - Tomodachi
     ⏭️ Already exists: Star Blazers: Space Battleship Yamato 2202
[ImageService] Processing: https://s4.anilist.co/file/anilistcdn/media/anime/cover/medium/98642-va0rhXtwviJy.jpg
[ImageService] Processing: https://s4.anilist.co/file/anilistcdn/media/anime/cover/large/bx98239-TfA5HDdAciC6.jpg
[ImageService] Uploaded to: https://eivvjebsmxddrbbbnblr.supabase.co/storage/v1/object/public/covers/anime/-rDZ-lKiV46SxemTjzTsc.webp
[ImageService] Uploaded to: https://eivvjebsmxddrbbbnblr.supabase.co/storage/v1/object/public/covers/anime/EuwZaoBmtCeAJL28vXO9T.webp
     ⏭️ Already exists: Yuuki Yuuna wa Yuusha de Aru: Washio Sumi no Shou 2 - Tamashii
[ImageService] Processing: https://s4.anilist.co/file/anilistcdn/media/anime/cover/large/bx97670-OeUijqB6qWns.jpg
[ImageService] Uploaded to: https://eivvjebsmxddrbbbnblr.supabase.co/storage/v1/object/public/covers/anime/foyMj55pQv3P_cH2E6sGL.webp
     ⏭️ Already exists: Yuuki Yuuna wa Yuusha de Aru: Washio Sumi no Shou 3 - Yakusoku
[ImageService] Processing: https://s4.anilist.co/file/anilistcdn/media/anime/cover/large/bx97776-28QkZXPBtq2L.jpg
[ImageService] Uploaded to: https://eivvjebsmxddrbbbnblr.supabase.co/storage/v1/object/public/covers/anime/5pXnLj8TO1Y-JT5BeKHv0.webp
     ⏭️ Already exists: Resident Evil: Vendetta
[ImageService] Processing: https://s4.anilist.co/file/anilistcdn/media/anime/cover/large/bx98344-TP6X9RrB4zIc.png
[ImageService] Uploaded to: https://eivvjebsmxddrbbbnblr.supabase.co/storage/v1/object/public/covers/anime/WtRm1J8lH2sufedpUYiTQ.webp
   ⚠️ Primary model refused "Rin-ne 3". Switching to Grok...
     ⏭️ Already exists: The Laughing Salesman
[ImageService] Processing: https://s4.anilist.co/file/anilistcdn/media/anime/cover/large/nx97904-sV0DB3unqTiw.png
[ImageService] Uploaded to: https://eivvjebsmxddrbbbnblr.supabase.co/storage/v1/object/public/covers/anime/1EPGtR5R4mqMgmVLtXJuK.webp
     ⏭️ Already exists: Super Lovers OVA
[ImageService] Processing: https://s4.anilist.co/file/anilistcdn/media/anime/cover/medium/b97933-s6hyAaVy5SPL.png
[ImageService] Uploaded to: https://eivvjebsmxddrbbbnblr.supabase.co/storage/v1/object/public/covers/anime/T3Z2ZO840RSkEwAjIrCvg.webp
     ⏭️ Already exists: Schoolgirl Strikers Animation Channel
[ImageService] Processing: https://s4.anilist.co/file/anilistcdn/media/anime/cover/large/bx98622-31fSks7AIdNM.jpg
[ImageService] Uploaded to: https://eivvjebsmxddrbbbnblr.supabase.co/storage/v1/object/public/covers/anime/NxV-deChxxRrCXWOpSXQ_.webp
     ⏭️ Already exists: Yuyushiki OVA: Komarasetari, Komarasaretari
[ImageService] Processing: https://s4.anilist.co/file/anilistcdn/media/anime/cover/large/nx21865-F4OmEzHSkVJK.jpg
[ImageService] Uploaded to: https://eivvjebsmxddrbbbnblr.supabase.co/storage/v1/object/public/covers/anime/KuPzV5YLQDKmqyDw9EVlR.webp
     ⏭️ Already exists: Rin-ne 3
[ImageService] Processing: https://s4.anilist.co/file/anilistcdn/media/anime/cover/large/nx100211-LhUYSSd5D4HZ.jpg
[ImageService] Uploaded to: https://eivvjebsmxddrbbbnblr.supabase.co/storage/v1/object/public/covers/anime/J9e6E5MZQfr629sDUNG1O.webp
     ⏭️ Already exists: TSUKIPRO THE ANIMATION
[ImageService] Processing: https://s4.anilist.co/file/anilistcdn/media/anime/cover/medium/b97820-NvvzeY5AYGnz.jpg
[ImageService] Uploaded to: https://eivvjebsmxddrbbbnblr.supabase.co/storage/v1/object/public/covers/anime/0_dHdoGpqw5PyLSPL3EL7.webp
     ⏭️ Already exists: Twin Angels BREAK
[ImageService] Processing: https://s4.anilist.co/file/anilistcdn/media/anime/cover/medium/98220-2eOZ3BstOv8I.png
[ImageService] Uploaded to: https://eivvjebsmxddrbbbnblr.supabase.co/storage/v1/object/public/covers/anime/0rbwV7vzpPcSbQjJv17Hv.webp
     ⏭️ Already exists: Wake Up, Girls! New Chapter
[ImageService] Processing: https://s4.anilist.co/file/anilistcdn/media/anime/cover/large/bx98526-VKJSGv2walfo.jpg
[ImageService] Uploaded to: https://eivvjebsmxddrbbbnblr.supabase.co/storage/v1/object/public/covers/anime/kWrDlI5GVoi9j_zOIt8iZ.webp
     ⏭️ Already exists: Seven Mortal Sins Zange-roku
     ⏭️ Already exists: ROAD TO YOU
     ⏭️ Already exists: STARMYU 2
     ⏭️ Already exists: ViVid Strike! OVA
     ⏭️ Already exists: ROBOMASTERS THE ANIMATED SERIES
   📄 Year 2017 Page 6: 17 New, 4 Heal
[ImageService] Processing: https://s4.anilist.co/file/anilistcdn/media/anime/cover/medium/97856-SMzHeOypYghg.jpg
[ImageService] Processing: https://s4.anilist.co/file/anilistcdn/media/anime/cover/large/nx98573-XLwyFZCUA5Ma.png
[ImageService] Processing: https://s4.anilist.co/file/anilistcdn/media/anime/cover/large/bx99642-RNWOKndtlpIK.png
[ImageService] Processing: https://s4.anilist.co/file/anilistcdn/media/anime/cover/large/nx98556-FZivLyKTEgKW.jpg
[ImageService] Processing: https://s4.anilist.co/file/anilistcdn/media/anime/cover/large/nx98548-AIyG5YYZPKqo.jpg
[ImageService] Uploaded to: https://eivvjebsmxddrbbbnblr.supabase.co/storage/v1/object/public/covers/anime/UO1AndJyUfu2ClSq1HN70.webp
[ImageService] Uploaded to: https://eivvjebsmxddrbbbnblr.supabase.co/storage/v1/object/public/covers/anime/V82Kk8OkXsoPQYMemW0VW.webp
[ImageService] Uploaded to: https://eivvjebsmxddrbbbnblr.supabase.co/storage/v1/object/public/covers/anime/zFDELlbgCSWo2whdxV4UC.webp
[ImageService] Uploaded to: https://eivvjebsmxddrbbbnblr.supabase.co/storage/v1/object/public/covers/anime/-l7JLOYjrkranSWsVTgyP.webp
[ImageService] Uploaded to: https://eivvjebsmxddrbbbnblr.supabase.co/storage/v1/object/public/covers/anime/z8rmvEWJ-xefP9FGJIqbm.webp
     ⏭️ Already exists: Yuuki Yuuna wa Yuusha-bu Shozoku
[ImageService] Processing: https://s4.anilist.co/file/anilistcdn/media/anime/cover/medium/b100656-gdCjPM7VqQfp.jpg
[ImageService] Uploaded to: https://eivvjebsmxddrbbbnblr.supabase.co/storage/v1/object/public/covers/anime/hvgM_8V3iCQDsn4qZwrMR.webp
     ⏭️ Already exists: Precure Dream Stars!
[ImageService] Processing: https://s4.anilist.co/file/anilistcdn/media/anime/cover/large/bx107875-MLHS9ZS2J6F9.jpg
     ⏭️ Already exists: Soutai Sekai
[ImageService] Processing: https://s4.anilist.co/file/anilistcdn/media/anime/cover/large/bx98739-ISLQ0gWHczaG.jpg
[ImageService] Uploaded to: https://eivvjebsmxddrbbbnblr.supabase.co/storage/v1/object/public/covers/anime/g-eJLYjiSgFY6L25aeA1T.webp
[ImageService] Uploaded to: https://eivvjebsmxddrbbbnblr.supabase.co/storage/v1/object/public/covers/anime/iKpQDCj4kqBVmjLdPDRwR.webp
     ⏭️ Already exists: THE IDOLM@STER CINDERELLA GIRLS Theater (Web)
[ImageService] Processing: https://s4.anilist.co/file/anilistcdn/media/anime/cover/medium/100225-Tody5v9GQb7k.jpg
[ImageService] Uploaded to: https://eivvjebsmxddrbbbnblr.supabase.co/storage/v1/object/public/covers/anime/7P8uhhCktsZ9-0ZPbwAv2.webp
     ⏭️ Already exists: Stella no Mahou OVA
[ImageService] Processing: https://s4.anilist.co/file/anilistcdn/media/anime/cover/large/nx100484-ZrpgxXQ3SIkj.jpg
[ImageService] Uploaded to: https://eivvjebsmxddrbbbnblr.supabase.co/storage/v1/object/public/covers/anime/ouTeyoWUu6lh23DmelpcN.webp
     ⏭️ Already exists: Sorcery in the Big City
     ⏭️ Already exists: Yowamushi Pedal: Re:GENERATION
[ImageService] Processing: https://s4.anilist.co/file/anilistcdn/media/anime/cover/medium/100981-sGcdYlrWoUQh.jpg
[ImageService] Uploaded to: https://eivvjebsmxddrbbbnblr.supabase.co/storage/v1/object/public/covers/anime/qgwM7OcUqqvvlXg3V9Olm.webp
[ImageService] Processing: https://s4.anilist.co/file/anilistcdn/media/anime/cover/large/nx98578-fKPrIVeiPOhV.jpg
[ImageService] Uploaded to: https://eivvjebsmxddrbbbnblr.supabase.co/storage/v1/object/public/covers/anime/HT7Hc0idowP80kslhdb-B.webp
     ⏭️ Already exists: Thunderbolt Fantasy: The Sword of Life and Death
[ImageService] Processing: https://s4.anilist.co/file/anilistcdn/media/anime/cover/large/nx103809-OaGQ8QYW6NES.jpg
[ImageService] Uploaded to: https://eivvjebsmxddrbbbnblr.supabase.co/storage/v1/object/public/covers/anime/UsUDrIYCxO9jm93keurat.webp
     ⏭️ Already exists: Seizei Ganbare! Mahou Shoujo Kurumi
[ImageService] Processing: https://s4.anilist.co/file/anilistcdn/media/anime/cover/medium/b110219-2bs3A5rsqD9m.jpg
[ImageService] Uploaded to: https://eivvjebsmxddrbbbnblr.supabase.co/storage/v1/object/public/covers/anime/VGRtusmT9mNiySDSC-iTf.webp
     ⏭️ Already exists: THE iDOLM@STER CINDERELLA GIRLS Theater 2nd Season (Web)
[ImageService] Processing: https://s4.anilist.co/file/anilistcdn/media/anime/cover/medium/b103373-U6fNOC40LxYA.png
[ImageService] Uploaded to: https://eivvjebsmxddrbbbnblr.supabase.co/storage/v1/object/public/covers/anime/0VNGWoFi0SGUj61mlxpLE.webp
     ⏭️ Already exists: Yuuki Yuuna wa Yuusha-bu Shozoku 3
     ⏭️ Already exists: Sakura Internet Shinsei
[ImageService] Processing: https://s4.anilist.co/file/anilistcdn/media/anime/cover/medium/98085-ILISfb5Wgzfr.jpg
[ImageService] Processing: https://s4.anilist.co/file/anilistcdn/media/anime/cover/medium/97605-BnmJspReuZcF.jpg
[ImageService] Uploaded to: https://eivvjebsmxddrbbbnblr.supabase.co/storage/v1/object/public/covers/anime/vesgtO8WinJTWC3mrMKBt.webp
[ImageService] Uploaded to: https://eivvjebsmxddrbbbnblr.supabase.co/storage/v1/object/public/covers/anime/VfT2yENmFZO-W3NyBi4PD.webp
     ⏭️ Already exists: The Idolm@ster Million Live! 4th Shuunen Kinen PV
     ⏭️ Already exists: Zettai 15-byou Animation!
     ⏭️ Already exists: Touken Ranbu: Hanamaru - Makuai Kaisouroku
     ⏭️ Already exists: Yume Oukoku to Nemureru 100 Nin no Ouji-sama Shorts
     ⏭️ Already exists: Onihei: Sono Otoko, Heizou Hasegawa
   📄 Year 2017 Page 7: 18 New, 11 Heal
[ImageService] Processing: https://s4.anilist.co/file/anilistcdn/media/anime/cover/medium/n103740-SZ3QogfgVfEW.jpg
[ImageService] Processing: https://s4.anilist.co/file/anilistcdn/media/anime/cover/large/bx21846-zQwx3utUPgma.png
[ImageService] Processing: https://s4.anilist.co/file/anilistcdn/media/anime/cover/large/nx98518-FvmgLnUlYRIX.jpg
[ImageService] Processing: https://s4.anilist.co/file/anilistcdn/media/anime/cover/large/bx21843-N07aWBMp1Ibe.png
[ImageService] Processing: https://s4.anilist.co/file/anilistcdn/media/anime/cover/large/bx114814-BS7wFuuMDnSY.png
[ImageService] Uploaded to: https://eivvjebsmxddrbbbnblr.supabase.co/storage/v1/object/public/covers/anime/0L9qJsVWjVt8BC77Lasx8.webp
[ImageService] Uploaded to: https://eivvjebsmxddrbbbnblr.supabase.co/storage/v1/object/public/covers/anime/oa5HHF6IKm4EbPe4TZjvX.webp
[ImageService] Uploaded to: https://eivvjebsmxddrbbbnblr.supabase.co/storage/v1/object/public/covers/anime/Tsqwm2yoIbZHS9vhYNzK7.webp
[ImageService] Uploaded to: https://eivvjebsmxddrbbbnblr.supabase.co/storage/v1/object/public/covers/anime/tViKJu-frT05VNGUFT_q0.webp
[ImageService] Uploaded to: https://eivvjebsmxddrbbbnblr.supabase.co/storage/v1/object/public/covers/anime/CKuSyRa-nWE8MQgiLfiMF.webp
     ⏭️ Already exists: Youkai Watch: Shadowside - Oni-ou no Fukkatsu
[ImageService] Processing: https://s4.anilist.co/file/anilistcdn/media/anime/cover/large/bx101913-0vPbUaY3Jop2.jpg
     ⏭️ Already exists: Precarious woman executive miss BLACK GENERAL
[ImageService] Uploaded to: https://eivvjebsmxddrbbbnblr.supabase.co/storage/v1/object/public/covers/anime/EckZtckWqzJ7kOEvGOkCl.webp
     ⏭️ Already exists: Red Ash -GEARWORLD-
[ImageService] Processing: https://s4.anilist.co/file/anilistcdn/media/anime/cover/large/bx98521-WTX6Uvf7DivL.png
     ⏭️ Already exists: PriPara Movie: Mi~nna de Kagayake! Kirarin☆Star Live!
[ImageService] Uploaded to: https://eivvjebsmxddrbbbnblr.supabase.co/storage/v1/object/public/covers/anime/zZsjzT8yr2zpDnR-VOqOV.webp
[ImageService] Processing: https://s4.anilist.co/file/anilistcdn/media/anime/cover/large/nx98421-vpEBxFj1ix3p.jpg
[ImageService] Uploaded to: https://eivvjebsmxddrbbbnblr.supabase.co/storage/v1/object/public/covers/anime/CJepHXoY2Maxdd-zhpth2.webp
[ImageService] Processing: https://s4.anilist.co/file/anilistcdn/media/anime/cover/medium/100255-AjiWCjSL9LMG.jpg
[ImageService] Uploaded to: https://eivvjebsmxddrbbbnblr.supabase.co/storage/v1/object/public/covers/anime/L-VSsEx5CRt2qL_cvvqtu.webp
     ⏭️ Already exists: Zunda Horizon
[ImageService] Processing: https://s4.anilist.co/file/anilistcdn/media/anime/cover/medium/b114843-e97HaHys4Kdw.jpg
[ImageService] Uploaded to: https://eivvjebsmxddrbbbnblr.supabase.co/storage/v1/object/public/covers/anime/Lzd6TL0OYCdSO7l6O3Q1M.webp
     ⏭️ Already exists: Starship Troopers: Traitor of Mars
[ImageService] Processing: https://s4.anilist.co/file/anilistcdn/media/anime/cover/large/nx98441-yL3xLVbBiJJx.jpg
[ImageService] Uploaded to: https://eivvjebsmxddrbbbnblr.supabase.co/storage/v1/object/public/covers/anime/6-wrxcU2YdnN-oeuYloWc.webp
     ⏭️ Already exists: Time Bokan: The Villains' Strike Back
[ImageService] Processing: https://s4.anilist.co/file/anilistcdn/media/anime/cover/medium/98077-Ouh1jGTqUlTA.jpg
[ImageService] Uploaded to: https://eivvjebsmxddrbbbnblr.supabase.co/storage/v1/object/public/covers/anime/l8jF083mk3SqjOa7BnbQV.webp
     ⏭️ Already exists: Onyankopon
[ImageService] Processing: https://s4.anilist.co/file/anilistcdn/media/anime/cover/medium/b139037-0VI5I8YBHizi.jpg
[ImageService] Uploaded to: https://eivvjebsmxddrbbbnblr.supabase.co/storage/v1/object/public/covers/anime/QIOEtZiAbTvU0dS-eozbX.webp
     ⏭️ Already exists: Rilu Rilu Fairilu: Mahou no Kagami
[ImageService] Processing: https://s4.anilist.co/file/anilistcdn/media/anime/cover/large/bx117403-v25LEZcOFmBM.jpg
[ImageService] Uploaded to: https://eivvjebsmxddrbbbnblr.supabase.co/storage/v1/object/public/covers/anime/VlSE4o59flj4DfMbG0pmc.webp
     ⏭️ Already exists: Pikotaro's LULLABY LA LA BY
[ImageService] Processing: https://s4.anilist.co/file/anilistcdn/media/anime/cover/large/bx98297-nB9PLUWHt30p.jpg
[ImageService] Uploaded to: https://eivvjebsmxddrbbbnblr.supabase.co/storage/v1/object/public/covers/anime/lFPrHkd7KeSspRZxfZBQC.webp
     ⏭️ Already exists: T-sensei
     ⏭️ Already exists: Tomica Hyper Rescue Drive Head Kidou Kyuukyuu Keisatsu
[ImageService] Processing: https://s4.anilist.co/file/anilistcdn/media/anime/cover/large/nx98772-grGdohO0LzG9.jpg
[ImageService] Processing: https://s4.anilist.co/file/anilistcdn/media/anime/cover/large/bx102647-pmbSzIuCuFZO.jpg
     ⏭️ Already exists: Petit☆Dream Stars!: Let's La Cooking? Showtime!
[ImageService] Uploaded to: https://eivvjebsmxddrbbbnblr.supabase.co/storage/v1/object/public/covers/anime/6CaPwMWQWp0UGWi8GJ4mQ.webp
[ImageService] Uploaded to: https://eivvjebsmxddrbbbnblr.supabase.co/storage/v1/object/public/covers/anime/jfyHo2VU9Z8kpAruMJhNR.webp
[ImageService] Processing: https://s4.anilist.co/file/anilistcdn/media/anime/cover/large/bx139082-EzB0b0tIutBG.png
[ImageService] Uploaded to: https://eivvjebsmxddrbbbnblr.supabase.co/storage/v1/object/public/covers/anime/RuwYtCEILbxs_jMRjiP3K.webp
     ⏭️ Already exists: Shin chan Spin-Off: Lone Wolf and Family
     ⏭️ Already exists: SNACK WORLD
     ⏭️ Already exists: Sagaken wo Meguru Animation (2017)
     ⏭️ Already exists: Rara Maji
     ⏭️ Already exists: The Lamp Man
   📄 Year 2017 Page 8: 10 New, 6 Heal
[ImageService] Processing: https://s4.anilist.co/file/anilistcdn/media/anime/cover/medium/98467-F6ucY8lfuC1y.jpg
[ImageService] Processing: https://s4.anilist.co/file/anilistcdn/media/anime/cover/medium/102454-gmr1k5Vsd0M0.jpg
[ImageService] Processing: https://s4.anilist.co/file/anilistcdn/media/anime/cover/medium/99966-xDVEEQ1FXsKL.jpg
[ImageService] Processing: https://s4.anilist.co/file/anilistcdn/media/anime/cover/medium/b116059-7GYFwgZ2mTMn.jpg
[ImageService] Uploaded to: https://eivvjebsmxddrbbbnblr.supabase.co/storage/v1/object/public/covers/anime/4TNfs05XpGeXjX4CqaCIn.webp
[ImageService] Uploaded to: https://eivvjebsmxddrbbbnblr.supabase.co/storage/v1/object/public/covers/anime/fq3zSDkeEHaEjSTjNX8UE.webp
[ImageService] Processing: https://s4.anilist.co/file/anilistcdn/media/anime/cover/large/bx121891-uwDxLJl6T2dY.jpg
[ImageService] Uploaded to: https://eivvjebsmxddrbbbnblr.supabase.co/storage/v1/object/public/covers/anime/Z7xj8PnlGLDBZy3uX6cR9.webp
[ImageService] Uploaded to: https://eivvjebsmxddrbbbnblr.supabase.co/storage/v1/object/public/covers/anime/yeaLLiUxtIOMPCSTakjBY.webp
[ImageService] Uploaded to: https://eivvjebsmxddrbbbnblr.supabase.co/storage/v1/object/public/covers/anime/SWHyb9eoV2Mi0WmSSkcKu.webp
     ⏭️ Already exists: Zo Zo Zo Zombie-kun
     ⏭️ Already exists: Shirotan: Shirotan ga Ippai!
[ImageService] Processing: https://s4.anilist.co/file/anilistcdn/media/anime/cover/large/nx98632-jwo0sw3JkxjI.jpg
[ImageService] Uploaded to: https://eivvjebsmxddrbbbnblr.supabase.co/storage/v1/object/public/covers/anime/cH3O9sCgT-ijI_anQwzGW.webp
     ⏭️ Already exists: SLIDE
[ImageService] Processing: https://s4.anilist.co/file/anilistcdn/media/anime/cover/large/bx115763-eFkKXacCcOQ7.png
[ImageService] Processing: https://s4.anilist.co/file/anilistcdn/media/anime/cover/medium/101082-h5Z3Lp4uuS1l.png
[ImageService] Uploaded to: https://eivvjebsmxddrbbbnblr.supabase.co/storage/v1/object/public/covers/anime/KMxnjuJgKKZzEfg-x_y5I.webp
[ImageService] Uploaded to: https://eivvjebsmxddrbbbnblr.supabase.co/storage/v1/object/public/covers/anime/qH1J8IPOnW2-6-cSSPsPW.webp
     ⏭️ Already exists: Ylion and Callysia
[ImageService] Processing: https://s4.anilist.co/file/anilistcdn/media/anime/cover/medium/b174841-NKguj0dbs4ls.png
[ImageService] Uploaded to: https://eivvjebsmxddrbbbnblr.supabase.co/storage/v1/object/public/covers/anime/il-QVq3hJrx8umT1glSgQ.webp
     ⏭️ Already exists: Tama Pawns
[ImageService] Processing: https://s4.anilist.co/file/anilistcdn/media/anime/cover/medium/b177227-cUfqJohwCGtR.png
[ImageService] Uploaded to: https://eivvjebsmxddrbbbnblr.supabase.co/storage/v1/object/public/covers/anime/MY8PStb_1-92feWQbA8PI.webp
     ⏭️ Already exists: Sore Ike! Anpanman: Buruburu no Takarasagashi Daibouken!
     ⏭️ Already exists: Panpaka Pantsu Matsuri Movie: Purin Ara, Domo
     ⏭️ Already exists: Nui Nui Hinobori San Kyoudai
     ⏭️ Already exists: Walking through the town with a film director
     ⏭️ Already exists: Ponkotsu Quest: Maou to Haken no Mamono-tachi Season 4

📅 Processing Year: 2016
   📄 Year 2016 Page 1: 13 New, 35 Heal
[ImageService] Processing: https://s4.anilist.co/file/anilistcdn/media/anime/cover/large/bx21519-SUo3ZQuCbYhJ.png
[ImageService] Processing: https://s4.anilist.co/file/anilistcdn/media/anime/cover/large/bx21355-wRVUrGxpvIQQ.jpg
[ImageService] Uploaded to: https://eivvjebsmxddrbbbnblr.supabase.co/storage/v1/object/public/covers/anime/-Z9r42GBKyA53g-8FYrqC.webp
[ImageService] Uploaded to: https://eivvjebsmxddrbbbnblr.supabase.co/storage/v1/object/public/covers/anime/7hMORVeQmdvSl9XjPdZKz.webp
[ImageService] Processing: https://s4.anilist.co/file/anilistcdn/media/anime/cover/large/bx21049-4AHSLeiDE9eg.png
[ImageService] Processing: https://s4.anilist.co/file/anilistcdn/media/anime/cover/large/bx21647-zMUXNhcVyRyv.png
[ImageService] Uploaded to: https://eivvjebsmxddrbbbnblr.supabase.co/storage/v1/object/public/covers/anime/1v69goSR2_EzNvxY6fjXA.webp
[ImageService] Uploaded to: https://eivvjebsmxddrbbbnblr.supabase.co/storage/v1/object/public/covers/anime/BCdokpTqV7THg6448ssv4.webp
[ImageService] Processing: https://s4.anilist.co/file/anilistcdn/media/anime/cover/large/bx21709-aqPBDxJPruYR.png
[ImageService] Uploaded to: https://eivvjebsmxddrbbbnblr.supabase.co/storage/v1/object/public/covers/anime/9DN9EvFZyF3DjKIlXiYR8.webp
     ⏭️ Already exists: ReLIFE
     ⏭️ Already exists: Re:ZERO -Starting Life in Another World-
     ⏭️ Already exists: Your Name.
     ⏭️ Already exists: Orange
[ImageService] Processing: https://s4.anilist.co/file/anilistcdn/media/anime/cover/large/bx21385-0rOBu6r4C4b9.jpg
[ImageService] Processing: https://s4.anilist.co/file/anilistcdn/media/anime/cover/large/bx21495-I6p0OKzKBFjw.png
[ImageService] Uploaded to: https://eivvjebsmxddrbbbnblr.supabase.co/storage/v1/object/public/covers/anime/n-usiFUGmPOByCRHKINdc.webp
[ImageService] Uploaded to: https://eivvjebsmxddrbbbnblr.supabase.co/storage/v1/object/public/covers/anime/DkmStiVGGWrzc-f1PhA8M.webp
[ImageService] Processing: https://s4.anilist.co/file/anilistcdn/media/anime/cover/large/bx21499-JCxvIXc27mVT.jpg
[ImageService] Uploaded to: https://eivvjebsmxddrbbbnblr.supabase.co/storage/v1/object/public/covers/anime/8sI2gllK2wq1i_Hx2eLDG.webp
     ⏭️ Already exists: Yuri!!! on ICE
[ImageService] Processing: https://s4.anilist.co/file/anilistcdn/media/anime/cover/large/bx21390-5MedgrU15Twy.jpg
[ImageService] Processing: https://s4.anilist.co/file/anilistcdn/media/anime/cover/large/bx21188-VFUo0sASxOfO.jpg
[ImageService] Uploaded to: https://eivvjebsmxddrbbbnblr.supabase.co/storage/v1/object/public/covers/anime/uI7mfUckdYotIzcm3aTtq.webp
[ImageService] Uploaded to: https://eivvjebsmxddrbbbnblr.supabase.co/storage/v1/object/public/covers/anime/Dmx65lWTcJatHgQjDjgXN.webp
     ⏭️ Already exists: Tanaka-kun is Always Listless
[ImageService] Processing: https://s4.anilist.co/file/anilistcdn/media/anime/cover/large/bx21258-6UnmYMTMH0f7.jpg
[ImageService] Uploaded to: https://eivvjebsmxddrbbbnblr.supabase.co/storage/v1/object/public/covers/anime/XSGxQtjpT6JOpr2bE-ciS.webp
     ⏭️ Already exists: Twin Star Exorcists
[ImageService] Processing: https://s4.anilist.co/file/anilistcdn/media/anime/cover/large/bx21659-r1nnqXPIcl9D.png
[ImageService] Uploaded to: https://eivvjebsmxddrbbbnblr.supabase.co/storage/v1/object/public/covers/anime/DqOtGDssmXbvqpzrnxVL6.webp
     ⏭️ Already exists: The Asterisk War 2
     ⏭️ Already exists: Undefeated Bahamut Chronicle
[ImageService] Processing: https://s4.anilist.co/file/anilistcdn/media/anime/cover/large/bx20972-95dyLz6lkCZ8.jpg
     ⏭️ Already exists: The Seven Deadly Sins: Signs of A Holy War
[ImageService] Uploaded to: https://eivvjebsmxddrbbbnblr.supabase.co/storage/v1/object/public/covers/anime/YGDa6lN70q3Z4rO4jw31o.webp
     ⏭️ Already exists: Snow White with the Red Hair Season 2
     ⏭️ Already exists: Sweetness & Lightning
     ⏭️ Already exists: Showa Genroku Rakugo Shinju
   📄 Year 2016 Page 2: 15 New, 29 Heal
[ImageService] Processing: https://s4.anilist.co/file/anilistcdn/media/anime/cover/large/bx21460-B52Z2pICE11i.png
[ImageService] Processing: https://s4.anilist.co/file/anilistcdn/media/anime/cover/large/bx21457-MzWktnoD67PO.png
[ImageService] Processing: https://s4.anilist.co/file/anilistcdn/media/anime/cover/large/bx21416-IwCJBh54K3iw.jpg
[ImageService] Uploaded to: https://eivvjebsmxddrbbbnblr.supabase.co/storage/v1/object/public/covers/anime/tU1GpLsU56igTNml6NlTH.webp
[ImageService] Processing: https://s4.anilist.co/file/anilistcdn/media/anime/cover/large/bx21688-DOc6RxTYfXEr.jpg
[ImageService] Uploaded to: https://eivvjebsmxddrbbbnblr.supabase.co/storage/v1/object/public/covers/anime/UG64cB3ASdARg5X7CsfVb.webp
[ImageService] Uploaded to: https://eivvjebsmxddrbbbnblr.supabase.co/storage/v1/object/public/covers/anime/Ek96m-L4bmNqSOCKw5WHN.webp
[ImageService] Uploaded to: https://eivvjebsmxddrbbbnblr.supabase.co/storage/v1/object/public/covers/anime/53TpuzSAVE-LbH7jUbOMS.webp
[ImageService] Processing: https://s4.anilist.co/file/anilistcdn/media/anime/cover/large/bx21221-exaYgjct2K2c.jpg
[ImageService] Uploaded to: https://eivvjebsmxddrbbbnblr.supabase.co/storage/v1/object/public/covers/anime/5l-OtEJCbkQxIa4fkXIvo.webp
     ⏭️ Already exists: This Art Club Has a Problem!
     ⏭️ Already exists: Tales of Zestiria the X
     ⏭️ Already exists: One-Punch Man OVA
[ImageService] Processing: https://s4.anilist.co/file/anilistcdn/media/anime/cover/large/bx21557-Z5r4cvbl9R6R.jpg
[ImageService] Uploaded to: https://eivvjebsmxddrbbbnblr.supabase.co/storage/v1/object/public/covers/anime/Y0Pwt6fiAhO1CQZeO0Pni.webp
[ImageService] Processing: https://s4.anilist.co/file/anilistcdn/media/anime/cover/large/bx21567-G0fAjdtoCsZz.jpg
[ImageService] Processing: https://s4.anilist.co/file/anilistcdn/media/anime/cover/large/bx21815-q8Jm7tx70N0H.jpg
     ⏭️ Already exists: Sound! Euphonium 2
[ImageService] Uploaded to: https://eivvjebsmxddrbbbnblr.supabase.co/storage/v1/object/public/covers/anime/8T73X1umHlqYkPJOTqfVF.webp
[ImageService] Uploaded to: https://eivvjebsmxddrbbbnblr.supabase.co/storage/v1/object/public/covers/anime/S7aYreq7cBokKREL0Su9Q.webp
[ImageService] Processing: https://s4.anilist.co/file/anilistcdn/media/anime/cover/large/bx97716-KEnqtszrv2vw.jpg
[ImageService] Uploaded to: https://eivvjebsmxddrbbbnblr.supabase.co/storage/v1/object/public/covers/anime/RUdwUi01n-_jdb248DOcA.webp
     ⏭️ Already exists: The Ancient Magus' Bride: Those Awaiting a Star
[ImageService] Processing: https://s4.anilist.co/file/anilistcdn/media/anime/cover/medium/b21565-PsQEFVGXs1fX.jpg
[ImageService] Uploaded to: https://eivvjebsmxddrbbbnblr.supabase.co/storage/v1/object/public/covers/anime/XK81NwyXQdclvsxiOXjJF.webp
     ⏭️ Already exists: Strike the Blood Second
[ImageService] Processing: https://s4.anilist.co/file/anilistcdn/media/anime/cover/large/bx21330-2PhigzTo5dTm.png
[ImageService] Uploaded to: https://eivvjebsmxddrbbbnblr.supabase.co/storage/v1/object/public/covers/anime/ZzgUfVxJPcC_70_gm-GoG.webp
     ⏭️ Already exists: Tawawa on Monday
[ImageService] Processing: https://s4.anilist.co/file/anilistcdn/media/anime/cover/large/bx21586-Fhcf7PklKZ5O.png
[ImageService] Uploaded to: https://eivvjebsmxddrbbbnblr.supabase.co/storage/v1/object/public/covers/anime/XlqC0-8gU1kZQbNyQozXE.webp
     ⏭️ Already exists: The Lost Village
     ⏭️ Already exists: Qualidea Code
[ImageService] Processing: https://s4.anilist.co/file/anilistcdn/media/anime/cover/large/bx21764-tItSTDi0QB31.jpg
[ImageService] Uploaded to: https://eivvjebsmxddrbbbnblr.supabase.co/storage/v1/object/public/covers/anime/wCz_rU9dH6RuZN0eKaU2D.webp
[ImageService] Processing: https://s4.anilist.co/file/anilistcdn/media/anime/cover/large/bx97634-P3p6KJiZFajv.png
[ImageService] Uploaded to: https://eivvjebsmxddrbbbnblr.supabase.co/storage/v1/object/public/covers/anime/IJ6lJdd_Hwg1WDWPEOtci.webp
     ⏭️ Already exists: Prison School: Mad Wax
[ImageService] Processing: https://s4.anilist.co/file/anilistcdn/media/anime/cover/large/nx21757-zH78HtS4b0GU.png
[ImageService] Uploaded to: https://eivvjebsmxddrbbbnblr.supabase.co/storage/v1/object/public/covers/anime/O-NOrpFokvPe91W0qyg76.webp
     ⏭️ Already exists: Prince of Stride: Alternative
     ⏭️ Already exists: Seraph of the End: Kyuuketsuki Shahal
   ⚠️ Primary model refused "WWW.WAGNARIA!!". Switching to Grok...
     ⏭️ Already exists: Pokémon the Series: Sun & Moon
     ⏭️ Already exists: The Moment You Fall in Love
     ⏭️ Already exists: WWW.WAGNARIA!!
   📄 Year 2016 Page 3: 22 New, 0 Heal
[ImageService] Processing: https://s4.anilist.co/file/anilistcdn/media/anime/cover/large/bx21631-k0SsKyeorkyl.jpg
[ImageService] Processing: https://s4.anilist.co/file/anilistcdn/media/anime/cover/large/bx21643-1zrEKuiV3ASs.png
[ImageService] Processing: https://s4.anilist.co/file/anilistcdn/media/anime/cover/large/bx21424-B87p1XofzerH.jpg
[ImageService] Processing: https://s4.anilist.co/file/anilistcdn/media/anime/cover/large/nx21732-uOgNB5Y4FH5h.jpg
[ImageService] Processing: https://s4.anilist.co/file/anilistcdn/media/anime/cover/large/bx21177-WCEfrZj2L7Of.jpg
[ImageService] Uploaded to: https://eivvjebsmxddrbbbnblr.supabase.co/storage/v1/object/public/covers/anime/PKAwr4pP6aQhT5rTIm0mj.webp
[ImageService] Uploaded to: https://eivvjebsmxddrbbbnblr.supabase.co/storage/v1/object/public/covers/anime/5jrxfLHSLD0tVwXNuhUBQ.webp
[ImageService] Uploaded to: https://eivvjebsmxddrbbbnblr.supabase.co/storage/v1/object/public/covers/anime/7Y4Gd-IfVsozCHAnWbSkM.webp
[ImageService] Uploaded to: https://eivvjebsmxddrbbbnblr.supabase.co/storage/v1/object/public/covers/anime/nQJd46A1HxzvQFRoma8wI.webp
[ImageService] Uploaded to: https://eivvjebsmxddrbbbnblr.supabase.co/storage/v1/object/public/covers/anime/vt99O8Y9FE7ldPyh5sZsu.webp
     ⏭️ Already exists: SUPER LOVERS
     ⏭️ Already exists: Planetarian
[ImageService] Processing: https://s4.anilist.co/file/anilistcdn/media/anime/cover/large/bx21201-eQx9w8LLNVrx.png
[ImageService] Processing: https://s4.anilist.co/file/anilistcdn/media/anime/cover/large/bx21832-2p2k6zjjeVv7.jpg
[ImageService] Uploaded to: https://eivvjebsmxddrbbbnblr.supabase.co/storage/v1/object/public/covers/anime/dcTPQcPS6JLwGq4vipk-q.webp
[ImageService] Uploaded to: https://eivvjebsmxddrbbbnblr.supabase.co/storage/v1/object/public/covers/anime/0DxQBWg0MhM94Zpt0Bonm.webp
     ⏭️ Already exists: Poco's Udon World
[ImageService] Processing: https://s4.anilist.co/file/anilistcdn/media/anime/cover/large/nx21241-Avzz7tcb0yTy.jpg
[ImageService] Uploaded to: https://eivvjebsmxddrbbbnblr.supabase.co/storage/v1/object/public/covers/anime/1V_RFvVGwDZYkuBQiBL83.webp
     ⏭️ Already exists: The Morose Mononokean
[ImageService] Processing: https://s4.anilist.co/file/anilistcdn/media/anime/cover/large/bx21871-HHE1QjwHA6Op.png
[ImageService] Uploaded to: https://eivvjebsmxddrbbbnblr.supabase.co/storage/v1/object/public/covers/anime/joSB9419nghMuoujRBGMl.webp
     ⏭️ Already exists: The Heroic Legend of Arslan: Dust Storm Dance
[ImageService] Processing: https://s4.anilist.co/file/anilistcdn/media/anime/cover/large/bx21489-mz0SQkCiXCcO.jpg
[ImageService] Uploaded to: https://eivvjebsmxddrbbbnblr.supabase.co/storage/v1/object/public/covers/anime/bWB6TqjIsoTzhASpnYMU1.webp
     ⏭️ Already exists: Trickster
[ImageService] Processing: https://s4.anilist.co/file/anilistcdn/media/anime/cover/medium/b21853-J5po6NduavFq.jpg
[ImageService] Uploaded to: https://eivvjebsmxddrbbbnblr.supabase.co/storage/v1/object/public/covers/anime/3CeLdJ0igR0LvZDZ7kWiw.webp
     ⏭️ Already exists: Schwarzes Marken
[ImageService] Processing: https://s4.anilist.co/file/anilistcdn/media/anime/cover/medium/b21248-nze05fa3smqI.png
[ImageService] Uploaded to: https://eivvjebsmxddrbbbnblr.supabase.co/storage/v1/object/public/covers/anime/IszM_Ie5mAxMUshffitlQ.webp
     ⏭️ Already exists: Ushio and Tora 2 (TV)
     ⏭️ Already exists: ViVid Strike!
[ImageService] Processing: https://s4.anilist.co/file/anilistcdn/media/anime/cover/large/bx21741-OM5WXyhhwzPL.jpg
[ImageService] Processing: https://s4.anilist.co/file/anilistcdn/media/anime/cover/large/bx21313-CRB0vR5CXLco.jpg
     ⏭️ Already exists: The Testament of Sister New Devil BURST: Tojo Basara’s Perfectly Peaceful Daily Life
[ImageService] Uploaded to: https://eivvjebsmxddrbbbnblr.supabase.co/storage/v1/object/public/covers/anime/CYkqWtJ05f9MG7KCn6MJV.webp
[ImageService] Processing: https://s4.anilist.co/file/anilistcdn/media/anime/cover/medium/97635-I7aIU84ABBs8.jpg
[ImageService] Uploaded to: https://eivvjebsmxddrbbbnblr.supabase.co/storage/v1/object/public/covers/anime/naO6CoCmSTFTEDOA_4p4y.webp
[ImageService] Uploaded to: https://eivvjebsmxddrbbbnblr.supabase.co/storage/v1/object/public/covers/anime/r74INa95OZMJ7QXBcwDyw.webp
     ⏭️ Already exists: To LOVE-Ru Darkness 2nd OVA
[ImageService] Processing: https://s4.anilist.co/file/anilistcdn/media/anime/cover/large/bx21265-KN6KhEtx81wc.jpg
[ImageService] Uploaded to: https://eivvjebsmxddrbbbnblr.supabase.co/storage/v1/object/public/covers/anime/9C5TgQAZ6ZJ11qR8WQVkv.webp
     ⏭️ Already exists: Pokémon Generations
[ImageService] Processing: https://s4.anilist.co/file/anilistcdn/media/anime/cover/large/bx21321-1WCJBmHhPqf3.jpg
[ImageService] Uploaded to: https://eivvjebsmxddrbbbnblr.supabase.co/storage/v1/object/public/covers/anime/ZivOD0vKIDxFnIeR0oXZb.webp
     ⏭️ Already exists: Persona 3 the Movie: #4 Winter of Rebirth
[ImageService] Processing: https://s4.anilist.co/file/anilistcdn/media/anime/cover/large/bx20643-mIbbYI7Cx7Ye.jpg
[ImageService] Uploaded to: https://eivvjebsmxddrbbbnblr.supabase.co/storage/v1/object/public/covers/anime/1W4pETYLa2vq8ocCjY0XM.webp
     ⏭️ Already exists: Touken Ranbu - Hanamaru
[ImageService] Processing: https://s4.anilist.co/file/anilistcdn/media/anime/cover/large/bx21334-cPGktW4PmpBH.jpg
[ImageService] Uploaded to: https://eivvjebsmxddrbbbnblr.supabase.co/storage/v1/object/public/covers/anime/DGhHHsSWTw4U6ep8Wd_xQ.webp
     ⏭️ Already exists: Snow White with the Red Hair: Nandemonai Takaramono, Kono Page
[ImageService] Processing: https://s4.anilist.co/file/anilistcdn/media/anime/cover/large/bx21497-CwWo5NRxjxRN.jpg
[ImageService] Uploaded to: https://eivvjebsmxddrbbbnblr.supabase.co/storage/v1/object/public/covers/anime/LqPObAtrtgfODMGR0zJSa.webp
     ⏭️ Already exists: Yu-Gi-Oh!: The Dark Side of Dimensions
[ImageService] Processing: https://s4.anilist.co/file/anilistcdn/media/anime/cover/large/bx21300-zetpWksKrHJv.png
[ImageService] Uploaded to: https://eivvjebsmxddrbbbnblr.supabase.co/storage/v1/object/public/covers/anime/rHlM7wPu7rM8erlOYFjCU.webp
     ⏭️ Already exists: Shonen Maid
[ImageService] Processing: https://s4.anilist.co/file/anilistcdn/media/anime/cover/medium/87489-rizr4yabatdV.jpg
[ImageService] Uploaded to: https://eivvjebsmxddrbbbnblr.supabase.co/storage/v1/object/public/covers/anime/MFTg7camYy9w4VI8DUduk.webp
     ⏭️ Already exists: Norn9
     ⏭️ Already exists: Reikenzan: Hoshikuzu-tachi no Utage
     ⏭️ Already exists: Terra Formars: Revenge
     ⏭️ Already exists: Three Leaves, Three Colors
     ⏭️ Already exists: Overlord: Ple Ple Pleiades - Nazarick Saidai no Kiki
   📄 Year 2016 Page 4: 16 New, 0 Heal
[ImageService] Processing: https://s4.anilist.co/file/anilistcdn/media/anime/cover/large/bx21002-dbC7EUSwlgCg.png
[ImageService] Processing: https://s4.anilist.co/file/anilistcdn/media/anime/cover/large/bx21585-7JLUZe4iooea.jpg
[ImageService] Processing: https://s4.anilist.co/file/anilistcdn/media/anime/cover/large/bx21715-lruOD46Lr3jT.jpg
[ImageService] Processing: https://s4.anilist.co/file/anilistcdn/media/anime/cover/large/bx21264-vn4ZxC67Fb4A.jpg
[ImageService] Processing: https://s4.anilist.co/file/anilistcdn/media/anime/cover/large/bx21462-bRbgZYf4Sgxj.jpg
[ImageService] Uploaded to: https://eivvjebsmxddrbbbnblr.supabase.co/storage/v1/object/public/covers/anime/-pV82FixeW1d9SvxkuQlF.webp
[ImageService] Uploaded to: https://eivvjebsmxddrbbbnblr.supabase.co/storage/v1/object/public/covers/anime/4BxrzkKs_6e7_qvK7SIqC.webp
[ImageService] Uploaded to: https://eivvjebsmxddrbbbnblr.supabase.co/storage/v1/object/public/covers/anime/-6ce-QlJ2aYci952JorNT.webp
[ImageService] Uploaded to: https://eivvjebsmxddrbbbnblr.supabase.co/storage/v1/object/public/covers/anime/qCkYUOgdLr1FpL05Xzc9O.webp
[ImageService] Uploaded to: https://eivvjebsmxddrbbbnblr.supabase.co/storage/v1/object/public/covers/anime/0SqsKTCy8XGpwPzwDzvcA.webp
     ⏭️ Already exists: Sailor Moon Crystal Season 3
[ImageService] Processing: https://s4.anilist.co/file/anilistcdn/media/anime/cover/large/bx21771-z6TmqixjGJrU.png
[ImageService] Uploaded to: https://eivvjebsmxddrbbbnblr.supabase.co/storage/v1/object/public/covers/anime/FWwOwxWuEd1T-CZ3Hbvnv.webp
     ⏭️ Already exists: Non Non Biyori: Repeat - Hotaru ga Tanoshinda
[ImageService] Processing: https://s4.anilist.co/file/anilistcdn/media/anime/cover/large/bx21511-D0tPX9spNPQW.png
[ImageService] Uploaded to: https://eivvjebsmxddrbbbnblr.supabase.co/storage/v1/object/public/covers/anime/EWGRrvvYVyM9k5H9A55k_.webp
     ⏭️ Already exists: Under the Dog
[ImageService] Processing: https://s4.anilist.co/file/anilistcdn/media/anime/cover/medium/21800-0vXIUrT4m1hl.jpg
[ImageService] Uploaded to: https://eivvjebsmxddrbbbnblr.supabase.co/storage/v1/object/public/covers/anime/wbOIJsrbvNzYLYyFn92wO.webp
     ⏭️ Already exists: Scorching Ping Pong Girls
[ImageService] Processing: https://s4.anilist.co/file/anilistcdn/media/anime/cover/large/bx21638-sQ9UPJ4OtsDY.jpg
[ImageService] Uploaded to: https://eivvjebsmxddrbbbnblr.supabase.co/storage/v1/object/public/covers/anime/i357O9Obl9opT7Hp77uFC.webp
     ⏭️ Already exists: Phantasy Star Online 2 The Animation
[ImageService] Processing: https://s4.anilist.co/file/anilistcdn/media/anime/cover/large/bx21651-VtWkaIPJLDT1.png
[ImageService] Uploaded to: https://eivvjebsmxddrbbbnblr.supabase.co/storage/v1/object/public/covers/anime/TPZWAbYA6oZp5FtcMw2cD.webp
     ⏭️ Already exists: Pandora in the Crimson Shell Ghost Urn
[ImageService] Processing: https://s4.anilist.co/file/anilistcdn/media/anime/cover/large/bx21476-nLwZ0ilkBEex.png
     ⏭️ Already exists: Planetarian: Storyteller of the Stars
[ImageService] Uploaded to: https://eivvjebsmxddrbbbnblr.supabase.co/storage/v1/object/public/covers/anime/ge2FuE5dfa0822k0nsdaK.webp
[ImageService] Processing: https://s4.anilist.co/file/anilistcdn/media/anime/cover/medium/87526-DQIWxcfriWtE.jpg
[ImageService] Uploaded to: https://eivvjebsmxddrbbbnblr.supabase.co/storage/v1/object/public/covers/anime/2qd8F3_93AqEz3qTdvt07.webp
     ⏭️ Already exists: Pokémon the Movie: Volcanion and the Mechanical Marvel
[ImageService] Processing: https://s4.anilist.co/file/anilistcdn/media/anime/cover/large/bx102093-mp80CViGFQeU.jpg
     ⏭️ Already exists: Tanaka-kun wa Kyou mo Kedaruge
[ImageService] Uploaded to: https://eivvjebsmxddrbbbnblr.supabase.co/storage/v1/object/public/covers/anime/stuQqMQkzZlZTFWbSkNof.webp
[ImageService] Processing: https://s4.anilist.co/file/anilistcdn/media/anime/cover/large/bx21707-2j3DygPJrJs4.jpg
[ImageService] Uploaded to: https://eivvjebsmxddrbbbnblr.supabase.co/storage/v1/object/public/covers/anime/vK0rHUwRdDZZlt9n4Fnp9.webp
     ⏭️ Already exists: Sound! Euphonium The Movie: Welcome to the Kitauji High School Concert Band
[ImageService] Processing: https://s4.anilist.co/file/anilistcdn/media/anime/cover/large/bx21357-kMdMWARChk7Z.jpg
[ImageService] Uploaded to: https://eivvjebsmxddrbbbnblr.supabase.co/storage/v1/object/public/covers/anime/Zu_fDMBjAuCssKL5J42Io.webp
     ⏭️ Already exists: Please tell me! Galko-chan OVA
[ImageService] Processing: https://s4.anilist.co/file/anilistcdn/media/anime/cover/large/bx102836-dd3IsyfTSdD1.jpg
[ImageService] Uploaded to: https://eivvjebsmxddrbbbnblr.supabase.co/storage/v1/object/public/covers/anime/OmmNRUd1CZUg_x-U_30PJ.webp
     ⏭️ Already exists: Winter Cup Highlights Episode 1 – Winter Cup Highlights -Shadow and Light-
     ⏭️ Already exists: Show By Rock!!#
     ⏭️ Already exists: Regalia: The Three Sacred Stars
     ⏭️ Already exists: Rin-ne 2
     ⏭️ Already exists: Winter Cup Highlights Episode 2 – Winter Cup Highlights -Beyond the Tears-
   📄 Year 2016 Page 5: 15 New, 2 Heal
[ImageService] Processing: https://s4.anilist.co/file/anilistcdn/media/anime/cover/large/bx21274-5JNLfvf3qNHS.png
[ImageService] Processing: https://s4.anilist.co/file/anilistcdn/media/anime/cover/medium/20950-ZzshBLIPvQ3a.jpg
[ImageService] Processing: https://s4.anilist.co/file/anilistcdn/media/anime/cover/large/bx102839-c16NGYAOE1gQ.jpg
[ImageService] Processing: https://s4.anilist.co/file/anilistcdn/media/anime/cover/large/bx21506-hcLdwWKY4uyt.jpg
[ImageService] Processing: https://s4.anilist.co/file/anilistcdn/media/anime/cover/large/bx21260-POufYGtQclH3.png
[ImageService] Uploaded to: https://eivvjebsmxddrbbbnblr.supabase.co/storage/v1/object/public/covers/anime/ooeYbjQHDCzIw6hiQk70A.webp
[ImageService] Uploaded to: https://eivvjebsmxddrbbbnblr.supabase.co/storage/v1/object/public/covers/anime/USLQvCOfd9jSD3k_cfQHZ.webp
[ImageService] Uploaded to: https://eivvjebsmxddrbbbnblr.supabase.co/storage/v1/object/public/covers/anime/FvZpnMAP2ojH1xenuiLT1.webp
[ImageService] Uploaded to: https://eivvjebsmxddrbbbnblr.supabase.co/storage/v1/object/public/covers/anime/x-pMsJMaVOmnK3SSm98_A.webp
[ImageService] Uploaded to: https://eivvjebsmxddrbbbnblr.supabase.co/storage/v1/object/public/covers/anime/IXzs5i3NgaDE9fNdH-Zgc.webp
     ⏭️ Already exists: Utano☆Princesama Legend Star 
     ⏭️ Already exists: TSUKIUTA. The Animation
     ⏭️ Already exists: Winter Cup Highlights Episode 3 – Winter Cup Highlights -Crossing the Door-
[ImageService] Processing: https://s4.anilist.co/file/anilistcdn/media/anime/cover/medium/b21682-7Sb3Ly2fPIxp.jpg
[ImageService] Processing: https://s4.anilist.co/file/anilistcdn/media/anime/cover/medium/21493-e7g77KMtN72N.jpg
[ImageService] Processing: https://s4.anilist.co/file/anilistcdn/media/anime/cover/large/nx98143-PW8iwqFlNS4M.jpg
[ImageService] Uploaded to: https://eivvjebsmxddrbbbnblr.supabase.co/storage/v1/object/public/covers/anime/8RKNy9in4PKfdlpH5sxJu.webp
[ImageService] Uploaded to: https://eivvjebsmxddrbbbnblr.supabase.co/storage/v1/object/public/covers/anime/WUoInavKaZUkTR51dB-hT.webp
[ImageService] Uploaded to: https://eivvjebsmxddrbbbnblr.supabase.co/storage/v1/object/public/covers/anime/LB5jM8bCR24g1fWoHcUJ9.webp
     ⏭️ Already exists: selector destructed WIXOSS
[ImageService] Processing: https://s4.anilist.co/file/anilistcdn/media/anime/cover/large/bx21824-HpGRQlvbgLNW.png
[ImageService] Uploaded to: https://eivvjebsmxddrbbbnblr.supabase.co/storage/v1/object/public/covers/anime/nh8Bz_knSLjzmvD6QoGUO.webp
     ⏭️ Already exists: Witchy Precure!
[ImageService] Processing: https://s4.anilist.co/file/anilistcdn/media/anime/cover/large/bx99002-mNadpMbwsnL8.jpg
[ImageService] Uploaded to: https://eivvjebsmxddrbbbnblr.supabase.co/storage/v1/object/public/covers/anime/5cTzNYTWR4f5qeNeCVDir.webp
     ⏭️ Already exists: Time Travel Girl
[ImageService] Processing: https://s4.anilist.co/file/anilistcdn/media/anime/cover/large/bx21554-4KCPSTois6HX.png
[ImageService] Uploaded to: https://eivvjebsmxddrbbbnblr.supabase.co/storage/v1/object/public/covers/anime/SniuDNj5WWvj087kXK1sI.webp
     ⏭️ Already exists: Thunderbolt Fantasy: Sword Travels in the East
[ImageService] Processing: https://s4.anilist.co/file/anilistcdn/media/anime/cover/large/nx21431-gel5mi8qpYmJ.png
[ImageService] Uploaded to: https://eivvjebsmxddrbbbnblr.supabase.co/storage/v1/object/public/covers/anime/mJHrji_V8enb7g_if1nBw.webp
     ⏭️ Already exists: Tiger Mask W
     ⏭️ Already exists: Trigger-chan
[ImageService] Processing: https://s4.anilist.co/file/anilistcdn/media/anime/cover/medium/b21388-aeT3et1sH0nf.png
[ImageService] Processing: https://s4.anilist.co/file/anilistcdn/media/anime/cover/large/bx21806-hyCrjRqpjpMV.jpg
[ImageService] Uploaded to: https://eivvjebsmxddrbbbnblr.supabase.co/storage/v1/object/public/covers/anime/aKn2HekkS0WZmhG_DzgW3.webp
[ImageService] Uploaded to: https://eivvjebsmxddrbbbnblr.supabase.co/storage/v1/object/public/covers/anime/fcQj-tVzo3WLG76or7zz0.webp
     ⏭️ Already exists: Sky Wizards Academy OVA
[ImageService] Processing: https://s4.anilist.co/file/anilistcdn/media/anime/cover/medium/21449-btqxsUBS1pnD.jpg
[ImageService] Uploaded to: https://eivvjebsmxddrbbbnblr.supabase.co/storage/v1/object/public/covers/anime/vcaZOLwht3LbKXSCXRHXj.webp
     ⏭️ Already exists: Tamayura: Sotsugyou Shashin Part 4 - Ashita
     ⏭️ Already exists: Shoujo-tachi wa Kouya wo Mezasu: Iubeki Monokashira
     ⏭️ Already exists: Yowamushi Pedal: SPARE BIKE
     ⏭️ Already exists: Queen's Blade: Grimoire
     ⏭️ Already exists: Phantom of the Kill: ZERO Kara no Hangyaku
   📄 Year 2016 Page 6: 10 New, 5 Heal
[ImageService] Processing: https://s4.anilist.co/file/anilistcdn/media/anime/cover/large/bx21755-hyLxPlkyM6E7.png
[ImageService] Processing: https://s4.anilist.co/file/anilistcdn/media/anime/cover/medium/21759-ec475FCuEdnJ.jpg
[ImageService] Processing: https://s4.anilist.co/file/anilistcdn/media/anime/cover/medium/97966-CXQAWexm5ppv.png
[ImageService] Processing: https://s4.anilist.co/file/anilistcdn/media/anime/cover/medium/b21429-BP8Z0B0mFZIX.jpg
[ImageService] Processing: https://s4.anilist.co/file/anilistcdn/media/anime/cover/large/bx110208-MyrsX0bH8eVL.jpg
[ImageService] Uploaded to: https://eivvjebsmxddrbbbnblr.supabase.co/storage/v1/object/public/covers/anime/0h-qcD7Ub0I_YezxoEMyK.webp
[ImageService] Uploaded to: https://eivvjebsmxddrbbbnblr.supabase.co/storage/v1/object/public/covers/anime/EaWYDBXDdwo9ENmHGdgYi.webp
[ImageService] Uploaded to: https://eivvjebsmxddrbbbnblr.supabase.co/storage/v1/object/public/covers/anime/5dO2VzPcIMlMuvsGOyfqP.webp
[ImageService] Uploaded to: https://eivvjebsmxddrbbbnblr.supabase.co/storage/v1/object/public/covers/anime/Wn-lro95eLm2XjWSr4sTP.webp
[ImageService] Uploaded to: https://eivvjebsmxddrbbbnblr.supabase.co/storage/v1/object/public/covers/anime/sShuelKmKnKJrBYKn0tGx.webp
     ⏭️ Already exists: Time Bokan 24
[ImageService] Processing: https://s4.anilist.co/file/anilistcdn/media/anime/cover/medium/21783-zAuJSaTDifC4.jpg
[ImageService] Uploaded to: https://eivvjebsmxddrbbbnblr.supabase.co/storage/v1/object/public/covers/anime/hATJh37wG7GSKwT5EYKke.webp
     ⏭️ Already exists: Trickster Episode 00
[ImageService] Processing: https://s4.anilist.co/file/anilistcdn/media/anime/cover/large/nx21454-TZATT2zrtPQh.png
     ⏭️ Already exists: Phoenix Wright: Ace Attorney − Spirit of Justice Prologue
     ⏭️ Already exists: Tenchi Muyo! Ryo-Ohki Season 4
[ImageService] Processing: https://s4.anilist.co/file/anilistcdn/media/anime/cover/medium/98092-O3b1CNKixFut.jpg
[ImageService] Processing: https://s4.anilist.co/file/anilistcdn/media/anime/cover/medium/21396-pNve6hUGKsf1.jpg
[ImageService] Uploaded to: https://eivvjebsmxddrbbbnblr.supabase.co/storage/v1/object/public/covers/anime/jSRWnJSSzX4HDRnw5Bt_X.webp
[ImageService] Uploaded to: https://eivvjebsmxddrbbbnblr.supabase.co/storage/v1/object/public/covers/anime/dbRaVkAf_RqJzaKVzaf2C.webp
[ImageService] Uploaded to: https://eivvjebsmxddrbbbnblr.supabase.co/storage/v1/object/public/covers/anime/n46etUWF_7RTrMCzhc36P.webp
     ⏭️ Already exists: STARMYU OVA
[ImageService] Processing: https://s4.anilist.co/file/anilistcdn/media/anime/cover/large/nx102646-a5ZAqzOJ1NyU.jpg
[ImageService] Uploaded to: https://eivvjebsmxddrbbbnblr.supabase.co/storage/v1/object/public/covers/anime/Zgtm4ixgc8NJA54vESi7a.webp
     ⏭️ Already exists: Star Fox Zero: The Battle Begins
     ⏭️ Already exists: UTOPA
     ⏭️ Already exists: PriPara Movie: Mi~nna no Akogare♪ Let's Go☆PriParis
     ⏭️ Already exists: SAMURAI NOODLES: THE ORIGINATOR
     ⏭️ Already exists: Shin chan Spin-off: Aliens vs. Shinnosuke
   📄 Year 2016 Page 7: 11 New, 18 Heal
[ImageService] Processing: https://s4.anilist.co/file/anilistcdn/media/anime/cover/medium/21368-RY90qsP1PdAv.jpg
[ImageService] Processing: https://s4.anilist.co/file/anilistcdn/media/anime/cover/medium/98093-hEKKQXTjMeQ8.jpg
[ImageService] Processing: https://s4.anilist.co/file/anilistcdn/media/anime/cover/medium/102058-QUKo3pXEiDUR.jpg
[ImageService] Processing: https://s4.anilist.co/file/anilistcdn/media/anime/cover/medium/b100658-x8wUnwFk3ivs.png
[ImageService] Uploaded to: https://eivvjebsmxddrbbbnblr.supabase.co/storage/v1/object/public/covers/anime/a5qvWGQEErOJ5o7Vm8nIA.webp
[ImageService] Uploaded to: https://eivvjebsmxddrbbbnblr.supabase.co/storage/v1/object/public/covers/anime/ycclH2bK7x4gMWOzupwCw.webp
[ImageService] Uploaded to: https://eivvjebsmxddrbbbnblr.supabase.co/storage/v1/object/public/covers/anime/waIL_BwbwQ3AHk4Rkq5oE.webp
[ImageService] Processing: https://s4.anilist.co/file/anilistcdn/media/anime/cover/large/nx105892-liPTDHHBhvI9.jpg
[ImageService] Uploaded to: https://eivvjebsmxddrbbbnblr.supabase.co/storage/v1/object/public/covers/anime/AWE_XMwwvHxch6OZJHL0h.webp
[ImageService] Uploaded to: https://eivvjebsmxddrbbbnblr.supabase.co/storage/v1/object/public/covers/anime/o49ME5r8Ab0IwxCiUUuvU.webp
     ⏭️ Already exists: Sinbad: Night at High Noon and the Wonder Gate
     ⏭️ Already exists: Yoiko no Rekishi Anime: Ookina Kabu (Kabu)
     ⏭️ Already exists: Rudolf to Ippaiattena
[ImageService] Processing: https://s4.anilist.co/file/anilistcdn/media/anime/cover/medium/102786-GfxydxDYTx4j.png
     ⏭️ Already exists: Shin chan Spin-off: Toy Wars
[ImageService] Processing: https://s4.anilist.co/file/anilistcdn/media/anime/cover/medium/b117287-BnlcnrQ3QpAy.jpg
[ImageService] Uploaded to: https://eivvjebsmxddrbbbnblr.supabase.co/storage/v1/object/public/covers/anime/S73CKy-eAgMYy5dGYlGXD.webp
[ImageService] Processing: https://s4.anilist.co/file/anilistcdn/media/anime/cover/medium/21768-62zDea1p6SkP.png
[ImageService] Uploaded to: https://eivvjebsmxddrbbbnblr.supabase.co/storage/v1/object/public/covers/anime/vrLJaK_sJ3PffGBd2wCkZ.webp
[ImageService] Processing: https://s4.anilist.co/file/anilistcdn/media/anime/cover/medium/97953-rAfzEoqyqk1X.jpg
[ImageService] Uploaded to: https://eivvjebsmxddrbbbnblr.supabase.co/storage/v1/object/public/covers/anime/GVZj7Hj1Q2Vr__W5epaiS.webp
[ImageService] Uploaded to: https://eivvjebsmxddrbbbnblr.supabase.co/storage/v1/object/public/covers/anime/_gXO57TlOHzDeiLXISQue.webp
     ⏭️ Already exists: Sinbad: The Magic Lamp and the Moving Islands
[ImageService] Processing: https://s4.anilist.co/file/anilistcdn/media/anime/cover/large/bx131641-35KWBM0yFFGg.jpg
[ImageService] Uploaded to: https://eivvjebsmxddrbbbnblr.supabase.co/storage/v1/object/public/covers/anime/er2esaRTZfeaBE4pW_xbm.webp
     ⏭️ Already exists: Otousan wa Ai no Hito
[ImageService] Processing: https://s4.anilist.co/file/anilistcdn/media/anime/cover/medium/b135460-kH22u2JY44hQ.png
     ⏭️ Already exists: Onizushi
[ImageService] Uploaded to: https://eivvjebsmxddrbbbnblr.supabase.co/storage/v1/object/public/covers/anime/LDfEtl8PCMsBfw8ZrSI3z.webp
     ⏭️ Already exists: Osiris no Tenbin 2
     ⏭️ Already exists: Taka no Tsume 8: Yoshida-kun no Batten File
     ⏭️ Already exists: Shimajirou to Ehon no Kuni
     ⏭️ Already exists: Oniku Daisuki! Zeushi-kun (3-ki): Suteki na Hamburger
   📄 Year 2016 Page 8: 5 New, 5 Heal
[ImageService] Processing: https://s4.anilist.co/file/anilistcdn/media/anime/cover/medium/b128020-KIIYHdJX9tj2.jpg
[ImageService] Processing: https://s4.anilist.co/file/anilistcdn/media/anime/cover/large/bx145492-H95ALNmxT6YL.png
[ImageService] Processing: https://s4.anilist.co/file/anilistcdn/media/anime/cover/medium/b176877-I23VElBpyK4j.jpg
[ImageService] Processing: https://s4.anilist.co/file/anilistcdn/media/anime/cover/large/bx181869-oQvcj1C4GRdN.png
[ImageService] Uploaded to: https://eivvjebsmxddrbbbnblr.supabase.co/storage/v1/object/public/covers/anime/y1YYS9D1ezN6kOdYZxG7A.webp
[ImageService] Uploaded to: https://eivvjebsmxddrbbbnblr.supabase.co/storage/v1/object/public/covers/anime/JwyCPKcyZGytUU7ewO8_U.webp
[ImageService] Uploaded to: https://eivvjebsmxddrbbbnblr.supabase.co/storage/v1/object/public/covers/anime/s8lrpmc7omYIJRVZDtdd4.webp
[ImageService] Uploaded to: https://eivvjebsmxddrbbbnblr.supabase.co/storage/v1/object/public/covers/anime/AwynBX4zp4mfnMjMveR-z.webp
[ImageService] Processing: https://s4.anilist.co/file/anilistcdn/media/anime/cover/medium/b177226-GRt8mCDz5YJ3.png
[ImageService] Uploaded to: https://eivvjebsmxddrbbbnblr.supabase.co/storage/v1/object/public/covers/anime/jpUEq5jfCYJB3p8fpHR7a.webp
     ⏭️ Already exists: Uchuu Neko: Mardock no Bouken
     ⏭️ Already exists: The Snack World: Hitogirai no Lenny
     ⏭️ Already exists: Sanpou Shoujo
     ⏭️ Already exists: Norman the Snowman: Nagareboshi no Furu Yoru ni
     ⏭️ Already exists: Ponkotsu Quest: Maou to Haken no Mamono-tachi Season 3

📅 Processing Year: 2015
   📄 Year 2015 Page 1: 21 New, 28 Heal
[ImageService] Processing: https://s4.anilist.co/file/anilistcdn/media/anime/cover/large/bx20832-vUNm5zrYWifc.jpg
[ImageService] Processing: https://s4.anilist.co/file/anilistcdn/media/anime/cover/large/bx21087-B5DHjqZ3kW4b.jpg
[ImageService] Processing: https://s4.anilist.co/file/anilistcdn/media/anime/cover/large/bx20829-pgsXVjrfyI5V.png
[ImageService] Processing: https://s4.anilist.co/file/anilistcdn/media/anime/cover/large/bx21128-eQgH3TG4nngo.jpg
[ImageService] Uploaded to: https://eivvjebsmxddrbbbnblr.supabase.co/storage/v1/object/public/covers/anime/4e84TOqPzlb9juoyIa8bA.webp
[ImageService] Uploaded to: https://eivvjebsmxddrbbbnblr.supabase.co/storage/v1/object/public/covers/anime/-Zj6dhulBLcsc2etISMy5.webp
[ImageService] Uploaded to: https://eivvjebsmxddrbbbnblr.supabase.co/storage/v1/object/public/covers/anime/f1aqKwNfuELxXIhtQyFEF.webp
[ImageService] Uploaded to: https://eivvjebsmxddrbbbnblr.supabase.co/storage/v1/object/public/covers/anime/_yAU6xEGOsgqPBX1r9p19.webp
[ImageService] Processing: https://s4.anilist.co/file/anilistcdn/media/anime/cover/large/bx20872-j5PBzzVtrYDM.jpg
[ImageService] Uploaded to: https://eivvjebsmxddrbbbnblr.supabase.co/storage/v1/object/public/covers/anime/2tr73PDL8vXew6tIwOezA.webp
     ⏭️ Already exists: Overlord
[ImageService] Processing: https://s4.anilist.co/file/anilistcdn/media/anime/cover/large/bx20807-8nFoO0AUdGsy.jpg
[ImageService] Uploaded to: https://eivvjebsmxddrbbbnblr.supabase.co/storage/v1/object/public/covers/anime/WRzl6By3RNp6d-7eBCX99.webp
     ⏭️ Already exists: One-Punch Man
     ⏭️ Already exists: Seraph of the End: Vampire Reign
[ImageService] Processing: https://s4.anilist.co/file/anilistcdn/media/anime/cover/large/bx20910-U7txwG3o9gma.jpg
[ImageService] Processing: https://s4.anilist.co/file/anilistcdn/media/anime/cover/large/bx20993-c34UTma2bCcv.jpg
     ⏭️ Already exists: Noragami Aragoto
[ImageService] Uploaded to: https://eivvjebsmxddrbbbnblr.supabase.co/storage/v1/object/public/covers/anime/4pRj10KEydTCtDyt2SB6_.webp
[ImageService] Uploaded to: https://eivvjebsmxddrbbbnblr.supabase.co/storage/v1/object/public/covers/anime/8vDNRvrsM1wjyxAV_0cfL.webp
[ImageService] Processing: https://s4.anilist.co/file/anilistcdn/media/anime/cover/large/bx20966-HboUtUzEKWl6.jpg
[ImageService] Uploaded to: https://eivvjebsmxddrbbbnblr.supabase.co/storage/v1/object/public/covers/anime/jab78EMhguHTTi7xpXd_X.webp
     ⏭️ Already exists: Plastic Memories
[ImageService] Processing: https://s4.anilist.co/file/anilistcdn/media/anime/cover/large/bx21058-GRqasG1xk3bD.jpg
[ImageService] Uploaded to: https://eivvjebsmxddrbbbnblr.supabase.co/storage/v1/object/public/covers/anime/lrCF4IaO42WaJ2VEzxQys.webp
     ⏭️ Already exists: Prison School
[ImageService] Processing: https://s4.anilist.co/file/anilistcdn/media/anime/cover/large/nx20657-pMZBj6K6mLhi.jpg
[ImageService] Uploaded to: https://eivvjebsmxddrbbbnblr.supabase.co/storage/v1/object/public/covers/anime/zwXySVzOXZUVmGdqmXYff.webp
     ⏭️ Already exists: SHIMONETA: A Boring World Where the Concept of Dirty Jokes Doesn’t Exist
     ⏭️ Already exists: Yamada and the Seven Witches
[ImageService] Processing: https://s4.anilist.co/file/anilistcdn/media/anime/cover/large/bx20678-58D9Yhi4GcH2.png
     ⏭️ Already exists: Seraph of the End: Battle in Nagoya
[ImageService] Processing: https://s4.anilist.co/file/anilistcdn/media/anime/cover/large/bx21131-sh1HBXuF6qHH.jpg
[ImageService] Processing: https://s4.anilist.co/file/anilistcdn/media/anime/cover/large/bx20912-SiiG4HPrjQlX.jpg
[ImageService] Uploaded to: https://eivvjebsmxddrbbbnblr.supabase.co/storage/v1/object/public/covers/anime/1fwKRxIkRNVPyiEiqHROe.webp
[ImageService] Uploaded to: https://eivvjebsmxddrbbbnblr.supabase.co/storage/v1/object/public/covers/anime/58DpSEtvuwjqr9EhAvBT-.webp
[ImageService] Uploaded to: https://eivvjebsmxddrbbbnblr.supabase.co/storage/v1/object/public/covers/anime/JBXrEuBi9qeZ0dyPmbpi0.webp
     ⏭️ Already exists: Snow White with the Red Hair
[ImageService] Processing: https://s4.anilist.co/file/anilistcdn/media/anime/cover/large/bx20955-MeZp4OtwKGl1.jpg
[ImageService] Uploaded to: https://eivvjebsmxddrbbbnblr.supabase.co/storage/v1/object/public/covers/anime/iveIxcx9dE0GxQsCAdmhq.webp
     ⏭️ Already exists: Saekano: How to Raise a Boring Girlfriend
[ImageService] Processing: https://s4.anilist.co/file/anilistcdn/media/anime/cover/large/nx21262-jfbv9hvjymMW.jpg
[ImageService] Uploaded to: https://eivvjebsmxddrbbbnblr.supabase.co/storage/v1/object/public/covers/anime/13C2aQpo-bxpI-OFJs4ZC.webp
     ⏭️ Already exists: The Asterisk War
[ImageService] Processing: https://s4.anilist.co/file/anilistcdn/media/anime/cover/large/bx20754-e5JXeLpHoN7w.jpg
[ImageService] Uploaded to: https://eivvjebsmxddrbbbnblr.supabase.co/storage/v1/object/public/covers/anime/69z_N6toQFnti26tFdP8q.webp
     ⏭️ Already exists: The Testament of Sister New Devil
[ImageService] Processing: https://s4.anilist.co/file/anilistcdn/media/anime/cover/large/bx20981-D6PAJAOC4jPc.jpg
     ⏭️ Already exists: Rokka -Braves of the Six Flowers-
[ImageService] Uploaded to: https://eivvjebsmxddrbbbnblr.supabase.co/storage/v1/object/public/covers/anime/ilXXwnSlaF77GOnJPSefA.webp
[ImageService] Processing: https://s4.anilist.co/file/anilistcdn/media/anime/cover/large/bx20968-0zFVsoFUYjeh.jpg
[ImageService] Uploaded to: https://eivvjebsmxddrbbbnblr.supabase.co/storage/v1/object/public/covers/anime/6zMBbWijqS8_sLBsKtYnC.webp
     ⏭️ Already exists: Sound! Euphonium
[ImageService] Processing: https://s4.anilist.co/file/anilistcdn/media/anime/cover/large/bx21386-ZMcREWXeWMow.jpg
[ImageService] Uploaded to: https://eivvjebsmxddrbbbnblr.supabase.co/storage/v1/object/public/covers/anime/sMAn3-JiRtDCXpta4r3rC.webp
     ⏭️ Already exists: Owarimonogatari
[ImageService] Processing: https://s4.anilist.co/file/anilistcdn/media/anime/cover/large/bx21006-nJI2WD4PoUUL.jpg
[ImageService] Uploaded to: https://eivvjebsmxddrbbbnblr.supabase.co/storage/v1/object/public/covers/anime/dqA_YGvqEw_X0fcyjXrIk.webp
     ⏭️ Already exists: The Boy and The Beast
     ⏭️ Already exists: SCHOOL-LIVE!
     ⏭️ Already exists: The Anthem of the Heart
     ⏭️ Already exists: One-Punch Man: Road to Hero
     ⏭️ Already exists: The Eden of Grisaia
   📄 Year 2015 Page 2: 14 New, 27 Heal
[ImageService] Processing: https://s4.anilist.co/file/anilistcdn/media/anime/cover/large/bx20935-jCAXBOuei2T8.jpg
[ImageService] Processing: https://s4.anilist.co/file/anilistcdn/media/anime/cover/large/bx21624-szbmwyC3sJos.jpg
[ImageService] Processing: https://s4.anilist.co/file/anilistcdn/media/anime/cover/large/bx21110-TxTB92HIRfMv.jpg
[ImageService] Uploaded to: https://eivvjebsmxddrbbbnblr.supabase.co/storage/v1/object/public/covers/anime/-7jY_pEaN7ZL4_x9NQGqx.webp
[ImageService] Uploaded to: https://eivvjebsmxddrbbbnblr.supabase.co/storage/v1/object/public/covers/anime/I-Pq7Alh9ELWTe6ITIH1U.webp
[ImageService] Processing: https://s4.anilist.co/file/anilistcdn/media/anime/cover/large/bx20771-sh0k9VAB3Df8.jpg
[ImageService] Uploaded to: https://eivvjebsmxddrbbbnblr.supabase.co/storage/v1/object/public/covers/anime/vhXTHUPyXzVKRwT4J3jnC.webp
[ImageService] Uploaded to: https://eivvjebsmxddrbbbnblr.supabase.co/storage/v1/object/public/covers/anime/rQgtlyShb9vRDn98krsMR.webp
[ImageService] Processing: https://s4.anilist.co/file/anilistcdn/media/anime/cover/large/bx20995-IQsfCe4Zy2aj.jpg
[ImageService] Uploaded to: https://eivvjebsmxddrbbbnblr.supabase.co/storage/v1/object/public/covers/anime/KOrAZF60JYz-Au9y6gs93.webp
     ⏭️ Already exists: The Testament of Sister New Devil BURST
     ⏭️ Already exists: The Heroic Legend of Arslan
     ⏭️ Already exists: Shomin Sample
[ImageService] Processing: https://s4.anilist.co/file/anilistcdn/media/anime/cover/large/bx20819-w8PLekO22Sc8.jpg
[ImageService] Processing: https://s4.anilist.co/file/anilistcdn/media/anime/cover/large/bx119941-uspTZH6EoZer.jpg
[ImageService] Uploaded to: https://eivvjebsmxddrbbbnblr.supabase.co/storage/v1/object/public/covers/anime/bsn7ZvT-OXwzuBlwkl-mu.webp
[ImageService] Uploaded to: https://eivvjebsmxddrbbbnblr.supabase.co/storage/v1/object/public/covers/anime/bFz1WRlmQtqSPC_tgLPd8.webp
     ⏭️ Already exists: Steins;Gate 0: 23β -Divide by Zero-
[ImageService] Processing: https://s4.anilist.co/file/anilistcdn/media/anime/cover/large/bx21356-bHTUPdtd8xy2.jpg
[ImageService] Processing: https://s4.anilist.co/file/anilistcdn/media/anime/cover/large/bx20839-6FUPqFJn7j0X.jpg
     ⏭️ Already exists: To Love Ru Darkness 2
[ImageService] Uploaded to: https://eivvjebsmxddrbbbnblr.supabase.co/storage/v1/object/public/covers/anime/ARVfewbuy-Ej4qTOpAhJ3.webp
[ImageService] Processing: https://s4.anilist.co/file/anilistcdn/media/anime/cover/large/bx21116-wvQsXTMU3QDg.png
[ImageService] Uploaded to: https://eivvjebsmxddrbbbnblr.supabase.co/storage/v1/object/public/covers/anime/LPV3MUhp1xxEF3y1WkqeS.webp
[ImageService] Uploaded to: https://eivvjebsmxddrbbbnblr.supabase.co/storage/v1/object/public/covers/anime/iCWNQ3Q7_0sN5T1WD1l20.webp
     ⏭️ Already exists: Wagnaria!!3
[ImageService] Processing: https://s4.anilist.co/file/anilistcdn/media/anime/cover/large/bx20566-BSk4WYE7kJsy.jpg
[ImageService] Uploaded to: https://eivvjebsmxddrbbbnblr.supabase.co/storage/v1/object/public/covers/anime/RvpgTnUjctk-STBWSSwDr.webp
     ⏭️ Already exists: Triage X
[ImageService] Processing: https://s4.anilist.co/file/anilistcdn/media/anime/cover/large/bx20758-dX3iQYjwPMDH.jpg
     ⏭️ Already exists: Noragami ARAGOTO OVA
[ImageService] Processing: https://s4.anilist.co/file/anilistcdn/media/anime/cover/large/bx21018-zt3HmKBFqPQT.png
     ⏭️ Already exists: Valkyrie Drive: Mermaid
[ImageService] Uploaded to: https://eivvjebsmxddrbbbnblr.supabase.co/storage/v1/object/public/covers/anime/hqGmWfcIJRi9Xlv1_Ggti.webp
[ImageService] Processing: https://s4.anilist.co/file/anilistcdn/media/anime/cover/medium/21064-HchJJfkPjq1P.jpg
[ImageService] Uploaded to: https://eivvjebsmxddrbbbnblr.supabase.co/storage/v1/object/public/covers/anime/DHaEvQmGNm57oGMOyKv39.webp
[ImageService] Uploaded to: https://eivvjebsmxddrbbbnblr.supabase.co/storage/v1/object/public/covers/anime/nraq_il5HUoap83gp2BqP.webp
     ⏭️ Already exists: Pokémon the Series: XYZ
     ⏭️ Already exists: The Disappearance of Nagato Yuki-chan
     ⏭️ Already exists: Unlimited Fafnir
     ⏭️ Already exists: Ultimate Otaku Teacher
     ⏭️ Already exists: Trinity Seven: Nanatsu no Taizai to Nana Madoushi
   📄 Year 2015 Page 3: 14 New, 0 Heal
[ImageService] Processing: https://s4.anilist.co/file/anilistcdn/media/anime/cover/large/bx20815-3WdfuLDYATPg.jpg
[ImageService] Processing: https://s4.anilist.co/file/anilistcdn/media/anime/cover/large/bx20740-dOOyhRmwNnoy.jpg
[ImageService] Processing: https://s4.anilist.co/file/anilistcdn/media/anime/cover/large/bx21189-ENdHxDI7278o.jpg
[ImageService] Processing: https://s4.anilist.co/file/anilistcdn/media/anime/cover/large/bx20843-bk5OtUiP8htg.png
[ImageService] Processing: https://s4.anilist.co/file/anilistcdn/media/anime/cover/large/bx20827-PiIRENAxPuf6.png
[ImageService] Uploaded to: https://eivvjebsmxddrbbbnblr.supabase.co/storage/v1/object/public/covers/anime/8L0YAm7IOiq-1HT0nPkEC.webp
[ImageService] Uploaded to: https://eivvjebsmxddrbbbnblr.supabase.co/storage/v1/object/public/covers/anime/PdCdR2a4G1NEvdaSC52z8.webp
[ImageService] Uploaded to: https://eivvjebsmxddrbbbnblr.supabase.co/storage/v1/object/public/covers/anime/V9Wcr1erCwiUUDI1eP7Z0.webp
[ImageService] Uploaded to: https://eivvjebsmxddrbbbnblr.supabase.co/storage/v1/object/public/covers/anime/iW2Qeq1-i67-sws1WjQPQ.webp
[ImageService] Uploaded to: https://eivvjebsmxddrbbbnblr.supabase.co/storage/v1/object/public/covers/anime/ubwwrXZwVIGXU846pCYZ8.webp
     ⏭️ Already exists: Yurikuma Arashi
[ImageService] Processing: https://s4.anilist.co/file/anilistcdn/media/anime/cover/large/bx20693-sEsunmlYg95U.jpg
     ⏭️ Already exists: Yamada and the Seven Witches (OVA)
[ImageService] Uploaded to: https://eivvjebsmxddrbbbnblr.supabase.co/storage/v1/object/public/covers/anime/ELlW8eRWmncqMaAp07xPs.webp
[ImageService] Processing: https://s4.anilist.co/file/anilistcdn/media/anime/cover/large/bx21218-GdneVnAwDQHy.png
     ⏭️ Already exists: The Rolling Girls
     ⏭️ Already exists: Rampo Kitan: Game of Laplace
[ImageService] Processing: https://s4.anilist.co/file/anilistcdn/media/anime/cover/large/bx21376-MwAfybEhcdZf.jpg
[ImageService] Processing: https://s4.anilist.co/file/anilistcdn/media/anime/cover/medium/b20737-6FybEDNF0P6u.png
[ImageService] Uploaded to: https://eivvjebsmxddrbbbnblr.supabase.co/storage/v1/object/public/covers/anime/ILGKLnBYAoeoyPgDdt1KZ.webp
[ImageService] Uploaded to: https://eivvjebsmxddrbbbnblr.supabase.co/storage/v1/object/public/covers/anime/Md-nnkHSJg4ne22i1Qq-Q.webp
[ImageService] Uploaded to: https://eivvjebsmxddrbbbnblr.supabase.co/storage/v1/object/public/covers/anime/WWYGgVgaUKpp7lSGovD78.webp
     ⏭️ Already exists: Show By Rock!!
[ImageService] Processing: https://s4.anilist.co/file/anilistcdn/media/anime/cover/large/bx20965-tf6Qs6viTyyg.png
[ImageService] Uploaded to: https://eivvjebsmxddrbbbnblr.supabase.co/storage/v1/object/public/covers/anime/MXqoqL35TYfiwux-vDFqf.webp
     ⏭️ Already exists: Utawarerumono The False Faces
[ImageService] Processing: https://s4.anilist.co/file/anilistcdn/media/anime/cover/large/bx20625-dm9pmEqlyY5T.png
     ⏭️ Already exists: THE IDOLM@STER CINDERELLA GIRLS
[ImageService] Processing: https://s4.anilist.co/file/anilistcdn/media/anime/cover/medium/21098-XZzuZzKVnnLN.jpg
[ImageService] Uploaded to: https://eivvjebsmxddrbbbnblr.supabase.co/storage/v1/object/public/covers/anime/kj-rCFbsERbcUdfAgBmc8.webp
     ⏭️ Already exists: Persona 3 the Movie: #3 Falling Down
[ImageService] Processing: https://s4.anilist.co/file/anilistcdn/media/anime/cover/large/bx20953-ZWTPj5AplXtX.jpg
[ImageService] Uploaded to: https://eivvjebsmxddrbbbnblr.supabase.co/storage/v1/object/public/covers/anime/Pauygjn6Is0EwUKqaU1D5.webp
     ⏭️ Already exists: The Empire of Corpses
[ImageService] Processing: https://s4.anilist.co/file/anilistcdn/media/anime/cover/medium/b20908-Vnhqcpfg7LES.png
[ImageService] Uploaded to: https://eivvjebsmxddrbbbnblr.supabase.co/storage/v1/object/public/covers/anime/ZncgYF-YkgWO7itJ0vPLO.webp
[ImageService] Uploaded to: https://eivvjebsmxddrbbbnblr.supabase.co/storage/v1/object/public/covers/anime/hM2E3KX60EF1ON6jTDWDv.webp
     ⏭️ Already exists: Sound! Euphonium: Ready, Set, Monaka
     ⏭️ Already exists: Rin-ne
     ⏭️ Already exists: Strike the Blood: Kingdom of the Valkyria
     ⏭️ Already exists: YuruYuri Nachuyachumi!
     ⏭️ Already exists: The Case of Hana & Alice
   📄 Year 2015 Page 4: 13 New, 1 Heal
[ImageService] Processing: https://s4.anilist.co/file/anilistcdn/media/anime/cover/medium/21007-Lxe781aqfwIG.jpg
[ImageService] Processing: https://s4.anilist.co/file/anilistcdn/media/anime/cover/large/bx20814-fNcQcAFZwDTV.jpg
[ImageService] Processing: https://s4.anilist.co/file/anilistcdn/media/anime/cover/medium/20824-ARIVkvWl0OQj.jpg
[ImageService] Processing: https://s4.anilist.co/file/anilistcdn/media/anime/cover/large/nx101090-2UAWFh1VlRrk.jpg
[ImageService] Processing: https://s4.anilist.co/file/anilistcdn/media/anime/cover/large/bx21140-1wA96wXb8VXp.jpg
[ImageService] Uploaded to: https://eivvjebsmxddrbbbnblr.supabase.co/storage/v1/object/public/covers/anime/Jr7-v5w3fbtBtBmH6AK9X.webp
[ImageService] Uploaded to: https://eivvjebsmxddrbbbnblr.supabase.co/storage/v1/object/public/covers/anime/IPr8S8io-fYaPYEFuWHoZ.webp
[ImageService] Uploaded to: https://eivvjebsmxddrbbbnblr.supabase.co/storage/v1/object/public/covers/anime/ooKlJ1i5WXRx-ohgW9QmJ.webp
[ImageService] Uploaded to: https://eivvjebsmxddrbbbnblr.supabase.co/storage/v1/object/public/covers/anime/hOjqptDcniwUnp0xrHytP.webp
[ImageService] Uploaded to: https://eivvjebsmxddrbbbnblr.supabase.co/storage/v1/object/public/covers/anime/dhVpVjrXjJq0Z01xBTw1R.webp
   ⚠️ Primary model refused "Re-Kan!". Switching to Grok...
     ⏭️ Already exists: Nyaruko-san: Another Crawling Chaos F
     ⏭️ Already exists: Puella Magi Madoka Magica Concept Movie
[ImageService] Processing: https://s4.anilist.co/file/anilistcdn/media/anime/cover/large/bx20662-nCtc4xWYzlsl.png
[ImageService] Processing: https://s4.anilist.co/file/anilistcdn/media/anime/cover/large/bx20601-qqaRW49w1sWh.png
     ⏭️ Already exists: Ookami Shoujo to Kuro Ouji: Gishinanki – Happening kiss
[ImageService] Uploaded to: https://eivvjebsmxddrbbbnblr.supabase.co/storage/v1/object/public/covers/anime/BfXQgjfG_nfqqXcQHA9zr.webp
[ImageService] Processing: https://s4.anilist.co/file/anilistcdn/media/anime/cover/large/bx21114-QQ8N1KbQrSQ6.jpg
[ImageService] Uploaded to: https://eivvjebsmxddrbbbnblr.supabase.co/storage/v1/object/public/covers/anime/eSYTpG30dYJkzInveBAvX.webp
[ImageService] Uploaded to: https://eivvjebsmxddrbbbnblr.supabase.co/storage/v1/object/public/covers/anime/i5rHBX7kjWjIchCz8GNoK.webp
     ⏭️ Already exists: Typhoon Noruda
[ImageService] Processing: https://s4.anilist.co/file/anilistcdn/media/anime/cover/medium/21118-foApkR3Z6LDj.jpg
[ImageService] Uploaded to: https://eivvjebsmxddrbbbnblr.supabase.co/storage/v1/object/public/covers/anime/8e368AZED6PbCrEFpHOqT.webp
     ⏭️ Already exists: Re-Kan!
[ImageService] Processing: https://s4.anilist.co/file/anilistcdn/media/anime/cover/large/bx20922-btBItFbmWgma.jpg
[ImageService] Uploaded to: https://eivvjebsmxddrbbbnblr.supabase.co/storage/v1/object/public/covers/anime/CeZR-FD4sJOf7kw4LCbbi.webp
   ⚠️ Primary model refused "Uta no Prince Sama Revolutions". Switching to Grok...
     ⏭️ Already exists: Yowamushi Pedal: The Movie
     ⏭️ Already exists: Witch Craft Works OVA
[ImageService] Processing: https://s4.anilist.co/file/anilistcdn/media/anime/cover/medium/21338-C9Qx8qhEyED5.jpg
[ImageService] Processing: https://s4.anilist.co/file/anilistcdn/media/anime/cover/medium/21122-S0zCWEDHbdyU.jpg
[ImageService] Uploaded to: https://eivvjebsmxddrbbbnblr.supabase.co/storage/v1/object/public/covers/anime/_rJX1qrZ8x-Yw9vBShrmc.webp
[ImageService] Uploaded to: https://eivvjebsmxddrbbbnblr.supabase.co/storage/v1/object/public/covers/anime/ss68DCPZXV9udeWOvColZ.webp
     ⏭️ Already exists: Yatterman Night
     ⏭️ Already exists: STARMYU
[ImageService] Processing: https://s4.anilist.co/file/anilistcdn/media/anime/cover/medium/21129-0wokSF6mHpaT.png
[ImageService] Uploaded to: https://eivvjebsmxddrbbbnblr.supabase.co/storage/v1/object/public/covers/anime/HtLftT-NAPJa0CKlHHdPV.webp
     ⏭️ Already exists: Uta no Prince Sama Revolutions
     ⏭️ Already exists: The Disappearance of Nagato Yuki-chan: I Cannot Let Summer Break End
     ⏭️ Already exists: Triage X: RECOLLECTION XOXO
     ⏭️ Already exists: Senran Kagura: Estival Versus - Festival Eve Full of Swimsuits
   📄 Year 2015 Page 5: 18 New, 5 Heal
[ImageService] Processing: https://s4.anilist.co/file/anilistcdn/media/anime/cover/medium/20970-pYLbpQGPrpI9.jpg
[ImageService] Processing: https://s4.anilist.co/file/anilistcdn/media/anime/cover/large/bx21135-RIuytYqzMDfK.png
[ImageService] Processing: https://s4.anilist.co/file/anilistcdn/media/anime/cover/large/bx21324-aJ2iuzAKmsWU.png
[ImageService] Processing: https://s4.anilist.co/file/anilistcdn/media/anime/cover/large/bx20944-EvUamy5stJ9r.jpg
[ImageService] Processing: https://s4.anilist.co/file/anilistcdn/media/anime/cover/large/bx20989-2tbQJc0BDIG2.png
[ImageService] Uploaded to: https://eivvjebsmxddrbbbnblr.supabase.co/storage/v1/object/public/covers/anime/iUgKhV6Xr2yExom-9umwB.webp
[ImageService] Uploaded to: https://eivvjebsmxddrbbbnblr.supabase.co/storage/v1/object/public/covers/anime/Sazi0Luc9OADOpHRvztdz.webp
[ImageService] Uploaded to: https://eivvjebsmxddrbbbnblr.supabase.co/storage/v1/object/public/covers/anime/hqTcdtNCQaXVjvalr1xjU.webp
[ImageService] Uploaded to: https://eivvjebsmxddrbbbnblr.supabase.co/storage/v1/object/public/covers/anime/Hik4l6cN1jPqi57DtcICn.webp
[ImageService] Uploaded to: https://eivvjebsmxddrbbbnblr.supabase.co/storage/v1/object/public/covers/anime/Rdrd2x5OC-r1FCFmPtqag.webp
     ⏭️ Already exists: Shouwa Genroku Rakugo Shinjuu: Yotarou Hourou-hen
[ImageService] Processing: https://s4.anilist.co/file/anilistcdn/media/anime/cover/large/bx21107-m9brp8HPYV4f.png
[ImageService] Uploaded to: https://eivvjebsmxddrbbbnblr.supabase.co/storage/v1/object/public/covers/anime/w7hzikmIMVMFlb8TwlNek.webp
     ⏭️ Already exists: Tamayura: Sotsugyou Shashin Part 2 - Hibiki
[ImageService] Processing: https://s4.anilist.co/file/anilistcdn/media/anime/cover/medium/20848.jpg
[ImageService] Uploaded to: https://eivvjebsmxddrbbbnblr.supabase.co/storage/v1/object/public/covers/anime/7osEC_M0auspKeG9cojAD.webp
     ⏭️ Already exists: Tamayura: Sotsugyou Shashin Part 3 - Akogare
     ⏭️ Already exists: Wake Up, Girls! Seishun no Kage
[ImageService] Processing: https://s4.anilist.co/file/anilistcdn/media/anime/cover/large/bx21154-yYGNC8yFxM5l.jpg
[ImageService] Processing: https://s4.anilist.co/file/anilistcdn/media/anime/cover/medium/21194-CQsEZJJOUeDk.jpg
[ImageService] Uploaded to: https://eivvjebsmxddrbbbnblr.supabase.co/storage/v1/object/public/covers/anime/PVPxCNW1Ty9suiX4E8Z7n.webp
     ⏭️ Already exists: Samurai Warriors
[ImageService] Uploaded to: https://eivvjebsmxddrbbbnblr.supabase.co/storage/v1/object/public/covers/anime/jv_HQLSXDiUF5mXW2ifz1.webp
[ImageService] Processing: https://s4.anilist.co/file/anilistcdn/media/anime/cover/large/bx97735-BQxKq3hq7wRw.jpg
[ImageService] Uploaded to: https://eivvjebsmxddrbbbnblr.supabase.co/storage/v1/object/public/covers/anime/Z54O4sQIeOTErDkczvkyt.webp
     ⏭️ Already exists: Wake Up, Girls! Beyond the Bottom
[ImageService] Processing: https://s4.anilist.co/file/anilistcdn/media/anime/cover/large/bx20998-gwR0zI63uuzU.jpg
[ImageService] Uploaded to: https://eivvjebsmxddrbbbnblr.supabase.co/storage/v1/object/public/covers/anime/mnRhUJVw-3BXh7sjua0XC.webp
     ⏭️ Already exists: Pigtails
[ImageService] Processing: https://s4.anilist.co/file/anilistcdn/media/anime/cover/medium/21086-cpTiZ8k98K0i.jpg
[ImageService] Uploaded to: https://eivvjebsmxddrbbbnblr.supabase.co/storage/v1/object/public/covers/anime/mesRKtxQ4vwBKRyFirwse.webp
     ⏭️ Already exists: Sidonia no Kishi Movie
[ImageService] Processing: https://s4.anilist.co/file/anilistcdn/media/anime/cover/large/bx20985-uyqDdEFcB2rI.jpg
[ImageService] Uploaded to: https://eivvjebsmxddrbbbnblr.supabase.co/storage/v1/object/public/covers/anime/7WdRNHDDdgi-aPamFf-wV.webp
     ⏭️ Already exists: Yowamushi Pedal: Re:ROAD
[ImageService] Processing: https://s4.anilist.co/file/anilistcdn/media/anime/cover/large/bx21642-s4ZFO0X7nqH5.png
[ImageService] Uploaded to: https://eivvjebsmxddrbbbnblr.supabase.co/storage/v1/object/public/covers/anime/cyvJ3Am4hXZBeQXyRWA19.webp
     ⏭️ Already exists: Tantei Kageki Milky Holmes TD
[ImageService] Processing: https://s4.anilist.co/file/anilistcdn/media/anime/cover/large/bx20868-a9uAvqRfsLnT.png
[ImageService] Uploaded to: https://eivvjebsmxddrbbbnblr.supabase.co/storage/v1/object/public/covers/anime/W9r36AG458NKo-R84zOi4.webp
     ⏭️ Already exists: Venus Project -Climax-
     ⏭️ Already exists: Robot Girls Z Plus
[ImageService] Processing: https://s4.anilist.co/file/anilistcdn/media/anime/cover/large/bx20917-ErO91llOqiea.png
[ImageService] Processing: https://s4.anilist.co/file/anilistcdn/media/anime/cover/medium/97959-kf00A0XjB7Mz.jpg
     ⏭️ Already exists: PriPara 2nd Season
[ImageService] Uploaded to: https://eivvjebsmxddrbbbnblr.supabase.co/storage/v1/object/public/covers/anime/q2r2ebDYaVXgiA0_ha7an.webp
[ImageService] Processing: https://s4.anilist.co/file/anilistcdn/media/anime/cover/large/bx166035-hQZ7BI4mLkxL.jpg
[ImageService] Uploaded to: https://eivvjebsmxddrbbbnblr.supabase.co/storage/v1/object/public/covers/anime/de8ly_Eu9TjvwbqTcISys.webp
[ImageService] Uploaded to: https://eivvjebsmxddrbbbnblr.supabase.co/storage/v1/object/public/covers/anime/4jYAH7cpILWFr68wlGoDO.webp
     ⏭️ Already exists: Saki Biyori Animation
     ⏭️ Already exists: SHONEN HOLLYWOOD -HOLLY STAGE FOR 50-
     ⏭️ Already exists: Under the Dog Anthea-chan
     ⏭️ Already exists: Overlord: Ple Ple Pleiades Tokubetsu-hen
     ⏭️ Already exists: PriPara Movie: Minna Atsumare! Prism☆Tours
   📄 Year 2015 Page 6: 11 New, 12 Heal
[ImageService] Processing: https://s4.anilist.co/file/anilistcdn/media/anime/cover/medium/b125268-LtYoDXI6WCxa.jpg
[ImageService] Processing: https://s4.anilist.co/file/anilistcdn/media/anime/cover/medium/21453-SC6MIZkMjNBn.jpg
[ImageService] Processing: https://s4.anilist.co/file/anilistcdn/media/anime/cover/large/bx20937-HO3zemMbnxTT.jpg
[ImageService] Uploaded to: https://eivvjebsmxddrbbbnblr.supabase.co/storage/v1/object/public/covers/anime/bCZLC56XAWqguFclJva35.webp
[ImageService] Processing: https://s4.anilist.co/file/anilistcdn/media/anime/cover/medium/101080-48k0HeNypoHi.jpg
[ImageService] Uploaded to: https://eivvjebsmxddrbbbnblr.supabase.co/storage/v1/object/public/covers/anime/NqivbjU70aFvkGutIqQvd.webp
[ImageService] Uploaded to: https://eivvjebsmxddrbbbnblr.supabase.co/storage/v1/object/public/covers/anime/aEdR3sMtroBU38TBgOyMk.webp
[ImageService] Uploaded to: https://eivvjebsmxddrbbbnblr.supabase.co/storage/v1/object/public/covers/anime/L56Gy33OsIvBu1OcW8XZ7.webp
[ImageService] Processing: https://s4.anilist.co/file/anilistcdn/media/anime/cover/large/bx145902-cmWr1J4UhyNG.jpg
[ImageService] Uploaded to: https://eivvjebsmxddrbbbnblr.supabase.co/storage/v1/object/public/covers/anime/fvnRQQNgzfmjFGXWdEfxY.webp
     ⏭️ Already exists: Tobidasu PriPara: Mi~nna de Mezase! Idol☆Grand Prix
[ImageService] Processing: https://s4.anilist.co/file/anilistcdn/media/anime/cover/medium/97956-gjXG57a6VZoO.jpg
[ImageService] Uploaded to: https://eivvjebsmxddrbbbnblr.supabase.co/storage/v1/object/public/covers/anime/VFpthkMyZC-HQ7WFK2-fD.webp
     ⏭️ Already exists: One Day A Letter Arrives from the Dog Kingdom
[ImageService] Processing: https://s4.anilist.co/file/anilistcdn/media/anime/cover/medium/21393-dZJcLSZuIaJB.jpg
     ⏭️ Already exists: Ponkotsuland Saga
[ImageService] Uploaded to: https://eivvjebsmxddrbbbnblr.supabase.co/storage/v1/object/public/covers/anime/zhNWdYF1vj3tM6enFeFIk.webp
[ImageService] Processing: https://s4.anilist.co/file/anilistcdn/media/anime/cover/medium/102465-sildkliAoQpS.png
[ImageService] Uploaded to: https://eivvjebsmxddrbbbnblr.supabase.co/storage/v1/object/public/covers/anime/MN1Wt5CwdsvmA4VS5-NoU.webp
     ⏭️ Already exists: Youkai Watch: Enma Daiou to Itsutsu no Monogatari da Nyan!
     ⏭️ Already exists: Toaru Kagaku no Suzushina Yuriko
[ImageService] Processing: https://s4.anilist.co/file/anilistcdn/media/anime/cover/large/bx135776-nuUlBt6xTDsm.jpg
[ImageService] Processing: https://s4.anilist.co/file/anilistcdn/media/anime/cover/medium/102379-R0hyzlrQnIfN.jpg
[ImageService] Uploaded to: https://eivvjebsmxddrbbbnblr.supabase.co/storage/v1/object/public/covers/anime/HEGD2oyzCJ3W45x6gL5C3.webp
[ImageService] Uploaded to: https://eivvjebsmxddrbbbnblr.supabase.co/storage/v1/object/public/covers/anime/PqaLAHEf9kftyw_D6cD66.webp
     ⏭️ Already exists: Osiris no Tenbin
     ⏭️ Already exists: Sanzoku Diary
[ImageService] Processing: https://s4.anilist.co/file/anilistcdn/media/anime/cover/large/nx102358-voPt2Al9jZZn.jpg
[ImageService] Uploaded to: https://eivvjebsmxddrbbbnblr.supabase.co/storage/v1/object/public/covers/anime/wQk7tQTYMKw5abQFmDNIh.webp
     ⏭️ Already exists: The Kingdom of Toilet
     ⏭️ Already exists: Zonmi-chan: Halloween☆Special Movie!
     ⏭️ Already exists: Pride
     ⏭️ Already exists: Sanuki Eiga-sai Opening Eizou
   📄 Year 2015 Page 7: 5 New, 2 Heal
[ImageService] Processing: https://s4.anilist.co/file/anilistcdn/media/anime/cover/medium/b174844-34Ovy7gNsauS.jpg
[ImageService] Processing: https://s4.anilist.co/file/anilistcdn/media/anime/cover/medium/b181642-xtDzcpzUsZk6.png
[ImageService] Processing: https://s4.anilist.co/file/anilistcdn/media/anime/cover/medium/b147012-VkSt0bnm6vjs.png
[ImageService] Uploaded to: https://eivvjebsmxddrbbbnblr.supabase.co/storage/v1/object/public/covers/anime/25hSFMUn8-ee2T3AmG99Z.webp
[ImageService] Uploaded to: https://eivvjebsmxddrbbbnblr.supabase.co/storage/v1/object/public/covers/anime/2dErJufYb8qfPrPLVGGSO.webp
[ImageService] Processing: https://s4.anilist.co/file/anilistcdn/media/anime/cover/medium/b176875-PFZQw5KxewqL.jpg
[ImageService] Uploaded to: https://eivvjebsmxddrbbbnblr.supabase.co/storage/v1/object/public/covers/anime/k9vFKsLfdQO2tVEXGc1rY.webp
[ImageService] Processing: https://s4.anilist.co/file/anilistcdn/media/anime/cover/medium/b200377-ucmsf3T31ywI.png
[ImageService] Uploaded to: https://eivvjebsmxddrbbbnblr.supabase.co/storage/v1/object/public/covers/anime/0DPMDuvAkIAhTxoTwaRfq.webp
[ImageService] Uploaded to: https://eivvjebsmxddrbbbnblr.supabase.co/storage/v1/object/public/covers/anime/a9Hpf4h9myhN6oVIEcNBv.webp
     ⏭️ Already exists: Sore Ike! Anpanman: Rhythm de Utaou! Anpanman Natsumatsuri
     ⏭️ Already exists: Ryuuzou to Shichinin no Kobun-tachi × FROGMAN
     ⏭️ Already exists: Tamagotchi! Tama Tomo Daishuu Go
     ⏭️ Already exists: Xuccess Heaven
     ⏭️ Already exists: Sore Ike! Anpanman: Mija to Mahou no Lamp

📅 Processing Year: 2014
   📄 Year 2014 Page 1: 25 New, 24 Heal
[ImageService] Processing: https://s4.anilist.co/file/anilistcdn/media/anime/cover/large/bx20447-EoQXeygHaVCK.jpg
[ImageService] Processing: https://s4.anilist.co/file/anilistcdn/media/anime/cover/medium/b20605-k665mVkSug8D.jpg
[ImageService] Processing: https://s4.anilist.co/file/anilistcdn/media/anime/cover/large/bx20665-TLgkL8T8IRFd.png
[ImageService] Uploaded to: https://eivvjebsmxddrbbbnblr.supabase.co/storage/v1/object/public/covers/anime/Xh5NmOKkd_C-9ShodTqqi.webp
[ImageService] Uploaded to: https://eivvjebsmxddrbbbnblr.supabase.co/storage/v1/object/public/covers/anime/8fsf04F_IzWw26GO5c60V.webp
[ImageService] Uploaded to: https://eivvjebsmxddrbbbnblr.supabase.co/storage/v1/object/public/covers/anime/tFXACwju5QS9121wmeVen.webp
[ImageService] Processing: https://s4.anilist.co/file/anilistcdn/media/anime/cover/large/bx20789-Ma5ouSYPkru9.jpg
[ImageService] Processing: https://s4.anilist.co/file/anilistcdn/media/anime/cover/large/bx20623-dUARfggnNDOe.jpg
[ImageService] Uploaded to: https://eivvjebsmxddrbbbnblr.supabase.co/storage/v1/object/public/covers/anime/XmcbL-gRx7aV7LET_4gAy.webp
[ImageService] Uploaded to: https://eivvjebsmxddrbbbnblr.supabase.co/storage/v1/object/public/covers/anime/PErdfZHNSNoJj3yNCTuN3.webp
     ⏭️ Already exists: Parasyte -the maxim-
[ImageService] Processing: https://s4.anilist.co/file/anilistcdn/media/anime/cover/large/nx20594-FhRgZ1H9Istt.jpg
     ⏭️ Already exists: Noragami
[ImageService] Uploaded to: https://eivvjebsmxddrbbbnblr.supabase.co/storage/v1/object/public/covers/anime/4RH7ENPP-W5UQuVtu63iw.webp
     ⏭️ Already exists: Tokyo Ghoul
[ImageService] Processing: https://s4.anilist.co/file/anilistcdn/media/anime/cover/large/bx20661-aCR7QgzDfOSI.png
[ImageService] Uploaded to: https://eivvjebsmxddrbbbnblr.supabase.co/storage/v1/object/public/covers/anime/3uH3ppDfMuFJ4GnjHUqXH.webp
[ImageService] Processing: https://s4.anilist.co/file/anilistcdn/media/anime/cover/large/bx20458-tGh343Ew10yU.jpg
[ImageService] Uploaded to: https://eivvjebsmxddrbbbnblr.supabase.co/storage/v1/object/public/covers/anime/_MyNnUGtrQzA0bMljuxKz.webp
     ⏭️ Already exists: The Seven Deadly Sins
     ⏭️ Already exists: Your lie in April
[ImageService] Processing: https://s4.anilist.co/file/anilistcdn/media/anime/cover/large/bx20770-brCDvhTXlums.png
[ImageService] Processing: https://s4.anilist.co/file/anilistcdn/media/anime/cover/large/bx20631-LdCiy3goitcT.png
[ImageService] Uploaded to: https://eivvjebsmxddrbbbnblr.supabase.co/storage/v1/object/public/covers/anime/YCwe-vmxUGmVeRriIdSt7.webp
[ImageService] Uploaded to: https://eivvjebsmxddrbbbnblr.supabase.co/storage/v1/object/public/covers/anime/Mv-o-Vw8At2ibRUfYz9tg.webp
     ⏭️ Already exists: Sword Art Online II
[ImageService] Processing: https://s4.anilist.co/file/anilistcdn/media/anime/cover/large/nx17729-Xhgile3kCpqB.jpg
     ⏭️ Already exists: The Irregular at Magic High School
[ImageService] Processing: https://s4.anilist.co/file/anilistcdn/media/anime/cover/large/bx20513-pVQqYhMwBGoh.jpg
[ImageService] Uploaded to: https://eivvjebsmxddrbbbnblr.supabase.co/storage/v1/object/public/covers/anime/dD3fAiGo-ahVCekMLmV9j.webp
[ImageService] Uploaded to: https://eivvjebsmxddrbbbnblr.supabase.co/storage/v1/object/public/covers/anime/VejGb3g24zutWu0eYkpTC.webp
     ⏭️ Already exists: Terror in Resonance
[ImageService] Processing: https://s4.anilist.co/file/anilistcdn/media/anime/cover/large/bx16870-BD4K9rzlhCP4.jpg
[ImageService] Uploaded to: https://eivvjebsmxddrbbbnblr.supabase.co/storage/v1/object/public/covers/anime/iVvwA3jtAdG1ctDdpLVNm.webp
     ⏭️ Already exists: TRINITY SEVEN
[ImageService] Processing: https://s4.anilist.co/file/anilistcdn/media/anime/cover/large/bx20607-fIOxVISIl0HY.jpg
[ImageService] Uploaded to: https://eivvjebsmxddrbbbnblr.supabase.co/storage/v1/object/public/covers/anime/e1yAJm5m-wKCzA6gy-Ngr.webp
     ⏭️ Already exists: Yona of the Dawn
[ImageService] Processing: https://s4.anilist.co/file/anilistcdn/media/anime/cover/large/bx20918-8Gp6nJpbjFgr.jpg
[ImageService] Uploaded to: https://eivvjebsmxddrbbbnblr.supabase.co/storage/v1/object/public/covers/anime/CterKWp1nSsDeFzza5kaq.webp
     ⏭️ Already exists: PSYCHO-PASS 2
     ⏭️ Already exists: The Last: Naruto the Movie
[ImageService] Processing: https://s4.anilist.co/file/anilistcdn/media/anime/cover/large/bx20729-DnBXnUxFon1B.png
[ImageService] Processing: https://s4.anilist.co/file/anilistcdn/media/anime/cover/large/bx20519-YdNUizVJJIWI.png
[ImageService] Uploaded to: https://eivvjebsmxddrbbbnblr.supabase.co/storage/v1/object/public/covers/anime/GvMWZZHRNPEMauFTDNzhU.webp
[ImageService] Uploaded to: https://eivvjebsmxddrbbbnblr.supabase.co/storage/v1/object/public/covers/anime/4-brv7HyXINWNyRXXL5lJ.webp
     ⏭️ Already exists: The Fruit of Grisaia
[ImageService] Processing: https://s4.anilist.co/file/anilistcdn/media/anime/cover/large/bx20812-KvIP1yffJEPZ.jpg
[ImageService] Uploaded to: https://eivvjebsmxddrbbbnblr.supabase.co/storage/v1/object/public/covers/anime/qnNaI_SDEcHpp3yF3FQJY.webp
     ⏭️ Already exists: Ping Pong the Animation
[ImageService] Processing: https://s4.anilist.co/file/anilistcdn/media/anime/cover/large/bx20646-LgR1T1MSR493.jpg
[ImageService] Uploaded to: https://eivvjebsmxddrbbbnblr.supabase.co/storage/v1/object/public/covers/anime/dxLUP8na9-Zep6AbFkqLy.webp
     ⏭️ Already exists: Tsukimonogatari
[ImageService] Processing: https://s4.anilist.co/file/anilistcdn/media/anime/cover/large/bx20701-8tyJFN3soUm0.jpg
[ImageService] Uploaded to: https://eivvjebsmxddrbbbnblr.supabase.co/storage/v1/object/public/covers/anime/L1mJkQIk4m67TV45CP3Bl.webp
     ⏭️ Already exists: World Trigger
     ⏭️ Already exists: Tamako -love story-
[ImageService] Processing: https://s4.anilist.co/file/anilistcdn/media/anime/cover/large/bx20057-tG83EpH5Gu8K.jpg
[ImageService] Processing: https://s4.anilist.co/file/anilistcdn/media/anime/cover/large/bx20590-LuMDAd75Kg3C.jpg
[ImageService] Uploaded to: https://eivvjebsmxddrbbbnblr.supabase.co/storage/v1/object/public/covers/anime/5aHz1zlLFDeVaOANAjyqb.webp
[ImageService] Uploaded to: https://eivvjebsmxddrbbbnblr.supabase.co/storage/v1/object/public/covers/anime/3tiP9ZSyTU30tlRFIdEUa.webp
     ⏭️ Already exists: SHIROBAKO
[ImageService] Processing: https://s4.anilist.co/file/anilistcdn/media/anime/cover/large/bx20555-QGbWQC3Kfpok.jpg
[ImageService] Uploaded to: https://eivvjebsmxddrbbbnblr.supabase.co/storage/v1/object/public/covers/anime/0L0UOQnCmyWaLHshQNCKe.webp
     ⏭️ Already exists: Wolf Girl and Black Prince
[ImageService] Processing: https://s4.anilist.co/file/anilistcdn/media/anime/cover/large/bx20503-liSpvCiFljGr.jpg
[ImageService] Uploaded to: https://eivvjebsmxddrbbbnblr.supabase.co/storage/v1/object/public/covers/anime/yS0RhMaRmokglZ9T-zNWc.webp
     ⏭️ Already exists: When Supernatural Battles Became Commonplace
[ImageService] Processing: https://s4.anilist.co/file/anilistcdn/media/anime/cover/large/bx20529-WyK2k8mF9wIQ.png
[ImageService] Uploaded to: https://eivvjebsmxddrbbbnblr.supabase.co/storage/v1/object/public/covers/anime/9CA6MZLsfYmLYrKbM5AYo.webp
     ⏭️ Already exists: When Marnie Was There
     ⏭️ Already exists: Space Dandy
     ⏭️ Already exists: Witch Craft Works
     ⏭️ Already exists: Rage of Bahamut: Genesis
     ⏭️ Already exists: The Kawai Complex Guide to Manors and Hostel Behavior
   📄 Year 2014 Page 2: 8 New, 33 Heal
[ImageService] Processing: https://s4.anilist.co/file/anilistcdn/media/anime/cover/large/bx20047-QcFqHoZNuCIH.png
[ImageService] Processing: https://s4.anilist.co/file/anilistcdn/media/anime/cover/large/bx20527-6idifxd10b2Q.png
[ImageService] Processing: https://s4.anilist.co/file/anilistcdn/media/anime/cover/large/bx20599-QFFdBLjLlPJf.jpg
[ImageService] Uploaded to: https://eivvjebsmxddrbbbnblr.supabase.co/storage/v1/object/public/covers/anime/xRRueW2bNAblZTqXigCED.webp
[ImageService] Uploaded to: https://eivvjebsmxddrbbbnblr.supabase.co/storage/v1/object/public/covers/anime/4yetGIuDIl8xBIGhDMWjF.webp
[ImageService] Uploaded to: https://eivvjebsmxddrbbbnblr.supabase.co/storage/v1/object/public/covers/anime/0pqkj8Jz1SHXFkYYXKI5A.webp
[ImageService] Processing: https://s4.anilist.co/file/anilistcdn/media/anime/cover/large/bx20583-tUV6itvmiwEL.jpg
[ImageService] Processing: https://s4.anilist.co/file/anilistcdn/media/anime/cover/large/bx20800-7IAW762FbSFU.png
[ImageService] Uploaded to: https://eivvjebsmxddrbbbnblr.supabase.co/storage/v1/object/public/covers/anime/_Exc7FqljPxADvPZadPBj.webp
[ImageService] Uploaded to: https://eivvjebsmxddrbbbnblr.supabase.co/storage/v1/object/public/covers/anime/iDpKwAelvRl_NY6_aV2kh.webp
     ⏭️ Already exists: Sakura Trick
     ⏭️ Already exists: The World is Still Beautiful
[ImageService] Processing: https://s4.anilist.co/file/anilistcdn/media/anime/cover/large/bx17777-JyiQrGXjw0s0.jpg
[ImageService] Uploaded to: https://eivvjebsmxddrbbbnblr.supabase.co/storage/v1/object/public/covers/anime/O4a_nbr4U2G9ic4msokKn.webp
[ImageService] Processing: https://s4.anilist.co/file/anilistcdn/media/anime/cover/large/bx19199-4fdT3ZNTPepS.jpg
     ⏭️ Already exists: Yuki Yuna is a Hero
[ImageService] Uploaded to: https://eivvjebsmxddrbbbnblr.supabase.co/storage/v1/object/public/covers/anime/OBfccg8Z7n6gZwmKClpOF.webp
[ImageService] Processing: https://s4.anilist.co/file/anilistcdn/media/anime/cover/large/bx19363-7DZw204Dlzw1.png
[ImageService] Uploaded to: https://eivvjebsmxddrbbbnblr.supabase.co/storage/v1/object/public/covers/anime/qw8kAxrKWotJM-tMrUU4e.webp
     ⏭️ Already exists: Rail Wars!
     ⏭️ Already exists: One Week Friends
     ⏭️ Already exists: Silver Spoon Season 2
     ⏭️ Already exists: Recently, My Sister Is Unusual
     ⏭️ Already exists: Tokyo ESP
   📄 Year 2014 Page 3: 5 New, 3 Heal
[ImageService] Processing: https://s4.anilist.co/file/anilistcdn/media/anime/cover/large/bx20497-pVKkeqqNWhDs.png
[ImageService] Processing: https://s4.anilist.co/file/anilistcdn/media/anime/cover/large/bx20455-idVtmB4eERac.png
[ImageService] Processing: https://s4.anilist.co/file/anilistcdn/media/anime/cover/medium/b20736-jVcCYKzdrwA4.png
[ImageService] Processing: https://s4.anilist.co/file/anilistcdn/media/anime/cover/large/bx19117-AIdJ4idSxNvD.jpg
[ImageService] Uploaded to: https://eivvjebsmxddrbbbnblr.supabase.co/storage/v1/object/public/covers/anime/-2W1__AMz99qCbzNPp8Fr.webp
[ImageService] Uploaded to: https://eivvjebsmxddrbbbnblr.supabase.co/storage/v1/object/public/covers/anime/nJJAOqFTerp3mcnOjot3j.webp
[ImageService] Uploaded to: https://eivvjebsmxddrbbbnblr.supabase.co/storage/v1/object/public/covers/anime/r_fFZTtvZ9S8STIqCvTuc.webp
[ImageService] Uploaded to: https://eivvjebsmxddrbbbnblr.supabase.co/storage/v1/object/public/covers/anime/O6oI3XU_B05H-kkDmpPYE.webp
[ImageService] Processing: https://s4.anilist.co/file/anilistcdn/media/anime/cover/medium/b20644-qgK3C0fOFR8b.jpg
[ImageService] Uploaded to: https://eivvjebsmxddrbbbnblr.supabase.co/storage/v1/object/public/covers/anime/n0X_dBdWs8XR46TdzCCI9.webp
     ⏭️ Already exists: Non Non Biyori: Okinawa e Ikukoto ni Natta
     ⏭️ Already exists: Soni-Ani: SUPER SONICO THE ANIMATION
     ⏭️ Already exists: Pokémon the Movie: Diancie and the Cocoon of Destruction
     ⏭️ Already exists: Persona 3 the Movie: #2 Midsummer Knight's Dream
     ⏭️ Already exists: The Pilot's Love Song
   📄 Year 2014 Page 4: 13 New, 3 Heal
[ImageService] Processing: https://s4.anilist.co/file/anilistcdn/media/anime/cover/medium/20515.jpg
[ImageService] Processing: https://s4.anilist.co/file/anilistcdn/media/anime/cover/large/bx20600-d7QD2EDRe20U.png
[ImageService] Processing: https://s4.anilist.co/file/anilistcdn/media/anime/cover/large/nx20659-QjdqWaC05Tsn.jpg
[ImageService] Uploaded to: https://eivvjebsmxddrbbbnblr.supabase.co/storage/v1/object/public/covers/anime/g4amiBR_ShslKwiBE42FD.webp
[ImageService] Processing: https://s4.anilist.co/file/anilistcdn/media/anime/cover/large/bx16123-75d67lQpU80z.png
[ImageService] Uploaded to: https://eivvjebsmxddrbbbnblr.supabase.co/storage/v1/object/public/covers/anime/MeGv4SL9X_ktI_32I3hY_.webp
[ImageService] Processing: https://s4.anilist.co/file/anilistcdn/media/anime/cover/large/bx20371-iG1LpppeKFb1.png
[ImageService] Uploaded to: https://eivvjebsmxddrbbbnblr.supabase.co/storage/v1/object/public/covers/anime/klZa8WCb_NfaZZ38S3PHQ.webp
[ImageService] Uploaded to: https://eivvjebsmxddrbbbnblr.supabase.co/storage/v1/object/public/covers/anime/7Qzer1xh3ul6DyR9m-LhV.webp
[ImageService] Uploaded to: https://eivvjebsmxddrbbbnblr.supabase.co/storage/v1/object/public/covers/anime/2EWBr0fi9vTv8w-ATcO9C.webp
     ⏭️ Already exists: Saki: The Nationals
[ImageService] Processing: https://s4.anilist.co/file/anilistcdn/media/anime/cover/large/bx19157-icVAh6Qy6oT6.jpg
     ⏭️ Already exists: Waiting in the Summer OVA
[ImageService] Processing: https://s4.anilist.co/file/anilistcdn/media/anime/cover/medium/20451.jpg
[ImageService] Uploaded to: https://eivvjebsmxddrbbbnblr.supabase.co/storage/v1/object/public/covers/anime/zyiPDOGrm9D7qfC9W8I0A.webp
[ImageService] Uploaded to: https://eivvjebsmxddrbbbnblr.supabase.co/storage/v1/object/public/covers/anime/mgJ00c3eT8r7VdNYioJY1.webp
     ⏭️ Already exists: STAND BY ME Doraemon
[ImageService] Processing: https://s4.anilist.co/file/anilistcdn/media/anime/cover/large/bx17437-9ruAWF6uMMZA.jpg
[ImageService] Uploaded to: https://eivvjebsmxddrbbbnblr.supabase.co/storage/v1/object/public/covers/anime/wMO3VTY2jB3mg2F5k_TIi.webp
     ⏭️ Already exists: Sekai Ichi Hatsukoi - The World's Greatest First Love: The Case of Takafumi Yokozawa
[ImageService] Processing: https://s4.anilist.co/file/anilistcdn/media/anime/cover/large/nx20617-cyIq3bsPRExg.jpg
[ImageService] Uploaded to: https://eivvjebsmxddrbbbnblr.supabase.co/storage/v1/object/public/covers/anime/G4kFvwMXF-VYTKqT9NElL.webp
     ⏭️ Already exists: The Master of Killing Time OVA
[ImageService] Processing: https://s4.anilist.co/file/anilistcdn/media/anime/cover/large/bx20742-2B84gO4uhuJy.jpg
[ImageService] Uploaded to: https://eivvjebsmxddrbbbnblr.supabase.co/storage/v1/object/public/covers/anime/k54928A6ElUiOIjiCkhQS.webp
     ⏭️ Already exists: Unbreakable Machine-Doll OVA
[ImageService] Processing: https://s4.anilist.co/file/anilistcdn/media/anime/cover/medium/b20682-wjXhsjALqNKn.png
[ImageService] Uploaded to: https://eivvjebsmxddrbbbnblr.supabase.co/storage/v1/object/public/covers/anime/iHIhIKotWR96W_J9YdYYg.webp
     ⏭️ Already exists: PriPara
     ⏭️ Already exists: Yo-kai Watch
     ⏭️ Already exists: THE IDOLM@STER MOVIE: Kagayaki no Mukougawa e!
[ImageService] Processing: https://s4.anilist.co/file/anilistcdn/media/anime/cover/medium/20630-qRJuPrJMnlUv.jpg
[ImageService] Processing: https://s4.anilist.co/file/anilistcdn/media/anime/cover/large/bx20650-oWFEv3nVkXaI.jpg
[ImageService] Uploaded to: https://eivvjebsmxddrbbbnblr.supabase.co/storage/v1/object/public/covers/anime/a4paIxRBvYBnZPOyJjvHI.webp
[ImageService] Uploaded to: https://eivvjebsmxddrbbbnblr.supabase.co/storage/v1/object/public/covers/anime/gDcMsr4n8Pg57_I_nLP5w.webp
     ⏭️ Already exists: Ronja, the Robber's Daughter
     ⏭️ Already exists: Terra Formars: Bugs 2-hen
     ⏭️ Already exists: Strike Witches Operation Victory Arrow
     ⏭️ Already exists: Onee-chan ga Kita: Hajimete no… Kitaa!
   📄 Year 2014 Page 5: 12 New, 4 Heal
[ImageService] Processing: https://s4.anilist.co/file/anilistcdn/media/anime/cover/large/bx10687-iDNjbDXrZQ2U.png
[ImageService] Processing: https://s4.anilist.co/file/anilistcdn/media/anime/cover/large/bx20642-canAURAeokUf.jpg
[ImageService] Processing: https://s4.anilist.co/file/anilistcdn/media/anime/cover/large/nx20681-yv8mAYgSgy2R.jpg
[ImageService] Processing: https://s4.anilist.co/file/anilistcdn/media/anime/cover/large/bx20649-gRbijB4QsrWe.png
[ImageService] Uploaded to: https://eivvjebsmxddrbbbnblr.supabase.co/storage/v1/object/public/covers/anime/w9UAIFrErzEcFCLtu4yQG.webp
[ImageService] Uploaded to: https://eivvjebsmxddrbbbnblr.supabase.co/storage/v1/object/public/covers/anime/oJ8yboYUKPTvbcOr6exqE.webp
[ImageService] Uploaded to: https://eivvjebsmxddrbbbnblr.supabase.co/storage/v1/object/public/covers/anime/ShmIQt6CDLnbT3XWq-ZyA.webp
[ImageService] Uploaded to: https://eivvjebsmxddrbbbnblr.supabase.co/storage/v1/object/public/covers/anime/sxHU46spFOTvxiO4ceDAw.webp
[ImageService] Processing: https://s4.anilist.co/file/anilistcdn/media/anime/cover/medium/20781.jpg
[ImageService] Uploaded to: https://eivvjebsmxddrbbbnblr.supabase.co/storage/v1/object/public/covers/anime/zbyApy4IeY3Icir0s6hG7.webp
     ⏭️ Already exists: Paradise of Innocence
     ⏭️ Already exists: The File of Young Kindaichi Returns
[ImageService] Processing: https://s4.anilist.co/file/anilistcdn/media/anime/cover/large/nx20690-lMqOIgzT473q.jpg
[ImageService] Processing: https://s4.anilist.co/file/anilistcdn/media/anime/cover/medium/100716-KD8c9xCdIlu3.jpg
[ImageService] Uploaded to: https://eivvjebsmxddrbbbnblr.supabase.co/storage/v1/object/public/covers/anime/hH6T7qJU7ww5qeKUtIMMj.webp
[ImageService] Uploaded to: https://eivvjebsmxddrbbbnblr.supabase.co/storage/v1/object/public/covers/anime/nW1GvR2C9KsuddduJmMbO.webp
     ⏭️ Already exists: Saint Seiya: LEGEND of SANCTUARY
[ImageService] Processing: https://s4.anilist.co/file/anilistcdn/media/anime/cover/large/bx19953-yJTD03MKvu28.jpg
     ⏭️ Already exists: This Boy Suffers from Crystallization
[ImageService] Uploaded to: https://eivvjebsmxddrbbbnblr.supabase.co/storage/v1/object/public/covers/anime/UedHpXbehm5uoJnnErIq5.webp
[ImageService] Processing: https://s4.anilist.co/file/anilistcdn/media/anime/cover/large/nx20956-MKm6OtgBWGFh.jpg
[ImageService] Uploaded to: https://eivvjebsmxddrbbbnblr.supabase.co/storage/v1/object/public/covers/anime/47hqDPQHuvXnpV8upK5M9.webp
     ⏭️ Already exists: Samurai Jam-Bakumatsu Rock
[ImageService] Processing: https://s4.anilist.co/file/anilistcdn/media/anime/cover/medium/20498.jpg
[ImageService] Uploaded to: https://eivvjebsmxddrbbbnblr.supabase.co/storage/v1/object/public/covers/anime/K8B-AGmcg5z7aiPgdHB_5.webp
     ⏭️ Already exists: Noraneko
     ⏭️ Already exists: Pokémon Omega Ruby and Pokémon Alpha Sapphire Animated Trailer
[ImageService] Processing: https://s4.anilist.co/file/anilistcdn/media/anime/cover/medium/20616.jpg
[ImageService] Processing: https://s4.anilist.co/file/anilistcdn/media/anime/cover/large/bx20559-SROr1mkexQIJ.jpg
[ImageService] Uploaded to: https://eivvjebsmxddrbbbnblr.supabase.co/storage/v1/object/public/covers/anime/HUeN_tcq-AXWacamLjUMf.webp
[ImageService] Uploaded to: https://eivvjebsmxddrbbbnblr.supabase.co/storage/v1/object/public/covers/anime/NXCkkFlpQS-44_PsSLcyZ.webp
     ⏭️ Already exists: Puchimas!!: Petit Petit iDOLM@STER
     ⏭️ Already exists: Zetsumetsu Kigu Shoujo: Amazing Twins
     ⏭️ Already exists: Uchuu Senkan Yamato 2199 Hoshi-Meguru Hakobune
     ⏭️ Already exists: Space Brothers #0
     ⏭️ Already exists: Wonder Momo
   📄 Year 2014 Page 6: 17 New, 8 Heal
[ImageService] Processing: https://s4.anilist.co/file/anilistcdn/media/anime/cover/medium/13843.jpg
[ImageService] Processing: https://s4.anilist.co/file/anilistcdn/media/anime/cover/large/bx20579-8oOuoCzFtwkY.png
[ImageService] Processing: https://s4.anilist.co/file/anilistcdn/media/anime/cover/medium/20816.jpg
[ImageService] Processing: https://s4.anilist.co/file/anilistcdn/media/anime/cover/medium/16381.jpg
[ImageService] Uploaded to: https://eivvjebsmxddrbbbnblr.supabase.co/storage/v1/object/public/covers/anime/0d6WsJUH3-nNNZ76Y9p08.webp
[ImageService] Uploaded to: https://eivvjebsmxddrbbbnblr.supabase.co/storage/v1/object/public/covers/anime/2VokxJSiuWgfjRn0Bcuj5.webp
[ImageService] Uploaded to: https://eivvjebsmxddrbbbnblr.supabase.co/storage/v1/object/public/covers/anime/AlP8r7hsaiZUrstyKOK89.webp
[ImageService] Uploaded to: https://eivvjebsmxddrbbbnblr.supabase.co/storage/v1/object/public/covers/anime/wwfBeuzcPwg1FMV8zjEiN.webp
[ImageService] Processing: https://s4.anilist.co/file/anilistcdn/media/anime/cover/large/bx20504-wPePbX8puXiF.png
[ImageService] Uploaded to: https://eivvjebsmxddrbbbnblr.supabase.co/storage/v1/object/public/covers/anime/TbdpCwCZ3UsIOqg2PpA0q.webp
     ⏭️ Already exists: Santa Company
[ImageService] Processing: https://s4.anilist.co/file/anilistcdn/media/anime/cover/medium/b20905-wVyw4DvWDWvH.jpg
[ImageService] Uploaded to: https://eivvjebsmxddrbbbnblr.supabase.co/storage/v1/object/public/covers/anime/t3ot-rXHeS1ikHS4Oq6S3.webp
     ⏭️ Already exists: The Big First-Grader and the Small Second-Grader
[ImageService] Processing: https://s4.anilist.co/file/anilistcdn/media/anime/cover/large/bx20838-HsnL0Kh0KdhA.jpg
[ImageService] Uploaded to: https://eivvjebsmxddrbbbnblr.supabase.co/storage/v1/object/public/covers/anime/MZee0UPnH30SeKAXfeBJp.webp
     ⏭️ Already exists: Wake Up, Girl ZOO!
[ImageService] Processing: https://s4.anilist.co/file/anilistcdn/media/anime/cover/large/bx20500-6XT2esuUy8rV.jpg
[ImageService] Uploaded to: https://eivvjebsmxddrbbbnblr.supabase.co/storage/v1/object/public/covers/anime/Ie9bTV92hehpNw2lNMKv9.webp
     ⏭️ Already exists: Wild Adapter
[ImageService] Processing: https://s4.anilist.co/file/anilistcdn/media/anime/cover/large/bx20502-etjZg6Mp7yPu.png
     ⏭️ Already exists: Tamayura: More Aggressive - Ichinichi dake no Shuugakuryokou, Nanode
[ImageService] Uploaded to: https://eivvjebsmxddrbbbnblr.supabase.co/storage/v1/object/public/covers/anime/jgCJ4bpfJlBa1doYFykP0.webp
[ImageService] Processing: https://s4.anilist.co/file/anilistcdn/media/anime/cover/large/bx110732-AQIVjtpRrNxP.jpg
[ImageService] Uploaded to: https://eivvjebsmxddrbbbnblr.supabase.co/storage/v1/object/public/covers/anime/UhPfevd32Dlfq4OYA3UZe.webp
     ⏭️ Already exists: Tenkai Knights
[ImageService] Processing: https://s4.anilist.co/file/anilistcdn/media/anime/cover/large/bx110364-euESOSlwxSyg.jpg
[ImageService] Uploaded to: https://eivvjebsmxddrbbbnblr.supabase.co/storage/v1/object/public/covers/anime/uqn83wH2puxyDxCug_dNw.webp
     ⏭️ Already exists: Osamu Tezuka's Buddha Movie 2: Endless Trip
[ImageService] Processing: https://s4.anilist.co/file/anilistcdn/media/anime/cover/large/bx20581-9OwVneZO0yw3.jpg
     ⏭️ Already exists: Tribe Cool Crew
[ImageService] Processing: https://s4.anilist.co/file/anilistcdn/media/anime/cover/medium/99431-kk96Fga29PAO.jpg
[ImageService] Uploaded to: https://eivvjebsmxddrbbbnblr.supabase.co/storage/v1/object/public/covers/anime/IpFGUI7LjB0Tem7wEw6Un.webp
[ImageService] Uploaded to: https://eivvjebsmxddrbbbnblr.supabase.co/storage/v1/object/public/covers/anime/KOgSu9-DDLUFXdcw840Ze.webp
     ⏭️ Already exists: Uchuu Senkan Yamato 2199: Tsuioku no Koukai
[ImageService] Processing: https://s4.anilist.co/file/anilistcdn/media/anime/cover/medium/101087-O4ln3BV6SuHV.jpg
     ⏭️ Already exists: Paroru's Future Island
[ImageService] Processing: https://s4.anilist.co/file/anilistcdn/media/anime/cover/medium/98207-fjCJdp5T3hAt.png
[ImageService] Uploaded to: https://eivvjebsmxddrbbbnblr.supabase.co/storage/v1/object/public/covers/anime/7YDeaSKX22dUnYknXxIhu.webp
[ImageService] Uploaded to: https://eivvjebsmxddrbbbnblr.supabase.co/storage/v1/object/public/covers/anime/eCOffnHJLn3qSRMHhf8iI.webp
     ⏭️ Already exists: Pac-Man and the Ghostly Adventures
[ImageService] Processing: https://s4.anilist.co/file/anilistcdn/media/anime/cover/medium/21885-LoVhf08LlmGk.jpg
[ImageService] Uploaded to: https://eivvjebsmxddrbbbnblr.supabase.co/storage/v1/object/public/covers/anime/eoo56vtr448HV6tn0V87k.webp
     ⏭️ Already exists: PIKMIN Short Movies
[ImageService] Processing: https://s4.anilist.co/file/anilistcdn/media/anime/cover/large/nx99216-9nsqOFnSptGa.jpg
[ImageService] Uploaded to: https://eivvjebsmxddrbbbnblr.supabase.co/storage/v1/object/public/covers/anime/Aj5YASUqwGeWVBmeG7P1w.webp
     ⏭️ Already exists: Pretty Rhythm: All Star Selection - Prism Show☆Best Ten
     ⏭️ Already exists: Sakura Capsule
     ⏭️ Already exists: Shigeru
     ⏭️ Already exists: The Embryo Develops into a Fetus
     ⏭️ Already exists: Sleep tight my baby, cradled in the sky
   📄 Year 2014 Page 7: 9 New, 17 Heal
[ImageService] Processing: https://s4.anilist.co/file/anilistcdn/media/anime/cover/medium/b119454-0qsE0BNF2nLj.jpg
[ImageService] Processing: https://s4.anilist.co/file/anilistcdn/media/anime/cover/medium/21884-n1bOFDdMaDYy.jpg
[ImageService] Processing: https://s4.anilist.co/file/anilistcdn/media/anime/cover/large/bx130254-aynrDA6Do5tV.png
[ImageService] Processing: https://s4.anilist.co/file/anilistcdn/media/anime/cover/medium/20484.jpg
[ImageService] Uploaded to: https://eivvjebsmxddrbbbnblr.supabase.co/storage/v1/object/public/covers/anime/QjGMKJ4gcDtp8mB5kVJ2B.webp
[ImageService] Uploaded to: https://eivvjebsmxddrbbbnblr.supabase.co/storage/v1/object/public/covers/anime/fa2x3dS6ZhKH2axGvjX4S.webp
[ImageService] Uploaded to: https://eivvjebsmxddrbbbnblr.supabase.co/storage/v1/object/public/covers/anime/FfQ6N7o65MWPZJ5h0BBxO.webp
[ImageService] Uploaded to: https://eivvjebsmxddrbbbnblr.supabase.co/storage/v1/object/public/covers/anime/7gwUHa_IqmRIbx7kLYrTE.webp
[ImageService] Processing: https://s4.anilist.co/file/anilistcdn/media/anime/cover/medium/b119793-BPZXdTAmww18.jpg
[ImageService] Uploaded to: https://eivvjebsmxddrbbbnblr.supabase.co/storage/v1/object/public/covers/anime/ngRkwk8Vz8-2BK2azYUch.webp
     ⏭️ Already exists: Summer of Fossil Leaves
     ⏭️ Already exists: The Nameko Families
[ImageService] Processing: https://s4.anilist.co/file/anilistcdn/media/anime/cover/large/bx115336-eYilEB1lSY87.png
[ImageService] Processing: https://s4.anilist.co/file/anilistcdn/media/anime/cover/medium/b117407-03SgzmfSGNMR.jpg
[ImageService] Uploaded to: https://eivvjebsmxddrbbbnblr.supabase.co/storage/v1/object/public/covers/anime/Th0MfgFKU3bzyOX6YsjXh.webp
[ImageService] Uploaded to: https://eivvjebsmxddrbbbnblr.supabase.co/storage/v1/object/public/covers/anime/BbiD1Wr3m-PRqGF2-HLtF.webp
     ⏭️ Already exists: X Maiden
[ImageService] Processing: https://s4.anilist.co/file/anilistcdn/media/anime/cover/medium/b119794-TT8nKXZauQaH.png
[ImageService] Uploaded to: https://eivvjebsmxddrbbbnblr.supabase.co/storage/v1/object/public/covers/anime/y1CJpNhBuky61NRtIN1co.webp
     ⏭️ Already exists: Oniku Daisuki! Zeushi-kun
[ImageService] Processing: https://s4.anilist.co/file/anilistcdn/media/anime/cover/medium/b176874-ZefQTqGCX52B.jpg
[ImageService] Uploaded to: https://eivvjebsmxddrbbbnblr.supabase.co/storage/v1/object/public/covers/anime/izyLqlhgSFBNPs19kUjSk.webp
   ⚠️ Primary model refused "Sore Ike! Anpanman: Tanoshiku Teasobi Mama ni Natta Kokin-chan!?". Switching to Grok...
     ⏭️ Already exists: Town Workers
     ⏭️ Already exists: Peeping Life: Shinkon-chan Kansai ni Irasshai
     ⏭️ Already exists: Taka no Tsume 7: Joou Heika no Jobuubu
     ⏭️ Already exists: Oniku Daisuki! Zeushi-kun (2-ki)
     ⏭️ Already exists: Sore Ike! Anpanman: Tanoshiku Teasobi Mama ni Natta Kokin-chan!?
.
📅 Processing Year: 2013
   📄 Year 2013 Page 1: 17 New, 27 Heal
[ImageService] Processing: https://s4.anilist.co/file/anilistcdn/media/anime/cover/large/bx15809-ECv3HyOYJKrk.jpg
[ImageService] Processing: https://s4.anilist.co/file/anilistcdn/media/anime/cover/large/bx16782-qpFGk18UqaHn.jpg
[ImageService] Uploaded to: https://eivvjebsmxddrbbbnblr.supabase.co/storage/v1/object/public/covers/anime/PsnM8_ntKGZ8NusLSb_Vw.webp
[ImageService] Uploaded to: https://eivvjebsmxddrbbbnblr.supabase.co/storage/v1/object/public/covers/anime/EZHyEw2yo8eFgTSro3rEq.webp
[ImageService] Processing: https://s4.anilist.co/file/anilistcdn/media/anime/cover/large/bx16742-apAy622TmkVd.jpg
[ImageService] Uploaded to: https://eivvjebsmxddrbbbnblr.supabase.co/storage/v1/object/public/covers/anime/5aMMvf8-wby8bT04AyTM4.webp
[ImageService] Processing: https://s4.anilist.co/file/anilistcdn/media/anime/cover/large/bx11577-rhqsxLOAge4f.png
[ImageService] Processing: https://s4.anilist.co/file/anilistcdn/media/anime/cover/large/bx14749-aq6aPtIPPVOY.png
[ImageService] Uploaded to: https://eivvjebsmxddrbbbnblr.supabase.co/storage/v1/object/public/covers/anime/p-if8cKW9Ms5L2IvgIoJt.webp
[ImageService] Uploaded to: https://eivvjebsmxddrbbbnblr.supabase.co/storage/v1/object/public/covers/anime/hmg4W1C_bMcqKbmCrdgN3.webp
     ⏭️ Already exists: The Devil is a Part-Timer!
[ImageService] Processing: https://s4.anilist.co/file/anilistcdn/media/anime/cover/large/bx18277-Vwm314Nr6vsg.jpg
[ImageService] Uploaded to: https://eivvjebsmxddrbbbnblr.supabase.co/storage/v1/object/public/covers/anime/mZTOYSdaHp5f6Stq17rX8.webp
     ⏭️ Already exists: WataMote: No Matter How I Look At It, It's You Guys' Fault I'm Not Popular!
[ImageService] Processing: https://s4.anilist.co/file/anilistcdn/media/anime/cover/large/nx16417-r8Njy5UnwvDE.png
[ImageService] Uploaded to: https://eivvjebsmxddrbbbnblr.supabase.co/storage/v1/object/public/covers/anime/m-S4_LUhIq4ftMK32-JdS.webp
     ⏭️ Already exists: The Garden of Words
     ⏭️ Already exists: Oreshura
[ImageService] Processing: https://s4.anilist.co/file/anilistcdn/media/anime/cover/large/bx15315-mvKPcy8Z2QkB.jpg
[ImageService] Processing: https://s4.anilist.co/file/anilistcdn/media/anime/cover/large/bx17549-ROdV36u4nWkU.png
[ImageService] Uploaded to: https://eivvjebsmxddrbbbnblr.supabase.co/storage/v1/object/public/covers/anime/EO-Fv39X-1Vfy0FaqfhHQ.webp
[ImageService] Uploaded to: https://eivvjebsmxddrbbbnblr.supabase.co/storage/v1/object/public/covers/anime/m9wIZSP_1V0C8a5mmHGSB.webp
     ⏭️ Already exists: Steins;Gate The Movie – Load Region of Déjà Vu
[ImageService] Processing: https://s4.anilist.co/file/anilistcdn/media/anime/cover/medium/b11981-koz1IoISs3eU.jpg
[ImageService] Uploaded to: https://eivvjebsmxddrbbbnblr.supabase.co/storage/v1/object/public/covers/anime/qnsagbo3FsQbVst7Ot7JI.webp
     ⏭️ Already exists: Strike the Blood
[ImageService] Processing: https://s4.anilist.co/file/anilistcdn/media/anime/cover/large/bx16662-HUI8irtoTdOJ.jpg
[ImageService] Uploaded to: https://eivvjebsmxddrbbbnblr.supabase.co/storage/v1/object/public/covers/anime/K0ChCrR1EoLhdideFi_J7.webp
     ⏭️ Already exists: Tamako Market
     ⏭️ Already exists: Non Non Biyori
[ImageService] Processing: https://s4.anilist.co/file/anilistcdn/media/anime/cover/large/bx16011-orxVpks3jG9U.jpg
[ImageService] Processing: https://s4.anilist.co/file/anilistcdn/media/anime/cover/large/bx13659-dKbA53HH9vwR.png
[ImageService] Uploaded to: https://eivvjebsmxddrbbbnblr.supabase.co/storage/v1/object/public/covers/anime/q3-5EpdqHzUO43STu70Dv.webp
[ImageService] Uploaded to: https://eivvjebsmxddrbbbnblr.supabase.co/storage/v1/object/public/covers/anime/nh2wh4hfmGpMgGQUUr8rD.webp
     ⏭️ Already exists: Problem Children Are Coming From Another World, Aren't They?
[ImageService] Processing: https://s4.anilist.co/file/anilistcdn/media/anime/cover/large/bx19369-tqo5gtkecbSZ.jpg
[ImageService] Uploaded to: https://eivvjebsmxddrbbbnblr.supabase.co/storage/v1/object/public/covers/anime/j2HZyblgA30GGSKCAfec9.webp
     ⏭️ Already exists: Puella Magi Madoka Magica the Movie Part III: Rebellion
[ImageService] Processing: https://s4.anilist.co/file/anilistcdn/media/anime/cover/large/bx12477-KtZm8BuvrPYo.jpg
     ⏭️ Already exists: The Wind Rises
[ImageService] Uploaded to: https://eivvjebsmxddrbbbnblr.supabase.co/storage/v1/object/public/covers/anime/-no_k2pqQ7mlyR5B93CTx.webp
[ImageService] Processing: https://s4.anilist.co/file/anilistcdn/media/anime/cover/large/bx15379-tSZbUJQzAvRi.png
[ImageService] Uploaded to: https://eivvjebsmxddrbbbnblr.supabase.co/storage/v1/object/public/covers/anime/3epB1rcMG30bprt0tTyCO.webp
     ⏭️ Already exists: Oreimo 2
     ⏭️ Already exists: Tokyo Ravens
[ImageService] Processing: https://s4.anilist.co/file/anilistcdn/media/anime/cover/medium/16664-Wakrc8rbBkor.jpg
     ⏭️ Already exists: Outbreak Company
[ImageService] Uploaded to: https://eivvjebsmxddrbbbnblr.supabase.co/storage/v1/object/public/covers/anime/zJcKznRsW_Y8n_qj3D960.webp
     ⏭️ Already exists: Patema Inverted
     ⏭️ Already exists: The Troubled Life of Miss Kotoura
     ⏭️ Already exists: The Tale of The Princess Kaguya
   📄 Year 2013 Page 2: 16 New, 22 Heal
[ImageService] Processing: https://s4.anilist.co/file/anilistcdn/media/anime/cover/large/bx16918-0biAxYFR29mw.png
[ImageService] Processing: https://s4.anilist.co/file/anilistcdn/media/anime/cover/large/bx16706-qMfhkWuHkWhX.jpg
[ImageService] Processing: https://s4.anilist.co/file/anilistcdn/media/anime/cover/large/bx17247-6rBtW91NX882.jpg
[ImageService] Uploaded to: https://eivvjebsmxddrbbbnblr.supabase.co/storage/v1/object/public/covers/anime/fbsPopzya6DBgmA6gaWDS.webp
[ImageService] Uploaded to: https://eivvjebsmxddrbbbnblr.supabase.co/storage/v1/object/public/covers/anime/AZL9OQLDFufwk-jzOKwU1.webp
[ImageService] Uploaded to: https://eivvjebsmxddrbbbnblr.supabase.co/storage/v1/object/public/covers/anime/PAM080F9F1sDsdzzplF_W.webp
[ImageService] Processing: https://s4.anilist.co/file/anilistcdn/media/anime/cover/large/bx19291-jwGqfWIXPtGA.png
[ImageService] Processing: https://s4.anilist.co/file/anilistcdn/media/anime/cover/large/bx17909-BXyd04Lj8F6M.jpg
[ImageService] Uploaded to: https://eivvjebsmxddrbbbnblr.supabase.co/storage/v1/object/public/covers/anime/ZGpuJfJheLuVaN823EebL.webp
[ImageService] Uploaded to: https://eivvjebsmxddrbbbnblr.supabase.co/storage/v1/object/public/covers/anime/rkCoyUsvsrpRidTPdE02W.webp
     ⏭️ Already exists: The World God Only Knows: Goddesses
[ImageService] Processing: https://s4.anilist.co/file/anilistcdn/media/anime/cover/large/bx16009-Sjn9slY4IsjE.jpg
     ⏭️ Already exists: Silver Spoon
[ImageService] Uploaded to: https://eivvjebsmxddrbbbnblr.supabase.co/storage/v1/object/public/covers/anime/fP7Xf0N2tO6nYzJaptUyl.webp
     ⏭️ Already exists: Unbreakable Machine-Doll
[ImageService] Processing: https://s4.anilist.co/file/anilistcdn/media/anime/cover/large/nx18857-su3IlKYL3NS8.jpg
[ImageService] Uploaded to: https://eivvjebsmxddrbbbnblr.supabase.co/storage/v1/object/public/covers/anime/ABU8LBtNPNwCIhjmAmO6W.webp
[ImageService] Processing: https://s4.anilist.co/file/anilistcdn/media/anime/cover/large/bx16668-ShG8DE2t0ryW.png
[ImageService] Uploaded to: https://eivvjebsmxddrbbbnblr.supabase.co/storage/v1/object/public/covers/anime/OjHFe5m_9zej0qIp7r0hi.webp
     ⏭️ Already exists: Pokémon the Series: XY
[ImageService] Processing: https://s4.anilist.co/file/anilistcdn/media/anime/cover/large/bx19365-Q6AIDGI2139N.jpg
     ⏭️ Already exists: The Eccentric Family
[ImageService] Processing: https://s4.anilist.co/file/anilistcdn/media/anime/cover/medium/b14407-MgkKNW85qOot.png
[ImageService] Uploaded to: https://eivvjebsmxddrbbbnblr.supabase.co/storage/v1/object/public/covers/anime/AqGNVbSIw4rC7sKIO9UFC.webp
[ImageService] Uploaded to: https://eivvjebsmxddrbbbnblr.supabase.co/storage/v1/object/public/covers/anime/yPbHd_KAx9OsZhBEzzz6A.webp
     ⏭️ Already exists: Oreimo 2 (ONA)
     ⏭️ Already exists: Sunday Without God
[ImageService] Processing: https://s4.anilist.co/file/anilistcdn/media/anime/cover/large/bx18497-LT4KeTvilo8u.png
[ImageService] Processing: https://s4.anilist.co/file/anilistcdn/media/anime/cover/large/bx14807-R4SzEi0zRDl4.jpg
[ImageService] Uploaded to: https://eivvjebsmxddrbbbnblr.supabase.co/storage/v1/object/public/covers/anime/t9tvFL9GNPjpoKrxWifDE.webp
[ImageService] Uploaded to: https://eivvjebsmxddrbbbnblr.supabase.co/storage/v1/object/public/covers/anime/XML7nyPYvJOCBhFnTwMVH.webp
     ⏭️ Already exists: Valvrave the Liberator
[ImageService] Processing: https://s4.anilist.co/file/anilistcdn/media/anime/cover/large/bx15911-eS0Q6p7vBd0i.jpg
[ImageService] Uploaded to: https://eivvjebsmxddrbbbnblr.supabase.co/storage/v1/object/public/covers/anime/j5CZwr0YpeRmM6zdZeswR.webp
     ⏭️ Already exists: Persona 3 the Movie: #1 Spring of Birth
     ⏭️ Already exists: Samurai Flamenco
[ImageService] Processing: https://s4.anilist.co/file/anilistcdn/media/anime/cover/large/bx15119-rcnXA3JFYvU1.jpg
[ImageService] Processing: https://s4.anilist.co/file/anilistcdn/media/anime/cover/large/bx16005-79QCNJTaNHqK.jpg
[ImageService] Uploaded to: https://eivvjebsmxddrbbbnblr.supabase.co/storage/v1/object/public/covers/anime/ri6OmvZ39ehJifP7AVE3V.webp
[ImageService] Uploaded to: https://eivvjebsmxddrbbbnblr.supabase.co/storage/v1/object/public/covers/anime/SQ-1RXejUb9Rv9hDIJfGY.webp
     ⏭️ Already exists: the Garden of sinners -recalled out summer-
[ImageService] Processing: https://s4.anilist.co/file/anilistcdn/media/anime/cover/medium/b19151-cfaUlqaOWke9.jpg
[ImageService] Uploaded to: https://eivvjebsmxddrbbbnblr.supabase.co/storage/v1/object/public/covers/anime/LT1vCt2KO2L3gys7wWp_2.webp
     ⏭️ Already exists: Yozakura Quartet: Hana no Uta
     ⏭️ Already exists: Yuyushiki
     ⏭️ Already exists: Senran Kagura: Ninja Flash!
     ⏭️ Already exists: Unlimited Psychic Squad
     ⏭️ Already exists: Walkure Romanze
   📄 Year 2013 Page 3: 16 New, 3 Heal
[ImageService] Processing: https://s4.anilist.co/file/anilistcdn/media/anime/cover/large/bx16444-lreIjv4Urghh.png
[ImageService] Processing: https://s4.anilist.co/file/anilistcdn/media/anime/cover/large/bx15377-PHthXBKOeheF.png
[ImageService] Processing: https://s4.anilist.co/file/anilistcdn/media/anime/cover/large/bx16355-hZ0rDhXEbsDl.jpg
[ImageService] Processing: https://s4.anilist.co/file/anilistcdn/media/anime/cover/large/bx18295-BhCBBJctIgNp.jpg
[ImageService] Uploaded to: https://eivvjebsmxddrbbbnblr.supabase.co/storage/v1/object/public/covers/anime/wFMDNJH9PCuFZkGEAEQxy.webp
[ImageService] Uploaded to: https://eivvjebsmxddrbbbnblr.supabase.co/storage/v1/object/public/covers/anime/E-dSrA7yWUdjiaVTp-qcm.webp
[ImageService] Uploaded to: https://eivvjebsmxddrbbbnblr.supabase.co/storage/v1/object/public/covers/anime/m86PQhrixRrLahQ1-NyI6.webp
[ImageService] Processing: https://s4.anilist.co/file/anilistcdn/media/anime/cover/large/bx20697-ALO3Ek7gHvX9.jpg
[ImageService] Uploaded to: https://eivvjebsmxddrbbbnblr.supabase.co/storage/v1/object/public/covers/anime/KLFdAxjv3GDVnc3OKjdQI.webp
[ImageService] Uploaded to: https://eivvjebsmxddrbbbnblr.supabase.co/storage/v1/object/public/covers/anime/rVv1FGW4T-Xn5kA-W595F.webp
     ⏭️ Already exists: Problem Children Are Coming From Another World, Aren't They? OVA
     ⏭️ Already exists: The Severing Crime Edge
[ImageService] Processing: https://s4.anilist.co/file/anilistcdn/media/anime/cover/large/bx12711-L2zKL1kjYMio.png
[ImageService] Processing: https://s4.anilist.co/file/anilistcdn/media/anime/cover/medium/14893.jpg
     ⏭️ Already exists: Samurai Bride
[ImageService] Uploaded to: https://eivvjebsmxddrbbbnblr.supabase.co/storage/v1/object/public/covers/anime/DPE61rhtJPul0iE-h-yOA.webp
[ImageService] Processing: https://s4.anilist.co/file/anilistcdn/media/anime/cover/large/bx18041-GLl6gGymRszJ.jpg
[ImageService] Uploaded to: https://eivvjebsmxddrbbbnblr.supabase.co/storage/v1/object/public/covers/anime/NpB1EtwiD6G5wu2QnXeO6.webp
[ImageService] Uploaded to: https://eivvjebsmxddrbbbnblr.supabase.co/storage/v1/object/public/covers/anime/vRqZVI0flNmpCWkywwmn0.webp
     ⏭️ Already exists: Valvrave the Liberator 2
[ImageService] Processing: https://s4.anilist.co/file/anilistcdn/media/anime/cover/medium/16680.jpg
[ImageService] Uploaded to: https://eivvjebsmxddrbbbnblr.supabase.co/storage/v1/object/public/covers/anime/N2ZT4SctUc6lSW2Jq9jfL.webp
     ⏭️ Already exists: the Garden of sinners: recalled out summer –extra chorus–
[ImageService] Processing: https://s4.anilist.co/file/anilistcdn/media/anime/cover/large/bx20359-08eintz3ClgK.png
[ImageService] Uploaded to: https://eivvjebsmxddrbbbnblr.supabase.co/storage/v1/object/public/covers/anime/NYfquIwyxCD8TX4ZAs4b1.webp
     ⏭️ Already exists: Rozen Maiden: Zurückspulen
     ⏭️ Already exists: Yamada-kun to 7-nin no Majo (ONA)
[ImageService] Processing: https://s4.anilist.co/file/anilistcdn/media/anime/cover/large/bx17115-FpxJtU5CkDK9.png
[ImageService] Processing: https://s4.anilist.co/file/anilistcdn/media/anime/cover/large/bx11763-ONGmRd3P4Djv.jpg
[ImageService] Uploaded to: https://eivvjebsmxddrbbbnblr.supabase.co/storage/v1/object/public/covers/anime/3KXxwSWOHtl6nfrqxLFPO.webp
     ⏭️ Already exists: Uta no Prince Sama 2
     ⏭️ Already exists: Pokémon the Movie: Genesect and the Legend Awakened
     ⏭️ Already exists: So, I Can't Play H?
[ImageService] Processing: https://s4.anilist.co/file/anilistcdn/media/anime/cover/medium/16868.jpg
[ImageService] Processing: https://s4.anilist.co/file/anilistcdn/media/anime/cover/medium/19469.jpg
[ImageService] Processing: https://s4.anilist.co/file/anilistcdn/media/anime/cover/large/bx17873-okffpXavyuVm.jpg
[ImageService] Uploaded to: https://eivvjebsmxddrbbbnblr.supabase.co/storage/v1/object/public/covers/anime/ACsF_qi0vIclbF0DLtPV9.webp
[ImageService] Uploaded to: https://eivvjebsmxddrbbbnblr.supabase.co/storage/v1/object/public/covers/anime/VJvvUbbDUKMRELht84Z58.webp
[ImageService] Uploaded to: https://eivvjebsmxddrbbbnblr.supabase.co/storage/v1/object/public/covers/anime/PvmMECtygDSaqjS8HrHN6.webp
[ImageService] Uploaded to: https://eivvjebsmxddrbbbnblr.supabase.co/storage/v1/object/public/covers/anime/T4GQBzaj_QM-a1dZbYBCy.webp
     ⏭️ Already exists: Wanna be the Strongest in the World!
[ImageService] Processing: https://s4.anilist.co/file/anilistcdn/media/anime/cover/large/bx17821-mavryN2JncDI.png
[ImageService] Uploaded to: https://eivvjebsmxddrbbbnblr.supabase.co/storage/v1/object/public/covers/anime/xTODmGZNRrYVmTeQuzxcH.webp
     ⏭️ Already exists: Sukitte Ii na yo.: Dareka ga
     ⏭️ Already exists: Saiki Kusuo no Ψ-nan (ONA)
     ⏭️ Already exists: Pokémon BW: Adventures in Unova
     ⏭️ Already exists: Pokémon BW: Adventures in Unova and Beyond
     ⏭️ Already exists: Stella Women's Academy, High School Division Class C3
   📄 Year 2013 Page 4: 5 New, 14 Heal
[ImageService] Processing: https://s4.anilist.co/file/anilistcdn/media/anime/cover/large/bx15731-RCmSh1eqgZxI.jpg
[ImageService] Processing: https://s4.anilist.co/file/anilistcdn/media/anime/cover/medium/15651.jpg
[ImageService] Processing: https://s4.anilist.co/file/anilistcdn/media/anime/cover/large/bx16395-D3YJ00FMwhB5.jpg
[ImageService] Processing: https://s4.anilist.co/file/anilistcdn/media/anime/cover/medium/15963.jpg
[ImageService] Uploaded to: https://eivvjebsmxddrbbbnblr.supabase.co/storage/v1/object/public/covers/anime/hl3M2RGUYexQsevoFCqaq.webp
[ImageService] Uploaded to: https://eivvjebsmxddrbbbnblr.supabase.co/storage/v1/object/public/covers/anime/lRmpxN0nfIF9I5L916LA1.webp
[ImageService] Uploaded to: https://eivvjebsmxddrbbbnblr.supabase.co/storage/v1/object/public/covers/anime/S3ojxd_If4hbyCntSrDWy.webp
[ImageService] Uploaded to: https://eivvjebsmxddrbbbnblr.supabase.co/storage/v1/object/public/covers/anime/wBgFj_mAGFX7i_8KMo8NG.webp
[ImageService] Processing: https://s4.anilist.co/file/anilistcdn/media/anime/cover/medium/16363.jpg
[ImageService] Uploaded to: https://eivvjebsmxddrbbbnblr.supabase.co/storage/v1/object/public/covers/anime/8wF59B4q2m62xald_NwRD.webp
   ⚠️ Primary model refused "SKET DANCE: Imouto no Nayami ni Nayamu Ani ni Nayamu Imouto to Sono Nakama-tachi". Switching to Grok...
     ⏭️ Already exists: Tamayura: More Aggressive
   ❌ All models refused "SKET DANCE: Imouto no Nayami ni Nayamu Ani ni Nayamu Imouto to Sono Nakama-tachi". Using original description.
     ⏭️ Already exists: Vanquished Queens
     ⏭️ Already exists: Phi-Brain ~ Puzzle of God Season 3
     ⏭️ Already exists: Student Council's Holidays
     ⏭️ Already exists: SKET DANCE: Imouto no Nayami ni Nayamu Ani ni Nayamu Imouto to Sono Nakama-tachi
   📄 Year 2013 Page 5: 2 New, 31 Heal
[ImageService] Processing: https://s4.anilist.co/file/anilistcdn/media/anime/cover/large/bx17969-uAxnH1lqpEMZ.jpg
[ImageService] Processing: https://s4.anilist.co/file/anilistcdn/media/anime/cover/medium/98567-MCDJ6PkwOuGb.jpg
[ImageService] Uploaded to: https://eivvjebsmxddrbbbnblr.supabase.co/storage/v1/object/public/covers/anime/kQD7P5V5Y2E3KRDq7_mNa.webp
[ImageService] Uploaded to: https://eivvjebsmxddrbbbnblr.supabase.co/storage/v1/object/public/covers/anime/HMVM5VvmzN37DbxCbTKtj.webp
     ⏭️ Already exists: Picotopia
     ⏭️ Already exists: Tanken Driland: 1000-nen no Mahou
   📄 Year 2013 Page 6: 11 New, 21 Heal
[ImageService] Processing: https://s4.anilist.co/file/anilistcdn/media/anime/cover/medium/18137.jpg
[ImageService] Processing: https://s4.anilist.co/file/anilistcdn/media/anime/cover/medium/98136-hFRxBNhicXEP.jpg
[ImageService] Processing: https://s4.anilist.co/file/anilistcdn/media/anime/cover/medium/18357.jpg
[ImageService] Processing: https://s4.anilist.co/file/anilistcdn/media/anime/cover/medium/19535.jpg
[ImageService] Uploaded to: https://eivvjebsmxddrbbbnblr.supabase.co/storage/v1/object/public/covers/anime/orXnjCJK4Dxx1NyVFP23C.webp
[ImageService] Uploaded to: https://eivvjebsmxddrbbbnblr.supabase.co/storage/v1/object/public/covers/anime/-2I6skc9h1RZwBFI2M6QA.webp
[ImageService] Uploaded to: https://eivvjebsmxddrbbbnblr.supabase.co/storage/v1/object/public/covers/anime/2LIpjkvKadzW3v1MYPIe3.webp
[ImageService] Uploaded to: https://eivvjebsmxddrbbbnblr.supabase.co/storage/v1/object/public/covers/anime/CqbGS5AfqaZhSRhKVufHL.webp
[ImageService] Processing: https://s4.anilist.co/file/anilistcdn/media/anime/cover/large/bx121961-TBZgtFr1UvCH.jpg
[ImageService] Uploaded to: https://eivvjebsmxddrbbbnblr.supabase.co/storage/v1/object/public/covers/anime/Tdmisdg-rnnBFQjO_mQDd.webp
     ⏭️ Already exists: Sore Ike! Anpanman: Tobase! Kibou no Handkerchief
     ⏭️ Already exists: The Story of a Family
     ⏭️ Already exists: Train Heroes
     ⏭️ Already exists: Taka no Tsume GO: Yoshida, Himitsukessha Yamerutteyo.
[ImageService] Processing: https://s4.anilist.co/file/anilistcdn/media/anime/cover/medium/b115296-Ucg3cqZ9vs2P.jpg
[ImageService] Uploaded to: https://eivvjebsmxddrbbbnblr.supabase.co/storage/v1/object/public/covers/anime/6MY8VPEsrpf1-8EqY9o-x.webp
[ImageService] Processing: https://s4.anilist.co/file/anilistcdn/media/anime/cover/medium/18817.jpg
     ⏭️ Already exists: Ponkotsu Quest: Maou to Haken no Mamono-tachi
[ImageService] Uploaded to: https://eivvjebsmxddrbbbnblr.supabase.co/storage/v1/object/public/covers/anime/o5qD5tS0IJAws-rOdHuQC.webp
[ImageService] Processing: https://s4.anilist.co/file/anilistcdn/media/anime/cover/medium/20445.jpg
[ImageService] Uploaded to: https://eivvjebsmxddrbbbnblr.supabase.co/storage/v1/object/public/covers/anime/A-bfOhfZ8vUsNAz78heq9.webp
[ImageService] Processing: https://s4.anilist.co/file/anilistcdn/media/anime/cover/large/bx119813-KefC0toNBbWS.png
[ImageService] Processing: https://s4.anilist.co/file/anilistcdn/media/anime/cover/large/bx183822-i0SQ36HbtQY8.png
[ImageService] Uploaded to: https://eivvjebsmxddrbbbnblr.supabase.co/storage/v1/object/public/covers/anime/n7BhIja2sjjYumCpAdHJz.webp
[ImageService] Uploaded to: https://eivvjebsmxddrbbbnblr.supabase.co/storage/v1/object/public/covers/anime/GZhqEygZoPXRklX6l5mVJ.webp
     ⏭️ Already exists: Yasai no Yousei: Quiz Gekijou
     ⏭️ Already exists: Voice Actor Force Voicetorm 7
[ImageService] Processing: https://s4.anilist.co/file/anilistcdn/media/anime/cover/large/bx183821-oxYnkURPGV2i.png
[ImageService] Uploaded to: https://eivvjebsmxddrbbbnblr.supabase.co/storage/v1/object/public/covers/anime/gzScxLEMssx5oy2b4fRDU.webp
     ⏭️ Already exists: Stuck Rabbit
     ⏭️ Already exists: Norasco
     ⏭️ Already exists: Passionate Elephant
     ⏭️ Already exists: Pokojiro's Weather Report

📅 Processing Year: 2012
   📄 Year 2012 Page 1: 14 New, 34 Heal
[ImageService] Processing: https://s4.anilist.co/file/anilistcdn/media/anime/cover/large/bx13601-i42VFuHpqEOJ.jpg
[ImageService] Processing: https://s4.anilist.co/file/anilistcdn/media/anime/cover/large/bx11757-SxYDUzdr9rh2.jpg
[ImageService] Uploaded to: https://eivvjebsmxddrbbbnblr.supabase.co/storage/v1/object/public/covers/anime/SYK_0ptR_f9d7USxYAl8P.webp
[ImageService] Processing: https://s4.anilist.co/file/anilistcdn/media/anime/cover/large/bx13759-xNf0gJK4Axt2.jpg
[ImageService] Uploaded to: https://eivvjebsmxddrbbbnblr.supabase.co/storage/v1/object/public/covers/anime/fTB7_r6XxDtBdIzr9uFUf.webp
[ImageService] Uploaded to: https://eivvjebsmxddrbbbnblr.supabase.co/storage/v1/object/public/covers/anime/eW_mqYwYpmPRka0QwEKvk.webp
[ImageService] Processing: https://s4.anilist.co/file/anilistcdn/media/anime/cover/large/bx12355-wNsvhEsXEgrH.png
[ImageService] Uploaded to: https://eivvjebsmxddrbbbnblr.supabase.co/storage/v1/object/public/covers/anime/teDECH8FTx9b7ZdLIGka_.webp
[ImageService] Processing: https://s4.anilist.co/file/anilistcdn/media/anime/cover/large/nx14289-vRTzC8u4XuvW.png
[ImageService] Uploaded to: https://eivvjebsmxddrbbbnblr.supabase.co/storage/v1/object/public/covers/anime/z3shamiRu-FjFbBUTZsoc.webp
   ⚠️ Primary model refused "The Pet Girl of Sakurasou". Switching to Grok...
     ⏭️ Already exists: PSYCHO-PASS
[ImageService] Processing: https://s4.anilist.co/file/anilistcdn/media/anime/cover/large/bx11499-SeYog5nP4Uks.png
     ⏭️ Already exists: Sword Art Online
[ImageService] Uploaded to: https://eivvjebsmxddrbbbnblr.supabase.co/storage/v1/object/public/covers/anime/0N2yVkVQRrRLvtuasq3ju.webp
     ⏭️ Already exists: Wolf Children
[ImageService] Processing: https://s4.anilist.co/file/anilistcdn/media/anime/cover/large/bx11433-KLEzZeK6D46g.jpg
[ImageService] Processing: https://s4.anilist.co/file/anilistcdn/media/anime/cover/large/bx12549-GhbJO9KBUC7o.jpg
[ImageService] Uploaded to: https://eivvjebsmxddrbbbnblr.supabase.co/storage/v1/object/public/covers/anime/zbRBxqJo_WwKwpwHLM57R.webp
[ImageService] Uploaded to: https://eivvjebsmxddrbbbnblr.supabase.co/storage/v1/object/public/covers/anime/9jCgTAddp_ughfy75S7c2.webp
     ⏭️ Already exists: Say "I love you".
[ImageService] Processing: https://s4.anilist.co/file/anilistcdn/media/anime/cover/large/bx11785-cBfqpOetdIeF.jpg
[ImageService] Uploaded to: https://eivvjebsmxddrbbbnblr.supabase.co/storage/v1/object/public/covers/anime/qDKsf6-wUH9Ev_K8YggAL.webp
     ⏭️ Already exists: The Pet Girl of Sakurasou
[ImageService] Processing: https://s4.anilist.co/file/anilistcdn/media/anime/cover/large/bx13663-kpsCFSRAutWM.jpg
[ImageService] Uploaded to: https://eivvjebsmxddrbbbnblr.supabase.co/storage/v1/object/public/covers/anime/KhoMepNpsD-Z22oE0rqWR.webp
     ⏭️ Already exists: Sankarea: Undying Love
     ⏭️ Already exists: Waiting in the Summer
[ImageService] Processing: https://s4.anilist.co/file/anilistcdn/media/anime/cover/large/bx11319-6PwRxZiVChQo.jpg
[ImageService] Uploaded to: https://eivvjebsmxddrbbbnblr.supabase.co/storage/v1/object/public/covers/anime/3f66xjXBlHSH1HiN77dWW.webp
[ImageService] Processing: https://s4.anilist.co/file/anilistcdn/media/anime/cover/large/bx12291-NKo7qYW674Wo.jpg
[ImageService] Uploaded to: https://eivvjebsmxddrbbbnblr.supabase.co/storage/v1/object/public/covers/anime/_SyClap1htLLwxABtqPsg.webp
     ⏭️ Already exists: So, I Can't Play H!
[ImageService] Processing: https://s4.anilist.co/file/anilistcdn/media/anime/cover/large/bx13667-gAKuIXI2avRq.jpg
[ImageService] Uploaded to: https://eivvjebsmxddrbbbnblr.supabase.co/storage/v1/object/public/covers/anime/vPkNwtvn0XFVx6_9ssXOm.webp
     ⏭️ Already exists: Nyaruko: Crawling with Love!
[ImageService] Processing: https://s4.anilist.co/file/anilistcdn/media/anime/cover/large/bx14199-NAejQzViXuR7.jpg
[ImageService] Uploaded to: https://eivvjebsmxddrbbbnblr.supabase.co/storage/v1/object/public/covers/anime/bp2x6V_RNcepW6EaLjUsG.webp
     ⏭️ Already exists: To Love Ru Darkness
     ⏭️ Already exists: The Familiar of Zero F
     ⏭️ Already exists: Place to Place
     ⏭️ Already exists: Road to Ninja: Naruto the Movie
     ⏭️ Already exists: OniAi
   📄 Year 2012 Page 2: 5 New, 26 Heal
[ImageService] Processing: https://s4.anilist.co/file/anilistcdn/media/anime/cover/large/bx12403-sAG2FsLFX8bH.jpg
[ImageService] Processing: https://s4.anilist.co/file/anilistcdn/media/anime/cover/large/bx11751-CNf1IlrvzbEa.png
[ImageService] Uploaded to: https://eivvjebsmxddrbbbnblr.supabase.co/storage/v1/object/public/covers/anime/v6BqNTfb8PfjqwsS4pTbp.webp
[ImageService] Uploaded to: https://eivvjebsmxddrbbbnblr.supabase.co/storage/v1/object/public/covers/anime/ZCWvISYmXJP0yi3pHGvgF.webp
[ImageService] Processing: https://s4.anilist.co/file/anilistcdn/media/anime/cover/large/bx12883-2aNeQKhtMoVe.png
[ImageService] Uploaded to: https://eivvjebsmxddrbbbnblr.supabase.co/storage/v1/object/public/covers/anime/za2JJGCEZCoKA8RcSz6P2.webp
[ImageService] Processing: https://s4.anilist.co/file/anilistcdn/media/anime/cover/medium/15117.jpg
[ImageService] Uploaded to: https://eivvjebsmxddrbbbnblr.supabase.co/storage/v1/object/public/covers/anime/HL4Xo1aN1nxOHe9q2j4xJ.webp
[ImageService] Processing: https://s4.anilist.co/file/anilistcdn/media/anime/cover/medium/12815.jpg
[ImageService] Uploaded to: https://eivvjebsmxddrbbbnblr.supabase.co/storage/v1/object/public/covers/anime/78stodfoCRYA1bqaigJJ0.webp
     ⏭️ Already exists: YuruYuri Season 2
     ⏭️ Already exists: Polar Bear's Café
     ⏭️ Already exists: The World God Only Knows: Tenri Arc
     ⏭️ Already exists: Tsuritama
     ⏭️ Already exists: Symphogear
   📄 Year 2012 Page 3: 8 New, 8 Heal
[ImageService] Processing: https://s4.anilist.co/file/anilistcdn/media/anime/cover/large/bx14093-1O75wVFVAiDY.png
[ImageService] Processing: https://s4.anilist.co/file/anilistcdn/media/anime/cover/large/bx12317-ZyVJb1GXbSpC.png
[ImageService] Processing: https://s4.anilist.co/file/anilistcdn/media/anime/cover/large/bx11739-k9NkeTvzdwMD.png
[ImageService] Processing: https://s4.anilist.co/file/anilistcdn/media/anime/cover/large/bx11697-dsf3SscWrnvq.jpg
[ImageService] Uploaded to: https://eivvjebsmxddrbbbnblr.supabase.co/storage/v1/object/public/covers/anime/E4P6snHs1ee9Dy-S_G1wj.webp
[ImageService] Uploaded to: https://eivvjebsmxddrbbbnblr.supabase.co/storage/v1/object/public/covers/anime/bFIwvUGRRHsIY1CsWaZf-.webp
[ImageService] Uploaded to: https://eivvjebsmxddrbbbnblr.supabase.co/storage/v1/object/public/covers/anime/XrO_hD3Enq6hyk0lgy9C8.webp
[ImageService] Processing: https://s4.anilist.co/file/anilistcdn/media/anime/cover/large/bx12671-q8KLIPmicj8R.jpg
[ImageService] Uploaded to: https://eivvjebsmxddrbbbnblr.supabase.co/storage/v1/object/public/covers/anime/oqAVsva8b-mkYChphU9rq.webp
[ImageService] Uploaded to: https://eivvjebsmxddrbbbnblr.supabase.co/storage/v1/object/public/covers/anime/zobqp1-qdxkxA5HT76tVB.webp
     ⏭️ Already exists: The Knight in the Area
[ImageService] Processing: https://s4.anilist.co/file/anilistcdn/media/anime/cover/large/bx11371-2lnI6nn8HiML.jpg
[ImageService] Uploaded to: https://eivvjebsmxddrbbbnblr.supabase.co/storage/v1/object/public/covers/anime/CsVVB7J4wCXoNROoOjv9p.webp
     ⏭️ Already exists: Upotte!!
     ⏭️ Already exists: Pokémon BW: Rival Destinies
[ImageService] Processing: https://s4.anilist.co/file/anilistcdn/media/anime/cover/large/bx15489-bkJWvWqZSKXz.jpg
[ImageService] Processing: https://s4.anilist.co/file/anilistcdn/media/anime/cover/medium/16608.jpg
[ImageService] Uploaded to: https://eivvjebsmxddrbbbnblr.supabase.co/storage/v1/object/public/covers/anime/fGlYbBpFtwnJ2R4n-RRtd.webp
[ImageService] Uploaded to: https://eivvjebsmxddrbbbnblr.supabase.co/storage/v1/object/public/covers/anime/wDwBFTclGz5KZdn5PYwba.webp
     ⏭️ Already exists: Pokémon the Movie: Kyurem VS. The Sword of Justice
     ⏭️ Already exists: You and Me 2
     ⏭️ Already exists: The Prince of Tennis II
     ⏭️ Already exists: Yu-Gi-Oh! ZEXAL II
     ⏭️ Already exists: Shitcom
   📄 Year 2012 Page 4: 6 New, 14 Heal
[ImageService] Processing: https://s4.anilist.co/file/anilistcdn/media/anime/cover/medium/12321.jpg
[ImageService] Processing: https://s4.anilist.co/file/anilistcdn/media/anime/cover/medium/b15439-vP1rlCJd8N9P.png
[ImageService] Processing: https://s4.anilist.co/file/anilistcdn/media/anime/cover/medium/b13349-jGgGhzVXyTe4.jpg
[ImageService] Uploaded to: https://eivvjebsmxddrbbbnblr.supabase.co/storage/v1/object/public/covers/anime/Rs7RS3fC5rI6zAzZiBSWo.webp
[ImageService] Processing: https://s4.anilist.co/file/anilistcdn/media/anime/cover/large/bx10469-P6NBmFvu387u.png
[ImageService] Uploaded to: https://eivvjebsmxddrbbbnblr.supabase.co/storage/v1/object/public/covers/anime/qXs13smpo-yfe_duwJxM1.webp
[ImageService] Uploaded to: https://eivvjebsmxddrbbbnblr.supabase.co/storage/v1/object/public/covers/anime/HIvDd4rJ2WD7UfKnq6xJ6.webp
[ImageService] Uploaded to: https://eivvjebsmxddrbbbnblr.supabase.co/storage/v1/object/public/covers/anime/DdgLXHf4bXJhLRthEzdZG.webp
[ImageService] Processing: https://s4.anilist.co/file/anilistcdn/media/anime/cover/large/bx9544-rD8dGcCuSW2s.jpg
[ImageService] Uploaded to: https://eivvjebsmxddrbbbnblr.supabase.co/storage/v1/object/public/covers/anime/aMlI0CBBE5Fmt5RhHVXgj.webp
     ⏭️ Already exists: Thermae Romae
     ⏭️ Already exists: Utakoi
[ImageService] Processing: https://s4.anilist.co/file/anilistcdn/media/anime/cover/medium/15959.jpg
[ImageService] Uploaded to: https://eivvjebsmxddrbbbnblr.supabase.co/storage/v1/object/public/covers/anime/heVgmp1vDAg3_ripV1rWt.webp
     ⏭️ Already exists: Sayonara Zetsubou Sensei: Nyankin no Kirisuto
     ⏭️ Already exists: Resident Evil: Damnation
     ⏭️ Already exists: This Boy Caught a Merman
     ⏭️ Already exists: Nura: Rise of the Yokai Clan OVA
   📄 Year 2012 Page 5: 12 New, 19 Heal
[ImageService] Processing: https://s4.anilist.co/file/anilistcdn/media/anime/cover/large/bx12863-YerEY4cnzlfl.png
[ImageService] Processing: https://s4.anilist.co/file/anilistcdn/media/anime/cover/large/bx12221-HsqYZlXHxd38.jpg
[ImageService] Uploaded to: https://eivvjebsmxddrbbbnblr.supabase.co/storage/v1/object/public/covers/anime/nhHCM-CwXSEg2KDKyMaCs.webp
[ImageService] Uploaded to: https://eivvjebsmxddrbbbnblr.supabase.co/storage/v1/object/public/covers/anime/3wow3WJtzF_gpaRYIdcuD.webp
[ImageService] Processing: https://s4.anilist.co/file/anilistcdn/media/anime/cover/medium/13245.jpg
[ImageService] Uploaded to: https://eivvjebsmxddrbbbnblr.supabase.co/storage/v1/object/public/covers/anime/IXh8pIqyMC_IujyWOeNwU.webp
[ImageService] Processing: https://s4.anilist.co/file/anilistcdn/media/anime/cover/medium/13215.jpg
[ImageService] Uploaded to: https://eivvjebsmxddrbbbnblr.supabase.co/storage/v1/object/public/covers/anime/4oV1K97t8fna1iq95eaUy.webp
[ImageService] Processing: https://s4.anilist.co/file/anilistcdn/media/anime/cover/medium/17573.jpg
[ImageService] Uploaded to: https://eivvjebsmxddrbbbnblr.supabase.co/storage/v1/object/public/covers/anime/ZR8mkhlWpEuXfh3g0B8jY.webp
     ⏭️ Already exists: Pretty Rhythm: Dear My Future
     ⏭️ Already exists: Prince of Tennis II OVA
     ⏭️ Already exists: Precure All Stars New Stage: Mirai no Tomodachi
[ImageService] Processing: https://s4.anilist.co/file/anilistcdn/media/anime/cover/medium/11635.jpg
[ImageService] Processing: https://s4.anilist.co/file/anilistcdn/media/anime/cover/medium/13175.jpg
[ImageService] Processing: https://s4.anilist.co/file/anilistcdn/media/anime/cover/large/bx11773-CpxbVXvThJJ2.png
[ImageService] Uploaded to: https://eivvjebsmxddrbbbnblr.supabase.co/storage/v1/object/public/covers/anime/bk3R5D6lcFuyShYVXLlwF.webp
[ImageService] Uploaded to: https://eivvjebsmxddrbbbnblr.supabase.co/storage/v1/object/public/covers/anime/-0oGx5QlFBaicNNMFKDQ4.webp
[ImageService] Uploaded to: https://eivvjebsmxddrbbbnblr.supabase.co/storage/v1/object/public/covers/anime/gucyx_MiyOnU6YmpqMLFS.webp
     ⏭️ Already exists: The Life of Budori Gusuko
[ImageService] Processing: https://s4.anilist.co/file/anilistcdn/media/anime/cover/medium/14629.jpg
[ImageService] Uploaded to: https://eivvjebsmxddrbbbnblr.supabase.co/storage/v1/object/public/covers/anime/b7mx35uGg27X9NuZlLzMf.webp
     ⏭️ Already exists: Planetarium Uchuu Kyoudai: Itten no Hikari
[ImageService] Processing: https://s4.anilist.co/file/anilistcdn/media/anime/cover/medium/15077.jpg
[ImageService] Uploaded to: https://eivvjebsmxddrbbbnblr.supabase.co/storage/v1/object/public/covers/anime/zwszneS9XbY119yUCGFaY.webp
     ⏭️ Already exists: Sacred Seven: Wings of the Silver Moon
     ⏭️ Already exists: Starship Troopers: Invasion
[ImageService] Processing: https://s4.anilist.co/file/anilistcdn/media/anime/cover/large/bx21654-MyRXXpktzX5t.jpg
[ImageService] Processing: https://s4.anilist.co/file/anilistcdn/media/anime/cover/large/bx13303-RsJ5jAwDF64x.png
     ⏭️ Already exists: ToHeart2: Dungeon Travelers
[ImageService] Uploaded to: https://eivvjebsmxddrbbbnblr.supabase.co/storage/v1/object/public/covers/anime/wlz5HQiPHJT5-w2nCP3c3.webp
[ImageService] Uploaded to: https://eivvjebsmxddrbbbnblr.supabase.co/storage/v1/object/public/covers/anime/ScAMk6t5Hkn3D7vpZthL6.webp
     ⏭️ Already exists: Shiranpuri
     ⏭️ Already exists: Traveling Daru
     ⏭️ Already exists: Usogui
     ⏭️ Already exists: Shake-chan
   📄 Year 2012 Page 6: 10 New, 25 Heal
[ImageService] Processing: https://s4.anilist.co/file/anilistcdn/media/anime/cover/medium/14935.jpg
[ImageService] Processing: https://s4.anilist.co/file/anilistcdn/media/anime/cover/medium/13673.jpg
[ImageService] Processing: https://s4.anilist.co/file/anilistcdn/media/anime/cover/medium/12223.jpg
[ImageService] Uploaded to: https://eivvjebsmxddrbbbnblr.supabase.co/storage/v1/object/public/covers/anime/EyhsKSrW48jziRsLwgfFA.webp
[ImageService] Processing: https://s4.anilist.co/file/anilistcdn/media/anime/cover/medium/13427.jpg
[ImageService] Uploaded to: https://eivvjebsmxddrbbbnblr.supabase.co/storage/v1/object/public/covers/anime/kwzHkWUBVvGj_AjNKw24H.webp
[ImageService] Uploaded to: https://eivvjebsmxddrbbbnblr.supabase.co/storage/v1/object/public/covers/anime/dT53n40-eN2QXd1mmmiuG.webp
[ImageService] Uploaded to: https://eivvjebsmxddrbbbnblr.supabase.co/storage/v1/object/public/covers/anime/EgKOBxu4gqMA-UTnkBrKk.webp
[ImageService] Processing: https://s4.anilist.co/file/anilistcdn/media/anime/cover/medium/15127.jpg
[ImageService] Uploaded to: https://eivvjebsmxddrbbbnblr.supabase.co/storage/v1/object/public/covers/anime/imz4Q3kH0CS7nbFYnV5W2.webp
     ⏭️ Already exists: Otome Nadeshiko Koi Techou
     ⏭️ Already exists: PES: Peace Eco Smiles
     ⏭️ Already exists: Utae Meloetta: Rinka no Mi wo Sagase!
[ImageService] Processing: https://s4.anilist.co/file/anilistcdn/media/anime/cover/medium/14947.jpg
[ImageService] Processing: https://s4.anilist.co/file/anilistcdn/media/anime/cover/medium/13029.jpg
[ImageService] Uploaded to: https://eivvjebsmxddrbbbnblr.supabase.co/storage/v1/object/public/covers/anime/rxV3QdvHNBKRBxAcpCGj6.webp
[ImageService] Uploaded to: https://eivvjebsmxddrbbbnblr.supabase.co/storage/v1/object/public/covers/anime/_kkLBWXQcBeVg50GanaNc.webp
[ImageService] Processing: https://s4.anilist.co/file/anilistcdn/media/anime/cover/medium/15865.jpg
[ImageService] Uploaded to: https://eivvjebsmxddrbbbnblr.supabase.co/storage/v1/object/public/covers/anime/CHe4DUos5SkBgcrmKf-7L.webp
     ⏭️ Already exists: Sakura Taisen: Kanadegumi
[ImageService] Processing: https://s4.anilist.co/file/anilistcdn/media/anime/cover/medium/17237.jpg
[ImageService] Uploaded to: https://eivvjebsmxddrbbbnblr.supabase.co/storage/v1/object/public/covers/anime/5kzB8vZYO4yT4PLeKdEoi.webp
     ⏭️ Already exists: Scryed Alteration II: Quan
[ImageService] Processing: https://s4.anilist.co/file/anilistcdn/media/anime/cover/medium/15897.jpg
[ImageService] Uploaded to: https://eivvjebsmxddrbbbnblr.supabase.co/storage/v1/object/public/covers/anime/s_IUVgRxF42IOszorl25D.webp
     ⏭️ Already exists: One Stormy Night: Secret Friends
     ⏭️ Already exists: Onegai My Melody: Yuu & Ai
     ⏭️ Already exists: Peeping Life: World History
     ⏭️ Already exists: Tamagotchi! Yume Kira Dream
     ⏭️ Already exists: Picchipichi♪Shizuku-chan

📅 Processing Year: 2011
   📄 Year 2011 Page 1: 8 New, 38 Heal
[ImageService] Processing: https://s4.anilist.co/file/anilistcdn/media/anime/cover/large/bx10620-dUZeNej0W4QN.png
[ImageService] Uploaded to: https://eivvjebsmxddrbbbnblr.supabase.co/storage/v1/object/public/covers/anime/VGP2uDWb4kMKiqT35Z1GW.webp
[ImageService] Processing: https://s4.anilist.co/file/anilistcdn/media/anime/cover/large/bx9756-QnUGwlwwnsuN.jpg
[ImageService] Uploaded to: https://eivvjebsmxddrbbbnblr.supabase.co/storage/v1/object/public/covers/anime/IXeCkAuj4KtFmU7OnZQgC.webp
[ImageService] Processing: https://s4.anilist.co/file/anilistcdn/media/anime/cover/large/bx10495-FbK4ybSp2DNG.jpg
[ImageService] Uploaded to: https://eivvjebsmxddrbbbnblr.supabase.co/storage/v1/object/public/covers/anime/mMQT21IGwBBKVBusDkUCj.webp
[ImageService] Processing: https://s4.anilist.co/file/anilistcdn/media/anime/cover/large/bx10721-lNEbDPX24qzn.jpg
[ImageService] Uploaded to: https://eivvjebsmxddrbbbnblr.supabase.co/storage/v1/object/public/covers/anime/D3NmvwTYbvB9UJ8zJbqMM.webp
[ImageService] Processing: https://s4.anilist.co/file/anilistcdn/media/anime/cover/large/bx10080-KdDI4cgYn3pq.jpg
[ImageService] Uploaded to: https://eivvjebsmxddrbbbnblr.supabase.co/storage/v1/object/public/covers/anime/ZW_8hiZ7WYO3UxSsWKo9U.webp
     ⏭️ Already exists: YuruYuri
     ⏭️ Already exists: The Future Diary
[ImageService] Processing: https://s4.anilist.co/file/anilistcdn/media/anime/cover/large/bx10588-44oPKE7GRXA2.png
     ⏭️ Already exists: The World God Only Knows II
[ImageService] Uploaded to: https://eivvjebsmxddrbbbnblr.supabase.co/storage/v1/object/public/covers/anime/ZsXW9QjrWJVY923jB_dD3.webp
[ImageService] Processing: https://s4.anilist.co/file/anilistcdn/media/anime/cover/large/bx10521-dx9L5dLNJXun.jpg
[ImageService] Uploaded to: https://eivvjebsmxddrbbbnblr.supabase.co/storage/v1/object/public/covers/anime/7PXLroNsp5VyxmQ-1Ln7z.webp
[ImageService] Processing: https://s4.anilist.co/file/anilistcdn/media/anime/cover/large/bx9941-ixTUsgXCg2AI.jpg
[ImageService] Uploaded to: https://eivvjebsmxddrbbbnblr.supabase.co/storage/v1/object/public/covers/anime/Zte1By9pqqY8hLBSJ-E5e.webp
     ⏭️ Already exists: Puella Magi Madoka Magica
     ⏭️ Already exists: Penguindrum
     ⏭️ Already exists: Tiger & Bunny
     ⏭️ Already exists: Wagnaria!!2
     ⏭️ Already exists: Persona 4 the Animation
   📄 Year 2011 Page 2: 9 New, 9 Heal
[ImageService] Processing: https://s4.anilist.co/file/anilistcdn/media/anime/cover/large/bx9863-G6dAvTVsfLRO.png
[ImageService] Processing: https://s4.anilist.co/file/anilistcdn/media/anime/cover/large/bx8426-ISvFPcPQ7aXU.png
[ImageService] Processing: https://s4.anilist.co/file/anilistcdn/media/anime/cover/large/bx10798-C8caHKEm5uTa.jpg
[ImageService] Processing: https://s4.anilist.co/file/anilistcdn/media/anime/cover/large/bx10321-yoeabxzPWtoQ.png
[ImageService] Processing: https://s4.anilist.co/file/anilistcdn/media/anime/cover/large/bx8915-KMxeHflWLc6o.png
[ImageService] Uploaded to: https://eivvjebsmxddrbbbnblr.supabase.co/storage/v1/object/public/covers/anime/QaMIbHx32r1QdV2ym5c8G.webp
[ImageService] Uploaded to: https://eivvjebsmxddrbbbnblr.supabase.co/storage/v1/object/public/covers/anime/-tuNlOZHZ_4K5tA0mzXMj.webp
[ImageService] Uploaded to: https://eivvjebsmxddrbbbnblr.supabase.co/storage/v1/object/public/covers/anime/cNsyzCTDcrB4GBgiVIxe7.webp
[ImageService] Uploaded to: https://eivvjebsmxddrbbbnblr.supabase.co/storage/v1/object/public/covers/anime/z3MxUb_g8kBUnio9ePaXy.webp
[ImageService] Uploaded to: https://eivvjebsmxddrbbbnblr.supabase.co/storage/v1/object/public/covers/anime/tyUG7Vos3pOCkkHcUWRcD.webp
   ⚠️ Primary model refused "SKET Dance". Switching to Grok...
     ⏭️ Already exists: The Mystic Archives of Dantalian
[ImageService] Processing: https://s4.anilist.co/file/anilistcdn/media/anime/cover/medium/10805.jpg
     ⏭️ Already exists: UN-GO
[ImageService] Uploaded to: https://eivvjebsmxddrbbbnblr.supabase.co/storage/v1/object/public/covers/anime/7cHtMj070oabh4bMKvTbe.webp
[ImageService] Processing: https://s4.anilist.co/file/anilistcdn/media/anime/cover/large/nx10033-V7xnlgAVtaVR.jpg
     ⏭️ Already exists: Uta no Prince Sama
[ImageService] Uploaded to: https://eivvjebsmxddrbbbnblr.supabase.co/storage/v1/object/public/covers/anime/1HezYsOxigbmSC4vkvWoI.webp
[ImageService] Processing: https://s4.anilist.co/file/anilistcdn/media/anime/cover/large/bx10073-MNiZ5o5RxzIt.png
[ImageService] Uploaded to: https://eivvjebsmxddrbbbnblr.supabase.co/storage/v1/object/public/covers/anime/Y-3khcMerLJiMJ7w8Alnt.webp
   ❌ All models refused "SKET Dance". Using original description.
     ⏭️ Already exists: Wandering Son
[ImageService] Processing: https://s4.anilist.co/file/anilistcdn/media/anime/cover/large/bx11123-USoFLDMkQXT2.png
[ImageService] Uploaded to: https://eivvjebsmxddrbbbnblr.supabase.co/storage/v1/object/public/covers/anime/-Ni1wkEZE7zQ5f1BnNwby.webp
     ⏭️ Already exists: SKET Dance
     ⏭️ Already exists: Toriko
     ⏭️ Already exists: The World God Only Knows: 4 Girls and an Idol
     ⏭️ Already exists: Sekai Ichi Hatsukoi - The World's Greatest First Love Season 2
     ⏭️ Already exists: The Qwaser of Stigmata II
   📄 Year 2011 Page 3: 7 New, 8 Heal
[ImageService] Processing: https://s4.anilist.co/file/anilistcdn/media/anime/cover/large/bx10611-NRtcece5MQTG.jpg
[ImageService] Processing: https://s4.anilist.co/file/anilistcdn/media/anime/cover/large/bx9922-APtY9WoQMtiM.png
[ImageService] Processing: https://s4.anilist.co/file/anilistcdn/media/anime/cover/large/bx9130-QkSQHOTK1uEH.jpg
[ImageService] Processing: https://s4.anilist.co/file/anilistcdn/media/anime/cover/medium/8063.jpg
[ImageService] Uploaded to: https://eivvjebsmxddrbbbnblr.supabase.co/storage/v1/object/public/covers/anime/22KhuaWhgqtce8_GD8tcU.webp
[ImageService] Uploaded to: https://eivvjebsmxddrbbbnblr.supabase.co/storage/v1/object/public/covers/anime/MT6EvEFNY_lIzRB_X2lvL.webp
[ImageService] Uploaded to: https://eivvjebsmxddrbbbnblr.supabase.co/storage/v1/object/public/covers/anime/7kg0f3v1e1DnjBwu4qxdp.webp
[ImageService] Processing: https://s4.anilist.co/file/anilistcdn/media/anime/cover/medium/10714.jpg
[ImageService] Uploaded to: https://eivvjebsmxddrbbbnblr.supabase.co/storage/v1/object/public/covers/anime/vBpC1L3skrhgojHS_n1F5.webp
[ImageService] Uploaded to: https://eivvjebsmxddrbbbnblr.supabase.co/storage/v1/object/public/covers/anime/MQkCo8Hn65zXqjeIA8EeY.webp
     ⏭️ Already exists: R-15
[ImageService] Processing: https://s4.anilist.co/file/anilistcdn/media/anime/cover/medium/8241.jpg
[ImageService] Uploaded to: https://eivvjebsmxddrbbbnblr.supabase.co/storage/v1/object/public/covers/anime/jCQl5H6rComAEl1hm5knS.webp
     ⏭️ Already exists: Sekaiichi Hatsukoi OVA
     ⏭️ Already exists: Saint Seiya: The Lost Canvas 2
[ImageService] Processing: https://s4.anilist.co/file/anilistcdn/media/anime/cover/medium/10716.jpg
[ImageService] Uploaded to: https://eivvjebsmxddrbbbnblr.supabase.co/storage/v1/object/public/covers/anime/OSc9k0uXFulD-Ajo0Elpr.webp
     ⏭️ Already exists: We Without Wings – Under the Innocent Sky
     ⏭️ Already exists: Towanoquon: The Complicity of Dreams
     ⏭️ Already exists: Rio: Rainbow Gate!
     ⏭️ Already exists: Towanoquon: The Return of the Invincible
   📄 Year 2011 Page 4: 16 New, 11 Heal
[ImageService] Processing: https://s4.anilist.co/file/anilistcdn/media/anime/cover/large/bx10257-zwbhwbaZ7Zr1.jpg
[ImageService] Processing: https://s4.anilist.co/file/anilistcdn/media/anime/cover/large/bx10109-RzyincxxKNr3.jpg
[ImageService] Processing: https://s4.anilist.co/file/anilistcdn/media/anime/cover/medium/10519.jpg
[ImageService] Processing: https://s4.anilist.co/file/anilistcdn/media/anime/cover/medium/9934.jpg
[ImageService] Processing: https://s4.anilist.co/file/anilistcdn/media/anime/cover/medium/n10500-jmcqLz2iGNO0.png
[ImageService] Uploaded to: https://eivvjebsmxddrbbbnblr.supabase.co/storage/v1/object/public/covers/anime/IQ9Ej5ZjG5mc6dK8Nmazb.webp
[ImageService] Uploaded to: https://eivvjebsmxddrbbbnblr.supabase.co/storage/v1/object/public/covers/anime/23oQor6OChBr8FDjwk_MF.webp
[ImageService] Uploaded to: https://eivvjebsmxddrbbbnblr.supabase.co/storage/v1/object/public/covers/anime/vRulPzCx2IRUMc89Mg3DY.webp
[ImageService] Uploaded to: https://eivvjebsmxddrbbbnblr.supabase.co/storage/v1/object/public/covers/anime/rN_mTiSrdN6lTKm0Emnif.webp
[ImageService] Uploaded to: https://eivvjebsmxddrbbbnblr.supabase.co/storage/v1/object/public/covers/anime/KlSLEPaK9PZKCJGGF45pD.webp
     ⏭️ Already exists: Ojii-san no Lamp
[ImageService] Processing: https://s4.anilist.co/file/anilistcdn/media/anime/cover/large/bx11441-UM2mvIaaobOC.png
[ImageService] Uploaded to: https://eivvjebsmxddrbbbnblr.supabase.co/storage/v1/object/public/covers/anime/bxio1oRMx6CR1KHK3SNvP.webp
     ⏭️ Already exists: Puella Magi Sonico Magica
[ImageService] Processing: https://s4.anilist.co/file/anilistcdn/media/anime/cover/large/bx9745-2IUfJems8Asg.jpg
[ImageService] Uploaded to: https://eivvjebsmxddrbbbnblr.supabase.co/storage/v1/object/public/covers/anime/09hM2Q4obzB9bXV_fw4N4.webp
     ⏭️ Already exists: Pretty Rhythm: Aurora Dream
     ⏭️ Already exists: The Everyday Tales of a Cat God
[ImageService] Processing: https://s4.anilist.co/file/anilistcdn/media/anime/cover/medium/6918.jpg
[ImageService] Uploaded to: https://eivvjebsmxddrbbbnblr.supabase.co/storage/v1/object/public/covers/anime/--9zavwicS8DNIhlotYCp.webp
     ⏭️ Already exists: Softenni
[ImageService] Processing: https://s4.anilist.co/file/anilistcdn/media/anime/cover/medium/10702.jpg
[ImageService] Processing: https://s4.anilist.co/file/anilistcdn/media/anime/cover/large/bx9611-NLYMzS5oQEXG.png
[ImageService] Uploaded to: https://eivvjebsmxddrbbbnblr.supabase.co/storage/v1/object/public/covers/anime/-nETPj6N5qBGWxlbf17YL.webp
[ImageService] Uploaded to: https://eivvjebsmxddrbbbnblr.supabase.co/storage/v1/object/public/covers/anime/nuS_jpsqSzF-bIP-EzH6N.webp
     ⏭️ Already exists: Rurouni Kenshin: New Kyoto Arc
[ImageService] Processing: https://s4.anilist.co/file/anilistcdn/media/anime/cover/medium/b10924-WbDzdGiejMKn.png
     ⏭️ Already exists: Sengoku Basara - Samurai Kings: The Movie
[ImageService] Processing: https://s4.anilist.co/file/anilistcdn/media/anime/cover/medium/10933.jpg
[ImageService] Uploaded to: https://eivvjebsmxddrbbbnblr.supabase.co/storage/v1/object/public/covers/anime/hY2sxgxmuVehkAyNoe7WW.webp
[ImageService] Uploaded to: https://eivvjebsmxddrbbbnblr.supabase.co/storage/v1/object/public/covers/anime/j3srggdk9mIFjfLuqXgP9.webp
     ⏭️ Already exists: Wolverine
     ⏭️ Already exists: Oh! My Goddess (2011)
[ImageService] Processing: https://s4.anilist.co/file/anilistcdn/media/anime/cover/medium/10532.jpg
[ImageService] Uploaded to: https://eivvjebsmxddrbbbnblr.supabase.co/storage/v1/object/public/covers/anime/W1gUZMpRPaFcqNbcnJue-.webp
[ImageService] Processing: https://s4.anilist.co/file/anilistcdn/media/anime/cover/large/bx7014-0Jx86pX8mG5T.jpg
[ImageService] Uploaded to: https://eivvjebsmxddrbbbnblr.supabase.co/storage/v1/object/public/covers/anime/pnMvebbECMDe7d0JrtqYk.webp
     ⏭️ Already exists: Tekken: BLOOD VENGEANCE
[ImageService] Processing: https://s4.anilist.co/file/anilistcdn/media/anime/cover/large/bx10821-0RO2tkriIgoh.png
[ImageService] Uploaded to: https://eivvjebsmxddrbbbnblr.supabase.co/storage/v1/object/public/covers/anime/bqRnwmlXT7SpKIGpo1VDg.webp
     ⏭️ Already exists: R-15 OVA
[ImageService] Processing: https://s4.anilist.co/file/anilistcdn/media/anime/cover/large/bx10629-uOKcQVaD8PtZ.jpg
[ImageService] Uploaded to: https://eivvjebsmxddrbbbnblr.supabase.co/storage/v1/object/public/covers/anime/Aq-6LxQT3FRavMQ3stXjs.webp
     ⏭️ Already exists: Wagnaria'!! Announcement Specials
     ⏭️ Already exists: Tezuka Osamu no Buddha: Akai Sabaku yo! Utsukushiku
     ⏭️ Already exists: Queen's Blade OVA
     ⏭️ Already exists: Suite Precure♪: Torimodose! Kokoro ga Tsunagu Kiseki no Melody♪
     ⏭️ Already exists: The Tibetan Dog
   📄 Year 2011 Page 5: 12 New, 23 Heal
[ImageService] Processing: https://s4.anilist.co/file/anilistcdn/media/anime/cover/medium/10074.jpg
[ImageService] Processing: https://s4.anilist.co/file/anilistcdn/media/anime/cover/medium/9393.jpg
[ImageService] Uploaded to: https://eivvjebsmxddrbbbnblr.supabase.co/storage/v1/object/public/covers/anime/z5ii2s_zQIyQ6G03a6nEA.webp
[ImageService] Uploaded to: https://eivvjebsmxddrbbbnblr.supabase.co/storage/v1/object/public/covers/anime/UpUuL3Xz3uq6aH5odX5Ge.webp
[ImageService] Processing: https://s4.anilist.co/file/anilistcdn/media/anime/cover/medium/9924.jpg
[ImageService] Processing: https://s4.anilist.co/file/anilistcdn/media/anime/cover/medium/10592.jpg
[ImageService] Uploaded to: https://eivvjebsmxddrbbbnblr.supabase.co/storage/v1/object/public/covers/anime/wZGuvaHSKtqYXnWgL3bqE.webp
[ImageService] Uploaded to: https://eivvjebsmxddrbbbnblr.supabase.co/storage/v1/object/public/covers/anime/4bFtQvRV8PnbDcnPl659_.webp
[ImageService] Processing: https://s4.anilist.co/file/anilistcdn/media/anime/cover/medium/10545.jpg
[ImageService] Uploaded to: https://eivvjebsmxddrbbbnblr.supabase.co/storage/v1/object/public/covers/anime/lS8NGVM4I69IqtY6xNuSi.webp
     ⏭️ Already exists: T.P. Sakura: Time Paladin Sakura
     ⏭️ Already exists: Shukufuku no Campanella (OVA)
     ⏭️ Already exists: Toriko 3D: Kaimaku Gourmet Adventure!!
[ImageService] Processing: https://s4.anilist.co/file/anilistcdn/media/anime/cover/medium/10406.jpg
[ImageService] Processing: https://s4.anilist.co/file/anilistcdn/media/anime/cover/medium/16718.jpg
[ImageService] Processing: https://s4.anilist.co/file/anilistcdn/media/anime/cover/medium/10859.jpg
[ImageService] Uploaded to: https://eivvjebsmxddrbbbnblr.supabase.co/storage/v1/object/public/covers/anime/rGw5-mJu6TmZhSshSTIvy.webp
[ImageService] Uploaded to: https://eivvjebsmxddrbbbnblr.supabase.co/storage/v1/object/public/covers/anime/gsMUD8y2y6FsqLVur3J6d.webp
[ImageService] Uploaded to: https://eivvjebsmxddrbbbnblr.supabase.co/storage/v1/object/public/covers/anime/x1JaRci_L1yFkhyD6Hy4t.webp
     ⏭️ Already exists: Scryed Alteration I: Tao
[ImageService] Processing: https://s4.anilist.co/file/anilistcdn/media/anime/cover/medium/12267.jpg
[ImageService] Uploaded to: https://eivvjebsmxddrbbbnblr.supabase.co/storage/v1/object/public/covers/anime/8fuBgDWM-z0jbzd9KUuvG.webp
     ⏭️ Already exists: The Epic of Zektbach
[ImageService] Processing: https://s4.anilist.co/file/anilistcdn/media/anime/cover/large/bx10346-LAXi8sJfE8q1.jpg
[ImageService] Uploaded to: https://eivvjebsmxddrbbbnblr.supabase.co/storage/v1/object/public/covers/anime/sZnrNXHLq4LVL-xh7Vfko.webp
     ⏭️ Already exists: Sorette♥Dakara ne!
     ⏭️ Already exists: SKET Dance: SD Character Flash Anime
[ImageService] Processing: https://s4.anilist.co/file/anilistcdn/media/anime/cover/large/bx10904-aOfbONJ7WG8U.jpg
     ⏭️ Already exists: Spelunker Is a Teacher
[ImageService] Uploaded to: https://eivvjebsmxddrbbbnblr.supabase.co/storage/v1/object/public/covers/anime/KD-AL2QuLxHYUzT7xvswt.webp
[ImageService] Processing: https://s4.anilist.co/file/anilistcdn/media/anime/cover/medium/10013.jpg
[ImageService] Uploaded to: https://eivvjebsmxddrbbbnblr.supabase.co/storage/v1/object/public/covers/anime/DtnrHmiyPYiozkMW3RQKf.webp
     ⏭️ Already exists: Treasure Hunting
     ⏭️ Already exists: Ring ni Kakero 1: Sekai Taikai-hen
     ⏭️ Already exists: Shouwa Monogatari (Movie)
     ⏭️ Already exists: Waza no Tabibito
   📄 Year 2011 Page 6: 4 New, 14 Heal
[ImageService] Processing: https://s4.anilist.co/file/anilistcdn/media/anime/cover/medium/b11789-Oko3mDr6owQ1.jpg
[ImageService] Uploaded to: https://eivvjebsmxddrbbbnblr.supabase.co/storage/v1/object/public/covers/anime/hw4g30Q4iiidxHGNU9fR_.webp
[ImageService] Processing: https://s4.anilist.co/file/anilistcdn/media/anime/cover/medium/11611.jpg
[ImageService] Uploaded to: https://eivvjebsmxddrbbbnblr.supabase.co/storage/v1/object/public/covers/anime/brf4ZKGIECQ4-aZTUMhcq.webp
[ImageService] Processing: https://s4.anilist.co/file/anilistcdn/media/anime/cover/medium/b119347-0CMXFrXci9u2.jpg
[ImageService] Processing: https://s4.anilist.co/file/anilistcdn/media/anime/cover/medium/13501.jpg
[ImageService] Uploaded to: https://eivvjebsmxddrbbbnblr.supabase.co/storage/v1/object/public/covers/anime/sw9Y6muL--bZYUbNyVDZP.webp
[ImageService] Uploaded to: https://eivvjebsmxddrbbbnblr.supabase.co/storage/v1/object/public/covers/anime/Ge3wLlMzdWO-7axyprH05.webp
     ⏭️ Already exists: Wish me mell
     ⏭️ Already exists: Tumulus Gal Coffy
     ⏭️ Already exists: Shuukan Shimakou Special
     ⏭️ Already exists: Potecco Babies (2011)

📅 Processing Year: 2010
   📄 Year 2010 Page 1: 13 New, 32 Heal
[ImageService] Processing: https://s4.anilist.co/file/anilistcdn/media/anime/cover/large/bx7785-aTjIhsYva8cJ.jpg
[ImageService] Processing: https://s4.anilist.co/file/anilistcdn/media/anime/cover/large/bx8769-Lat76qlOwdBN.jpg
[ImageService] Uploaded to: https://eivvjebsmxddrbbbnblr.supabase.co/storage/v1/object/public/covers/anime/X5Fkv-0D8DBhDzsYw4Xa9.webp
[ImageService] Uploaded to: https://eivvjebsmxddrbbbnblr.supabase.co/storage/v1/object/public/covers/anime/sSag-TX35exkvRqg7m-Lp.webp
[ImageService] Processing: https://s4.anilist.co/file/anilistcdn/media/anime/cover/large/bx7724-NwNnRsI34eDa.jpg
[ImageService] Processing: https://s4.anilist.co/file/anilistcdn/media/anime/cover/large/bx7311-9Mfc1YRHwCCW.jpg
[ImageService] Uploaded to: https://eivvjebsmxddrbbbnblr.supabase.co/storage/v1/object/public/covers/anime/yi3QdUqrh2OrZkdqZIt6S.webp
[ImageService] Uploaded to: https://eivvjebsmxddrbbbnblr.supabase.co/storage/v1/object/public/covers/anime/uUrCADGp2WQ9zqGAGqbOZ.webp
[ImageService] Processing: https://s4.anilist.co/file/anilistcdn/media/anime/cover/large/bx8525-chaE9kM2x0w4.png
[ImageService] Uploaded to: https://eivvjebsmxddrbbbnblr.supabase.co/storage/v1/object/public/covers/anime/Inh_SXBvgzmvT1Sef_TF3.webp
   ⚠️ Primary model refused "Oreimo". Switching to Grok...
     ⏭️ Already exists: Shiki
[ImageService] Processing: https://s4.anilist.co/file/anilistcdn/media/anime/cover/large/bx8795-485Q8MOYeMZx.png
[ImageService] Uploaded to: https://eivvjebsmxddrbbbnblr.supabase.co/storage/v1/object/public/covers/anime/n89_7Rt3JQLJrBe-oAONf.webp
     ⏭️ Already exists: The World God Only Knows
[ImageService] Processing: https://s4.anilist.co/file/anilistcdn/media/anime/cover/large/bx8675-5H2QSLvXA7bH.jpg
[ImageService] Uploaded to: https://eivvjebsmxddrbbbnblr.supabase.co/storage/v1/object/public/covers/anime/lWlEB-KJHPmVFy3UBuIdC.webp
     ⏭️ Already exists: The Disappearance of Haruhi Suzumiya
[ImageService] Processing: https://s4.anilist.co/file/anilistcdn/media/anime/cover/large/bx7711-IDDzqp6d3tQz.jpg
[ImageService] Uploaded to: https://eivvjebsmxddrbbbnblr.supabase.co/storage/v1/object/public/covers/anime/5qBz_1K5raAG-ePBJ6RJY.webp
     ⏭️ Already exists: Oreimo
     ⏭️ Already exists: The Tatami Galaxy
[ImageService] Processing: https://s4.anilist.co/file/anilistcdn/media/anime/cover/large/bx6956-Nxs7H25yHLNS.jpg
[ImageService] Processing: https://s4.anilist.co/file/anilistcdn/media/anime/cover/medium/b6114-pLPszMA7AxbD.jpg
[ImageService] Uploaded to: https://eivvjebsmxddrbbbnblr.supabase.co/storage/v1/object/public/covers/anime/4rNtH5wfbd2qiVBfswFXD.webp
[ImageService] Uploaded to: https://eivvjebsmxddrbbbnblr.supabase.co/storage/v1/object/public/covers/anime/5Ctoa1wTlBKE0OuQUqquD.webp
     ⏭️ Already exists: Panty & Stocking with Garterbelt
[ImageService] Processing: https://s4.anilist.co/file/anilistcdn/media/anime/cover/large/nx7817-6kYE5LRNoL97.jpg
[ImageService] Uploaded to: https://eivvjebsmxddrbbbnblr.supabase.co/storage/v1/object/public/covers/anime/M1FzwjcepxW_wl5pBnqNQ.webp
     ⏭️ Already exists: Seitokai Yakuindomo
[ImageService] Processing: https://s4.anilist.co/file/anilistcdn/media/anime/cover/large/bx8557-S9DplekRj7mo.png
[ImageService] Uploaded to: https://eivvjebsmxddrbbbnblr.supabase.co/storage/v1/object/public/covers/anime/GlTd4GU2VTSDVK5qxaJYA.webp
     ⏭️ Already exists: The Secret World of Arrietty
     ⏭️ Already exists: Rainbow
[ImageService] Processing: https://s4.anilist.co/file/anilistcdn/media/anime/cover/medium/6324.jpg
[ImageService] Uploaded to: https://eivvjebsmxddrbbbnblr.supabase.co/storage/v1/object/public/covers/anime/5ofVi01GHoZxXfvB1UXoD.webp
     ⏭️ Already exists: Wagnaria!!
     ⏭️ Already exists: Yamada's First Time: B Gata H Kei
     ⏭️ Already exists: Omamori Himari
     ⏭️ Already exists: Squid Girl
   📄 Year 2010 Page 2: 7 New, 3 Heal
[ImageService] Processing: https://s4.anilist.co/file/anilistcdn/media/anime/cover/large/bx6381-57sST6qDyFPD.jpg
[ImageService] Processing: https://s4.anilist.co/file/anilistcdn/media/anime/cover/large/bx6974-s0FIJwdvyXj9.jpg
[ImageService] Processing: https://s4.anilist.co/file/anilistcdn/media/anime/cover/large/bx8476-zqkDcM6hrqNy.jpg
[ImageService] Processing: https://s4.anilist.co/file/anilistcdn/media/anime/cover/large/bx7465-gBh82FNppI9h.png
[ImageService] Processing: https://s4.anilist.co/file/anilistcdn/media/anime/cover/medium/b8740-oZajT3brPn7b.jpg
[ImageService] Uploaded to: https://eivvjebsmxddrbbbnblr.supabase.co/storage/v1/object/public/covers/anime/Vw6oJDZUMbqMvSS0aRdkt.webp
[ImageService] Uploaded to: https://eivvjebsmxddrbbbnblr.supabase.co/storage/v1/object/public/covers/anime/z7p8vLSOW15UcVSCmtwOn.webp
[ImageService] Uploaded to: https://eivvjebsmxddrbbbnblr.supabase.co/storage/v1/object/public/covers/anime/T37NXzSLc8F_gax4lBqeB.webp
[ImageService] Uploaded to: https://eivvjebsmxddrbbbnblr.supabase.co/storage/v1/object/public/covers/anime/PUB4cr8VBA7ky2szS4ig_.webp
[ImageService] Uploaded to: https://eivvjebsmxddrbbbnblr.supabase.co/storage/v1/object/public/covers/anime/8e3DsgKPrHn1L1SMAHAEq.webp
     ⏭️ Already exists: ONE PIECE FILM: STRONG WORLD - EPISODE:0
[ImageService] Processing: https://s4.anilist.co/file/anilistcdn/media/anime/cover/large/bx6951-v1SyAUSXOJXD.png
[ImageService] Uploaded to: https://eivvjebsmxddrbbbnblr.supabase.co/storage/v1/object/public/covers/anime/e7Svf3n-4k9tgaaYwWDKL.webp
     ⏭️ Already exists: Time of Eve: The Movie
     ⏭️ Already exists: Zakuro
[ImageService] Processing: https://s4.anilist.co/file/anilistcdn/media/anime/cover/large/bx8449-N9gItjO6pnIY.jpg
[ImageService] Uploaded to: https://eivvjebsmxddrbbbnblr.supabase.co/storage/v1/object/public/covers/anime/kF8i2YNEkeaFbXtyUtj9_.webp
     ⏭️ Already exists: Strike Witches 2
     ⏭️ Already exists: Occult Academy
     ⏭️ Already exists: Yu-Gi-Oh! 3D: Bonds Beyond Time
     ⏭️ Already exists: Togainu no Chi
   📄 Year 2010 Page 3: 7 New, 6 Heal
[ImageService] Processing: https://s4.anilist.co/file/anilistcdn/media/anime/cover/large/bx6634-vIE3Zufsz2bP.png
[ImageService] Processing: https://s4.anilist.co/file/anilistcdn/media/anime/cover/large/bx7762-1UhSLygPfTdA.jpg
[ImageService] Processing: https://s4.anilist.co/file/anilistcdn/media/anime/cover/medium/9202.jpg
[ImageService] Processing: https://s4.anilist.co/file/anilistcdn/media/anime/cover/medium/b9441-aDGCs1ZD4rbG.jpg
[ImageService] Processing: https://s4.anilist.co/file/anilistcdn/media/anime/cover/medium/n9608-iwTJASBYxkd4.png
[ImageService] Uploaded to: https://eivvjebsmxddrbbbnblr.supabase.co/storage/v1/object/public/covers/anime/6UXfJRvF6idin9BPhuX_4.webp
[ImageService] Uploaded to: https://eivvjebsmxddrbbbnblr.supabase.co/storage/v1/object/public/covers/anime/iU8Ll8lL1t_hrlQws4AvQ.webp
[ImageService] Uploaded to: https://eivvjebsmxddrbbbnblr.supabase.co/storage/v1/object/public/covers/anime/4uCWBLS4ylnf2Jt5Zy0yB.webp
[ImageService] Uploaded to: https://eivvjebsmxddrbbbnblr.supabase.co/storage/v1/object/public/covers/anime/hKBXwCGCORyYcnUrNNrqS.webp
[ImageService] Uploaded to: https://eivvjebsmxddrbbbnblr.supabase.co/storage/v1/object/public/covers/anime/rTTFQv2d_8QQxNHFSYZeN.webp
     ⏭️ Already exists: Yondemasu yo, Azazel-san.
     ⏭️ Already exists: Yuri Seijin Naoko-san
     ⏭️ Already exists: Sengoku Basara: Samurai Kings 2
     ⏭️ Already exists: Yumeiro Patissiere SP Professional
[ImageService] Processing: https://s4.anilist.co/file/anilistcdn/media/anime/cover/large/bx5719-OTh1GWaiTfLU.png
[ImageService] Uploaded to: https://eivvjebsmxddrbbbnblr.supabase.co/storage/v1/object/public/covers/anime/k0kj-RuoWl3Mh4PcPpu9G.webp
[ImageService] Processing: https://s4.anilist.co/file/anilistcdn/media/anime/cover/large/bx8057-C3YcDrZMJFfz.jpg
[ImageService] Uploaded to: https://eivvjebsmxddrbbbnblr.supabase.co/storage/v1/object/public/covers/anime/gxp0g0qW7Q7u92BxWKpus.webp
     ⏭️ Already exists: Seikon no Qwaser: Jotei no Shouzou
     ⏭️ Already exists: Shin Koihime Musou: Otome Tairan
     ⏭️ Already exists: SEX PISTOLS
   📄 Year 2010 Page 4: 7 New, 24 Heal
[ImageService] Processing: https://s4.anilist.co/file/anilistcdn/media/anime/cover/medium/9159.jpg
[ImageService] Uploaded to: https://eivvjebsmxddrbbbnblr.supabase.co/storage/v1/object/public/covers/anime/2RYE9k8gt6IXCiSEK6L_c.webp
[ImageService] Processing: https://s4.anilist.co/file/anilistcdn/media/anime/cover/medium/8206.jpg
[ImageService] Uploaded to: https://eivvjebsmxddrbbbnblr.supabase.co/storage/v1/object/public/covers/anime/47CfQWY8okmOpGbHAQh7U.webp
[ImageService] Processing: https://s4.anilist.co/file/anilistcdn/media/anime/cover/medium/7745.jpg
[ImageService] Uploaded to: https://eivvjebsmxddrbbbnblr.supabase.co/storage/v1/object/public/covers/anime/qJ3I9wpodFOtjHLCU8U-i.webp
[ImageService] Processing: https://s4.anilist.co/file/anilistcdn/media/anime/cover/medium/8297.jpg
[ImageService] Processing: https://s4.anilist.co/file/anilistcdn/media/anime/cover/large/bx8134-mXWFfToczIbd.jpg
[ImageService] Uploaded to: https://eivvjebsmxddrbbbnblr.supabase.co/storage/v1/object/public/covers/anime/Hqz5M-dHYjm_7_s_21R4b.webp
[ImageService] Uploaded to: https://eivvjebsmxddrbbbnblr.supabase.co/storage/v1/object/public/covers/anime/qyfiJbb0_ov3xm2P0XBd1.webp
     ⏭️ Already exists: Spellbound! Magical Princess Lilpri
     ⏭️ Already exists: Planzet
[ImageService] Processing: https://s4.anilist.co/file/anilistcdn/media/anime/cover/medium/8538.jpg
[ImageService] Uploaded to: https://eivvjebsmxddrbbbnblr.supabase.co/storage/v1/object/public/covers/anime/kWYPVE36fAJStfJz_Cx8H.webp
[ImageService] Processing: https://s4.anilist.co/file/anilistcdn/media/anime/cover/medium/8706.jpg
[ImageService] Uploaded to: https://eivvjebsmxddrbbbnblr.supabase.co/storage/v1/object/public/covers/anime/F4VzE9GQSV96SSaPNVpyX.webp
     ⏭️ Already exists: Zettai Karen Children OVA: Aitazousei! Ubawareta Mirai?
     ⏭️ Already exists: Princess Resurrection (OVA)
     ⏭️ Already exists: Sergeant Keroro: The Super Duper Movie 5
     ⏭️ Already exists: The Best!! Extremely Cool Student Council President Second Collection
     ⏭️ Already exists: SOS TV Walpurgis Night Fever
   📄 Year 2010 Page 5: 11 New, 25 Heal
[ImageService] Processing: https://s4.anilist.co/file/anilistcdn/media/anime/cover/medium/9127.jpg
[ImageService] Processing: https://s4.anilist.co/file/anilistcdn/media/anime/cover/medium/98208-JqpxOWZGZLQL.jpg
[ImageService] Processing: https://s4.anilist.co/file/anilistcdn/media/anime/cover/medium/9566.jpg
[ImageService] Uploaded to: https://eivvjebsmxddrbbbnblr.supabase.co/storage/v1/object/public/covers/anime/d7YJv2J45f8-fNMQvq6NS.webp
[ImageService] Uploaded to: https://eivvjebsmxddrbbbnblr.supabase.co/storage/v1/object/public/covers/anime/-lSld5EoICCmv0WbQOzmz.webp
[ImageService] Processing: https://s4.anilist.co/file/anilistcdn/media/anime/cover/medium/12135.jpg
[ImageService] Uploaded to: https://eivvjebsmxddrbbbnblr.supabase.co/storage/v1/object/public/covers/anime/G5TzbPuI-sga5a1IdEmow.webp
[ImageService] Uploaded to: https://eivvjebsmxddrbbbnblr.supabase.co/storage/v1/object/public/covers/anime/KJ6lXP_bN44UEip3s8j6k.webp
[ImageService] Processing: https://s4.anilist.co/file/anilistcdn/media/anime/cover/medium/9794.jpg
[ImageService] Uploaded to: https://eivvjebsmxddrbbbnblr.supabase.co/storage/v1/object/public/covers/anime/ZXI4lJsc0EL3aRgrxG1Rl.webp
     ⏭️ Already exists: Ra/Radio Noise*Planet
[ImageService] Processing: https://s4.anilist.co/file/anilistcdn/media/anime/cover/medium/9973.jpg
     ⏭️ Already exists: Umi kara no Shisha
[ImageService] Uploaded to: https://eivvjebsmxddrbbbnblr.supabase.co/storage/v1/object/public/covers/anime/IIyVRU8JShZiZUyta8o3V.webp
[ImageService] Processing: https://s4.anilist.co/file/anilistcdn/media/anime/cover/medium/8958.jpg
[ImageService] Uploaded to: https://eivvjebsmxddrbbbnblr.supabase.co/storage/v1/object/public/covers/anime/lY58GBkntu376EjoG3EwR.webp
     ⏭️ Already exists: Tono to Issho 1.5
[ImageService] Processing: https://s4.anilist.co/file/anilistcdn/media/anime/cover/medium/b121835-f8XIMjaSe8bH.jpg
[ImageService] Uploaded to: https://eivvjebsmxddrbbbnblr.supabase.co/storage/v1/object/public/covers/anime/_9DAESiEkBWDmZq04TMQe.webp
     ⏭️ Already exists: Wake up!! TAMALA
[ImageService] Processing: https://s4.anilist.co/file/anilistcdn/media/anime/cover/medium/b126880-zDxcZ9MzmIrW.jpg
[ImageService] Uploaded to: https://eivvjebsmxddrbbbnblr.supabase.co/storage/v1/object/public/covers/anime/TTMkSZoIJzyF66xzBp5AC.webp
     ⏭️ Already exists: Zettai Karen Children Gentei Kaikin!! OVA Chou Sakidori Special!!
[ImageService] Processing: https://s4.anilist.co/file/anilistcdn/media/anime/cover/medium/9562.jpg
[ImageService] Uploaded to: https://eivvjebsmxddrbbbnblr.supabase.co/storage/v1/object/public/covers/anime/jEQvLU-uN_13-xRiDeFk7.webp
     ⏭️ Already exists: Sugar Bunnies Fleur OVA
     ⏭️ Already exists: Sore Ike! Anpanman: Hashire! Wakuwaku Anpanman Grand Prix
[ImageService] Processing: https://s4.anilist.co/file/anilistcdn/media/anime/cover/medium/9536.jpg
[ImageService] Uploaded to: https://eivvjebsmxddrbbbnblr.supabase.co/storage/v1/object/public/covers/anime/XE_3i5EjZBna9LtYIX8J-.webp
     ⏭️ Already exists: Tachumaru Gekijou
     ⏭️ Already exists: Potekko Babies
     ⏭️ Already exists: Pleasant Goat and Big Big Wolf: The Tiger Prowess
     ⏭️ Already exists: Robin with his 100 Friends
.
📅 Processing Year: 2009
   📄 Year 2009 Page 1: 16 New, 26 Heal
[ImageService] Processing: https://s4.anilist.co/file/anilistcdn/media/anime/cover/large/bx5681-3DmxUVn3grD0.jpg
[ImageService] Processing: https://s4.anilist.co/file/anilistcdn/media/anime/cover/large/bx4382-ojMWjGFfJFmN.png
[ImageService] Processing: https://s4.anilist.co/file/anilistcdn/media/anime/cover/large/bx6675-NF4tFzAxSjkj.png
[ImageService] Processing: https://s4.anilist.co/file/anilistcdn/media/anime/cover/large/bx5341-gyp5OZ1NYPxi.jpg
[ImageService] Uploaded to: https://eivvjebsmxddrbbbnblr.supabase.co/storage/v1/object/public/covers/anime/_18Ktf90vF7tNJ7v8Imzu.webp
[ImageService] Uploaded to: https://eivvjebsmxddrbbbnblr.supabase.co/storage/v1/object/public/covers/anime/4_NSNk9FctuXY0vsTDboS.webp
[ImageService] Uploaded to: https://eivvjebsmxddrbbbnblr.supabase.co/storage/v1/object/public/covers/anime/DMiZxVlS0iKSSoa_jUQme.webp
[ImageService] Uploaded to: https://eivvjebsmxddrbbbnblr.supabase.co/storage/v1/object/public/covers/anime/NDBHHLCX6ei2DL6lVJ5F1.webp
[ImageService] Processing: https://s4.anilist.co/file/anilistcdn/media/anime/cover/large/bx5530-ukD9JNrN47aA.jpg
[ImageService] Uploaded to: https://eivvjebsmxddrbbbnblr.supabase.co/storage/v1/object/public/covers/anime/3VSyvXb_UT2D4jtj9wo_z.webp
     ⏭️ Already exists: Redline
[ImageService] Processing: https://s4.anilist.co/file/anilistcdn/media/anime/cover/large/bx6211-2MCqBUXvmBdB.png
[ImageService] Uploaded to: https://eivvjebsmxddrbbbnblr.supabase.co/storage/v1/object/public/covers/anime/cjKR6LfgzpqGMVEqwbS6h.webp
     ⏭️ Already exists: Spice and Wolf II
[ImageService] Processing: https://s4.anilist.co/file/anilistcdn/media/anime/cover/large/bx4155-P5TDf6t6qFwX.png
[ImageService] Uploaded to: https://eivvjebsmxddrbbbnblr.supabase.co/storage/v1/object/public/covers/anime/G3CY6Fn_oErDfUWbskYXJ.webp
     ⏭️ Already exists: Summer Wars
     ⏭️ Already exists: The Melancholy of Haruhi Suzumiya (2009)
     ⏭️ Already exists: PandoraHearts
[ImageService] Processing: https://s4.anilist.co/file/anilistcdn/media/anime/cover/large/bx3652-Q9wylyMoNZBc.png
[ImageService] Processing: https://s4.anilist.co/file/anilistcdn/media/anime/cover/large/bx6007-jg9Jtl8Opqy2.jpg
[ImageService] Uploaded to: https://eivvjebsmxddrbbbnblr.supabase.co/storage/v1/object/public/covers/anime/xZ_Gyd_eQr2IIG5aMvrl9.webp
[ImageService] Processing: https://s4.anilist.co/file/anilistcdn/media/anime/cover/large/bx4896-q6l4Bq4ly0tw.jpg
[ImageService] Uploaded to: https://eivvjebsmxddrbbbnblr.supabase.co/storage/v1/object/public/covers/anime/CyQR41XmQgazcH2ofgzCG.webp
[ImageService] Uploaded to: https://eivvjebsmxddrbbbnblr.supabase.co/storage/v1/object/public/covers/anime/OTBLeVyil6VkJ-kmWs5oy.webp
     ⏭️ Already exists: Tokyo Magnitude 8.0
[ImageService] Processing: https://s4.anilist.co/file/anilistcdn/media/anime/cover/large/bx5909-cqlzezmvzLWa.png
[ImageService] Uploaded to: https://eivvjebsmxddrbbbnblr.supabase.co/storage/v1/object/public/covers/anime/F8E-AgpH9hyPvcoAfbA2t.webp
     ⏭️ Already exists: One Piece Film: Strong World
[ImageService] Processing: https://s4.anilist.co/file/anilistcdn/media/anime/cover/medium/b5667-CoLrg1dTE6h7.jpg
[ImageService] Uploaded to: https://eivvjebsmxddrbbbnblr.supabase.co/storage/v1/object/public/covers/anime/HAgYpzeqvpI0qvnsHYkLn.webp
     ⏭️ Already exists: Spice and Wolf II: Wolf and the Amber Melancholy
[ImageService] Processing: https://s4.anilist.co/file/anilistcdn/media/anime/cover/large/bx5781-35eEKnvpvri8.jpg
[ImageService] Uploaded to: https://eivvjebsmxddrbbbnblr.supabase.co/storage/v1/object/public/covers/anime/oEks3WnASQbMHz5WKKXGB.webp
     ⏭️ Already exists: Umineko: When They Cry
     ⏭️ Already exists: When They Cry Rei
[ImageService] Processing: https://s4.anilist.co/file/anilistcdn/media/anime/cover/medium/5940.jpg
[ImageService] Processing: https://s4.anilist.co/file/anilistcdn/media/anime/cover/medium/4999.jpg
[ImageService] Uploaded to: https://eivvjebsmxddrbbbnblr.supabase.co/storage/v1/object/public/covers/anime/sh0IuLJmK8rEcubcymWvZ.webp
[ImageService] Uploaded to: https://eivvjebsmxddrbbbnblr.supabase.co/storage/v1/object/public/covers/anime/dP1X4aM03KbnX-MfoytkG.webp
     ⏭️ Already exists: Student Council's Discretion
[ImageService] Processing: https://s4.anilist.co/file/anilistcdn/media/anime/cover/large/bx4720-5wuPkrYXAyMV.jpg
[ImageService] Uploaded to: https://eivvjebsmxddrbbbnblr.supabase.co/storage/v1/object/public/covers/anime/1G8xyG0L_mjDxVzUW7J7n.webp
     ⏭️ Already exists: Tenchi Muyo! War on Geminar
     ⏭️ Already exists: To LOVE-Ru OVA
     ⏭️ Already exists: The Sacred Blacksmith
     ⏭️ Already exists: Samurai Harem
     ⏭️ Already exists: White Album
   📄 Year 2009 Page 2: 24 New, 2 Heal
[ImageService] Processing: https://s4.anilist.co/file/anilistcdn/media/anime/cover/large/bx6377-E2y1UvId2N4t.png
[ImageService] Processing: https://s4.anilist.co/file/anilistcdn/media/anime/cover/large/bx5355-TGrgtbiJ5zlH.png
[ImageService] Processing: https://s4.anilist.co/file/anilistcdn/media/anime/cover/large/bx6774-9yybYg3VePJU.png
[ImageService] Processing: https://s4.anilist.co/file/anilistcdn/media/anime/cover/medium/b6178-QtPWVxYMR2V5.png
[ImageService] Processing: https://s4.anilist.co/file/anilistcdn/media/anime/cover/large/nx6164-xbfgW90cKuxo.jpg
[ImageService] Uploaded to: https://eivvjebsmxddrbbbnblr.supabase.co/storage/v1/object/public/covers/anime/v-n4ivnen7lgPSn9WB7a7.webp
[ImageService] Uploaded to: https://eivvjebsmxddrbbbnblr.supabase.co/storage/v1/object/public/covers/anime/ywJTY_aTD_4qlXebg965w.webp
[ImageService] Uploaded to: https://eivvjebsmxddrbbbnblr.supabase.co/storage/v1/object/public/covers/anime/Ztdpf9dBYxqIi6Z5KB2no.webp
[ImageService] Uploaded to: https://eivvjebsmxddrbbbnblr.supabase.co/storage/v1/object/public/covers/anime/sE0pBqFeYcHUNrIzTowdL.webp
[ImageService] Uploaded to: https://eivvjebsmxddrbbbnblr.supabase.co/storage/v1/object/public/covers/anime/5BpQp_mU27MSTTBbePC0m.webp
     ⏭️ Already exists: Zan Sayonara Zetsubou Sensei
[ImageService] Processing: https://s4.anilist.co/file/anilistcdn/media/anime/cover/large/bx5671-XVYut4FxhrLQ.png
[ImageService] Uploaded to: https://eivvjebsmxddrbbbnblr.supabase.co/storage/v1/object/public/covers/anime/j8qlACZ-tBlAtc-fUqXZF.webp
     ⏭️ Already exists: Sweet Blue Flowers
     ⏭️ Already exists: Pokémon: Arceus and the Jewel of Life
     ⏭️ Already exists: Welcome to Irabu's Office
[ImageService] Processing: https://s4.anilist.co/file/anilistcdn/media/anime/cover/large/nx5507-t2Y938ikcLBa.jpg
[ImageService] Processing: https://s4.anilist.co/file/anilistcdn/media/anime/cover/large/bx4719-je2iLM7t0jsd.jpg
[ImageService] Processing: https://s4.anilist.co/file/anilistcdn/media/anime/cover/large/bx6203-9eEIo87h3B5Z.png
[ImageService] Uploaded to: https://eivvjebsmxddrbbbnblr.supabase.co/storage/v1/object/public/covers/anime/zKKM47Cq0wWzR5lp0PH2u.webp
[ImageService] Uploaded to: https://eivvjebsmxddrbbbnblr.supabase.co/storage/v1/object/public/covers/anime/YPdgugUKYGOseph5P7XxP.webp
[ImageService] Uploaded to: https://eivvjebsmxddrbbbnblr.supabase.co/storage/v1/object/public/covers/anime/v4HliCKJypZJ0wSxh6Yp0.webp
     ⏭️ Already exists: Sengoku Basara: Samurai Kings
[ImageService] Processing: https://s4.anilist.co/file/anilistcdn/media/anime/cover/medium/b6171-DO60x2e7jEjg.png
[ImageService] Uploaded to: https://eivvjebsmxddrbbbnblr.supabase.co/storage/v1/object/public/covers/anime/WgCJ9-nksyOU7NOTO_lzL.webp
     ⏭️ Already exists: Whispered Words
     ⏭️ Already exists: Saki
[ImageService] Processing: https://s4.anilist.co/file/anilistcdn/media/anime/cover/large/bx5118-aYzs5cWmGCVJ.png
[ImageService] Processing: https://s4.anilist.co/file/anilistcdn/media/anime/cover/large/bx6572-bk3feyozmCZf.png
[ImageService] Uploaded to: https://eivvjebsmxddrbbbnblr.supabase.co/storage/v1/object/public/covers/anime/MHA58C-2jP-toY1M-GI3p.webp
[ImageService] Uploaded to: https://eivvjebsmxddrbbbnblr.supabase.co/storage/v1/object/public/covers/anime/2YMPFeZ7LTiTXlvEXyR2m.webp
     ⏭️ Already exists: Valkyria Chronicles
[ImageService] Processing: https://s4.anilist.co/file/anilistcdn/media/anime/cover/medium/6586.jpg
     ⏭️ Already exists: Queen's Blade: The Exiled Virgin
[ImageService] Processing: https://s4.anilist.co/file/anilistcdn/media/anime/cover/large/bx6758-bz1YciKeE07v.jpg
[ImageService] Uploaded to: https://eivvjebsmxddrbbbnblr.supabase.co/storage/v1/object/public/covers/anime/j2u4loAZiu6U9FjMEMgFo.webp
[ImageService] Uploaded to: https://eivvjebsmxddrbbbnblr.supabase.co/storage/v1/object/public/covers/anime/_lOj1kZmScK9KmJ5ZLSMj.webp
     ⏭️ Already exists: Saint Seiya: The Lost Canvas
[ImageService] Processing: https://s4.anilist.co/file/anilistcdn/media/anime/cover/large/bx3594-lJUt5oZUa17a.jpg
[ImageService] Uploaded to: https://eivvjebsmxddrbbbnblr.supabase.co/storage/v1/object/public/covers/anime/19hK13MjJa6SSLgLsN9eQ.webp
     ⏭️ Already exists: The Melancholy of Haruhi-chan Suzumiya
[ImageService] Processing: https://s4.anilist.co/file/anilistcdn/media/anime/cover/large/bx5220-PiBRf6OEYqki.jpg
[ImageService] Uploaded to: https://eivvjebsmxddrbbbnblr.supabase.co/storage/v1/object/public/covers/anime/lTyGw-7GrMCIXHnPYwBje.webp
     ⏭️ Already exists: The Book of Bantorra
[ImageService] Processing: https://s4.anilist.co/file/anilistcdn/media/anime/cover/large/bx7082-rAP8yIsUcj89.png
[ImageService] Uploaded to: https://eivvjebsmxddrbbbnblr.supabase.co/storage/v1/object/public/covers/anime/28G-DLbSRS3kx3ltC4vgH.webp
     ⏭️ Already exists: Shakugan no Shana S
[ImageService] Processing: https://s4.anilist.co/file/anilistcdn/media/anime/cover/medium/4918.jpg
[ImageService] Uploaded to: https://eivvjebsmxddrbbbnblr.supabase.co/storage/v1/object/public/covers/anime/xNHID4Rmh-025IlY1tPee.webp
     ⏭️ Already exists: Yumeiro Patissiere
[ImageService] Processing: https://s4.anilist.co/file/anilistcdn/media/anime/cover/large/bx5734-HaegyErRLtXd.png
[ImageService] Uploaded to: https://eivvjebsmxddrbbbnblr.supabase.co/storage/v1/object/public/covers/anime/phtnoQsEUBRg9Pzl7Rsdl.webp
     ⏭️ Already exists: Tears to Tiara
[ImageService] Processing: https://s4.anilist.co/file/anilistcdn/media/anime/cover/large/bx4726-jdANq6sGjol8.png
[ImageService] Uploaded to: https://eivvjebsmxddrbbbnblr.supabase.co/storage/v1/object/public/covers/anime/YvENKbIg_DjYWYoGde5OJ.webp
     ⏭️ Already exists: Shangri-la
[ImageService] Processing: https://s4.anilist.co/file/anilistcdn/media/anime/cover/medium/6165.jpg
[ImageService] Uploaded to: https://eivvjebsmxddrbbbnblr.supabase.co/storage/v1/object/public/covers/anime/W1CWfM5IhwtpGig5IaAUX.webp
     ⏭️ Already exists: Shugo Chara! Party!
[ImageService] Processing: https://s4.anilist.co/file/anilistcdn/media/anime/cover/large/bx5984-xUyb6AQ4dzei.png
[ImageService] Uploaded to: https://eivvjebsmxddrbbbnblr.supabase.co/storage/v1/object/public/covers/anime/AwUUUioKwagDKRcc0zWEE.webp
     ⏭️ Already exists: xxxHOLiC Shunmuki
[ImageService] Processing: https://s4.anilist.co/file/anilistcdn/media/anime/cover/large/bx7044-tFcFVLq3OXWv.png
[ImageService] Uploaded to: https://eivvjebsmxddrbbbnblr.supabase.co/storage/v1/object/public/covers/anime/cG2X-v2gEhdWZJ9m9zkOi.webp
     ⏭️ Already exists: Tayutama: Kiss on my Deity
[ImageService] Processing: https://s4.anilist.co/file/anilistcdn/media/anime/cover/medium/6633.jpg
[ImageService] Uploaded to: https://eivvjebsmxddrbbbnblr.supabase.co/storage/v1/object/public/covers/anime/zT6UChZK_ZmF-ec6nDbUx.webp
     ⏭️ Already exists: Ristorante Paradiso
     ⏭️ Already exists: Tower of Druaga: The Sword of Uruk
     ⏭️ Already exists: Queen's Blade 2: The Evil Eye
     ⏭️ Already exists: Zan Sayonara Zetsubou Sensei Bangaichi
     ⏭️ Already exists: WHITE ALBUM 2nd Season
   📄 Year 2009 Page 3: 16 New, 6 Heal
[ImageService] Processing: https://s4.anilist.co/file/anilistcdn/media/anime/cover/large/bx6046-GtrSejqGl8fG.jpg
[ImageService] Processing: https://s4.anilist.co/file/anilistcdn/media/anime/cover/medium/b4618-vkqtWWfcW3ey.png
[ImageService] Processing: https://s4.anilist.co/file/anilistcdn/media/anime/cover/medium/4938.jpg
[ImageService] Processing: https://s4.anilist.co/file/anilistcdn/media/anime/cover/large/bx6172-ppyKvgITQSgT.png
[ImageService] Uploaded to: https://eivvjebsmxddrbbbnblr.supabase.co/storage/v1/object/public/covers/anime/_8EYC-MutUdU0vHpxftgS.webp
[ImageService] Uploaded to: https://eivvjebsmxddrbbbnblr.supabase.co/storage/v1/object/public/covers/anime/3a9rSCSAHR8rDV5B_Mk2a.webp
[ImageService] Uploaded to: https://eivvjebsmxddrbbbnblr.supabase.co/storage/v1/object/public/covers/anime/hdEGJ0iCyHm8AtyUKxN4k.webp
[ImageService] Processing: https://s4.anilist.co/file/anilistcdn/media/anime/cover/medium/b5702-449RdrqsHnK4.jpg
[ImageService] Uploaded to: https://eivvjebsmxddrbbbnblr.supabase.co/storage/v1/object/public/covers/anime/Y_r7iHXU8P_CiKFIKQODO.webp
[ImageService] Uploaded to: https://eivvjebsmxddrbbbnblr.supabase.co/storage/v1/object/public/covers/anime/Z16ADADIaEyXtCyR5g98N.webp
     ⏭️ Already exists: RideBack
[ImageService] Processing: https://s4.anilist.co/file/anilistcdn/media/anime/cover/medium/5957.jpg
[ImageService] Uploaded to: https://eivvjebsmxddrbbbnblr.supabase.co/storage/v1/object/public/covers/anime/5K_YDz_gteirouAwAQg5S.webp
     ⏭️ Already exists: Tsubasa: Spring Thunder Chronicles
[ImageService] Processing: https://s4.anilist.co/file/anilistcdn/media/anime/cover/large/bx4811-7mizpFG0hlcv.png
[ImageService] Uploaded to: https://eivvjebsmxddrbbbnblr.supabase.co/storage/v1/object/public/covers/anime/_gKMRdk6JKCGc4DppCcfN.webp
     ⏭️ Already exists: Tales of Vesperia: The First Strike
     ⏭️ Already exists: Professor Layton and the Eternal Diva
[ImageService] Processing: https://s4.anilist.co/file/anilistcdn/media/anime/cover/large/bx6129-CNxG6wfFYbj8.jpg
[ImageService] Processing: https://s4.anilist.co/file/anilistcdn/media/anime/cover/large/bx5307-4SpesUsU7y7m.jpg
[ImageService] Uploaded to: https://eivvjebsmxddrbbbnblr.supabase.co/storage/v1/object/public/covers/anime/zR77mYT5DM7qA7WWAePUG.webp
[ImageService] Uploaded to: https://eivvjebsmxddrbbbnblr.supabase.co/storage/v1/object/public/covers/anime/kKiIuRHle_2koUPnbPB0f.webp
     ⏭️ Already exists: Sora wo Miageru Shoujo no Hitomi ni Utsuru Sekai
[ImageService] Processing: https://s4.anilist.co/file/anilistcdn/media/anime/cover/large/bx5141-hpG41JCcJE8j.png
[ImageService] Uploaded to: https://eivvjebsmxddrbbbnblr.supabase.co/storage/v1/object/public/covers/anime/Q7_DgLZ6AYlN81rY7KslC.webp
     ⏭️ Already exists: The Girl Who Leapt Through Space
[ImageService] Processing: https://s4.anilist.co/file/anilistcdn/media/anime/cover/large/bx6112-aGcloi78aENl.jpg
     ⏭️ Already exists: Strawberry Marshmallow Encore
[ImageService] Uploaded to: https://eivvjebsmxddrbbbnblr.supabase.co/storage/v1/object/public/covers/anime/qeR7GRt3zl73LRbk-qfX3.webp
[ImageService] Processing: https://s4.anilist.co/file/anilistcdn/media/anime/cover/large/bx5233-k8mwLNWegjJ4.png
[ImageService] Uploaded to: https://eivvjebsmxddrbbbnblr.supabase.co/storage/v1/object/public/covers/anime/2xf-GLQfHtWvzpzE1yM2U.webp
     ⏭️ Already exists: Taisho Baseball Girls
[ImageService] Processing: https://s4.anilist.co/file/anilistcdn/media/anime/cover/large/bx6162-L7G1krTeyWpx.jpg
[ImageService] Uploaded to: https://eivvjebsmxddrbbbnblr.supabase.co/storage/v1/object/public/covers/anime/emi8A4JVOCleEqU8wq3J9.webp
     ⏭️ Already exists: Umi Monogatari
[ImageService] Processing: https://s4.anilist.co/file/anilistcdn/media/anime/cover/large/bx3593-lrUl1POvVtKT.png
[ImageService] Uploaded to: https://eivvjebsmxddrbbbnblr.supabase.co/storage/v1/object/public/covers/anime/SRa_LNC4qqouP_rMeg3Qm.webp
     ⏭️ Already exists: Nyoron! Churuya-san
[ImageService] Processing: https://s4.anilist.co/file/anilistcdn/media/anime/cover/large/bx5504-J1b4makJQq8n.jpg
[ImageService] Uploaded to: https://eivvjebsmxddrbbbnblr.supabase.co/storage/v1/object/public/covers/anime/EPnOOhuCqJqgiO_5Hdg-z.webp
     ⏭️ Already exists: The Slayers Evolution-R
[ImageService] Processing: https://s4.anilist.co/file/anilistcdn/media/anime/cover/large/bx4189-dz9jdVftpAxr.png
[ImageService] Uploaded to: https://eivvjebsmxddrbbbnblr.supabase.co/storage/v1/object/public/covers/anime/qHcDtwmWhCGKFgNIFChpE.webp
     ⏭️ Already exists: Shin Koihime Musou
     ⏭️ Already exists: Polyphonica Crimson S
     ⏭️ Already exists: Utawarerumono OVA
     ⏭️ Already exists: TAILENDERS
     ⏭️ Already exists: Winter Sonata
   📄 Year 2009 Page 4: 19 New, 12 Heal
[ImageService] Processing: https://s4.anilist.co/file/anilistcdn/media/anime/cover/medium/10384.jpg
[ImageService] Processing: https://s4.anilist.co/file/anilistcdn/media/anime/cover/large/bx5751-JesSCzrB9xeg.png
[ImageService] Processing: https://s4.anilist.co/file/anilistcdn/media/anime/cover/large/bx5753-Ml3W5o1JlDV1.png
[ImageService] Uploaded to: https://eivvjebsmxddrbbbnblr.supabase.co/storage/v1/object/public/covers/anime/NkqRk38Jf62yVm3PZd6GI.webp
[ImageService] Uploaded to: https://eivvjebsmxddrbbbnblr.supabase.co/storage/v1/object/public/covers/anime/53MQvwiLMe-2C3BpBopKK.webp
[ImageService] Processing: https://s4.anilist.co/file/anilistcdn/media/anime/cover/large/nx5998-Ivtm7ENLXRKR.jpg
[ImageService] Uploaded to: https://eivvjebsmxddrbbbnblr.supabase.co/storage/v1/object/public/covers/anime/sgikBrIWf1hIYCX8vZ-N-.webp
[ImageService] Processing: https://s4.anilist.co/file/anilistcdn/media/anime/cover/large/bx5505-TuQSJ9wwhvpF.jpg
[ImageService] Uploaded to: https://eivvjebsmxddrbbbnblr.supabase.co/storage/v1/object/public/covers/anime/laIJSa40yH7Mo6ms7jD_B.webp
[ImageService] Uploaded to: https://eivvjebsmxddrbbbnblr.supabase.co/storage/v1/object/public/covers/anime/dP1irPnYebJdjvlWwUViB.webp
     ⏭️ Already exists: Tennis no Ouji-sama OVA ANOTHER STORY: Kako to Mirai no Message
     ⏭️ Already exists: Precure All Stars DX: Minna Tomodachi☆Kiseki no Zenin Daishuugou!
[ImageService] Processing: https://s4.anilist.co/file/anilistcdn/media/anime/cover/medium/b6148-b1gpBGQUfEUk.png
[ImageService] Processing: https://s4.anilist.co/file/anilistcdn/media/anime/cover/medium/7770.jpg
[ImageService] Uploaded to: https://eivvjebsmxddrbbbnblr.supabase.co/storage/v1/object/public/covers/anime/dCa_h7jozxCKizvPteWXb.webp
     ⏭️ Already exists: Sono Hanabira ni Kuchizuke wo: Reo x Mai Diaries
[ImageService] Uploaded to: https://eivvjebsmxddrbbbnblr.supabase.co/storage/v1/object/public/covers/anime/EVxi6U2UJyL-ffDKUKPQJ.webp
[ImageService] Processing: https://s4.anilist.co/file/anilistcdn/media/anime/cover/medium/6169.jpg
[ImageService] Uploaded to: https://eivvjebsmxddrbbbnblr.supabase.co/storage/v1/object/public/covers/anime/V50xWFN6h14IL6zxIMk5R.webp
     ⏭️ Already exists: Oblivion Island: Haruka and the Magic Mirror
[ImageService] Processing: https://s4.anilist.co/file/anilistcdn/media/anime/cover/medium/5369.jpg
[ImageService] Uploaded to: https://eivvjebsmxddrbbbnblr.supabase.co/storage/v1/object/public/covers/anime/lA8xxWelkJfYdzDOKb3YH.webp
     ⏭️ Already exists: Viper's Creed
[ImageService] Processing: https://s4.anilist.co/file/anilistcdn/media/anime/cover/medium/6117.jpg
[ImageService] Uploaded to: https://eivvjebsmxddrbbbnblr.supabase.co/storage/v1/object/public/covers/anime/tCFS8PlaCy-t6pZcmo9Uw.webp
     ⏭️ Already exists: Yutori-chan
     ⏭️ Already exists: Yurumates
[ImageService] Processing: https://s4.anilist.co/file/anilistcdn/media/anime/cover/medium/6985.jpg
[ImageService] Processing: https://s4.anilist.co/file/anilistcdn/media/anime/cover/large/bx4804-n2lNkuD9CAAU.jpg
[ImageService] Uploaded to: https://eivvjebsmxddrbbbnblr.supabase.co/storage/v1/object/public/covers/anime/VHScpD27PQ0N6CVCA7IhL.webp
[ImageService] Uploaded to: https://eivvjebsmxddrbbbnblr.supabase.co/storage/v1/object/public/covers/anime/QBYkrepRysQv0dnpiqpZN.webp
     ⏭️ Already exists: Street Fighter IV: The Ties That Bind
[ImageService] Processing: https://s4.anilist.co/file/anilistcdn/media/anime/cover/medium/7279.jpg
[ImageService] Uploaded to: https://eivvjebsmxddrbbbnblr.supabase.co/storage/v1/object/public/covers/anime/Y3ZvngAomICco6TfSIcMH.webp
     ⏭️ Already exists: Tenjou-bito to Akuto-bito Saigo no Tatakai
[ImageService] Processing: https://s4.anilist.co/file/anilistcdn/media/anime/cover/medium/b7144-7R8gYim1XPaC.jpg
[ImageService] Uploaded to: https://eivvjebsmxddrbbbnblr.supabase.co/storage/v1/object/public/covers/anime/QxXe5zt-X6L-vKaAIX9zC.webp
     ⏭️ Already exists: The Best!! Extremely Cool Student Council President
[ImageService] Processing: https://s4.anilist.co/file/anilistcdn/media/anime/cover/large/bx5710-YMp7RUI7hB1X.jpg
[ImageService] Uploaded to: https://eivvjebsmxddrbbbnblr.supabase.co/storage/v1/object/public/covers/anime/Y7VgFKDZqzg-6vWh3xaQQ.webp
     ⏭️ Already exists: ToHeart2 adplus
[ImageService] Processing: https://s4.anilist.co/file/anilistcdn/media/anime/cover/medium/7668.jpg
[ImageService] Uploaded to: https://eivvjebsmxddrbbbnblr.supabase.co/storage/v1/object/public/covers/anime/dQOyumdztC28w4CKKhkc4.webp
     ⏭️ Already exists: The Rebirth of Buddha
[ImageService] Processing: https://s4.anilist.co/file/anilistcdn/media/anime/cover/large/bx6641-IXhXKVt9XFYs.png
[ImageService] Uploaded to: https://eivvjebsmxddrbbbnblr.supabase.co/storage/v1/object/public/covers/anime/gavKfjSNO7m3N8WfpUZKM.webp
     ⏭️ Already exists: Space Battleship Yamato Resurrection
[ImageService] Processing: https://s4.anilist.co/file/anilistcdn/media/anime/cover/medium/6890.jpg
[ImageService] Uploaded to: https://eivvjebsmxddrbbbnblr.supabase.co/storage/v1/object/public/covers/anime/UB90yyUmU9x3pb6AlkRwL.webp
     ⏭️ Already exists: TO
[ImageService] Processing: https://s4.anilist.co/file/anilistcdn/media/anime/cover/large/bx6281-nRSr9MK5X938.png
[ImageService] Uploaded to: https://eivvjebsmxddrbbbnblr.supabase.co/storage/v1/object/public/covers/anime/dCY7MKWyVgWopOhZGi5Hf.webp
     ⏭️ Already exists: Sergeant Keroro: The Super Duper Movie 4
     ⏭️ Already exists: Suki Desu Suzuki-kun!!
     ⏭️ Already exists: Ontama!
     ⏭️ Already exists: Tonari no 801-chan R
     ⏭️ Already exists: The Asylum Session
   📄 Year 2009 Page 5: 26 New, 17 Heal
[ImageService] Processing: https://s4.anilist.co/file/anilistcdn/media/anime/cover/medium/b6900-NnEjDbQL1qMv.jpg
[ImageService] Processing: https://s4.anilist.co/file/anilistcdn/media/anime/cover/medium/6899.jpg
[ImageService] Processing: https://s4.anilist.co/file/anilistcdn/media/anime/cover/medium/7314.jpg
[ImageService] Processing: https://s4.anilist.co/file/anilistcdn/media/anime/cover/medium/b6902-2WaW9mMmvmAT.jpg
[ImageService] Processing: https://s4.anilist.co/file/anilistcdn/media/anime/cover/medium/7691.jpg
[ImageService] Uploaded to: https://eivvjebsmxddrbbbnblr.supabase.co/storage/v1/object/public/covers/anime/Xz5QZzO2H4tBPTNsH1RrS.webp
[ImageService] Uploaded to: https://eivvjebsmxddrbbbnblr.supabase.co/storage/v1/object/public/covers/anime/3TedPmFHanvfd5wLn8e9o.webp
[ImageService] Uploaded to: https://eivvjebsmxddrbbbnblr.supabase.co/storage/v1/object/public/covers/anime/lP7W23fJYLqNKZwyn-myp.webp
[ImageService] Uploaded to: https://eivvjebsmxddrbbbnblr.supabase.co/storage/v1/object/public/covers/anime/jp1VpY8k07WRMKP3XuhyC.webp
[ImageService] Uploaded to: https://eivvjebsmxddrbbbnblr.supabase.co/storage/v1/object/public/covers/anime/uTPpcMiFyCU103dcS9lXw.webp
     ⏭️ Already exists: Tokimeki Memorial 4 ORIGINAL ANIMATION: Hajimari no Finder
     ⏭️ Already exists: Stitch! ~The Mischievous Alien's Great Adventure~
[ImageService] Processing: https://s4.anilist.co/file/anilistcdn/media/anime/cover/medium/6491.jpg
[ImageService] Processing: https://s4.anilist.co/file/anilistcdn/media/anime/cover/medium/b6670-1nqGM00FEBqG.png
[ImageService] Uploaded to: https://eivvjebsmxddrbbbnblr.supabase.co/storage/v1/object/public/covers/anime/Zl_nz1ldRwCtRTyoTq54Z.webp
[ImageService] Uploaded to: https://eivvjebsmxddrbbbnblr.supabase.co/storage/v1/object/public/covers/anime/bAS-WWUCp45Ynly3sdO6d.webp
     ⏭️ Already exists: Yona Yona Penguin
     ⏭️ Already exists: Saikyou Bushouden: Sangoku Engi
[ImageService] Processing: https://s4.anilist.co/file/anilistcdn/media/anime/cover/medium/6513.jpg
[ImageService] Processing: https://s4.anilist.co/file/anilistcdn/media/anime/cover/medium/7092.jpg
[ImageService] Uploaded to: https://eivvjebsmxddrbbbnblr.supabase.co/storage/v1/object/public/covers/anime/tUlRDvzdk8DRWogzmfzcc.webp
[ImageService] Uploaded to: https://eivvjebsmxddrbbbnblr.supabase.co/storage/v1/object/public/covers/anime/cI_zIXAOC6-W6M-xOERuR.webp
     ⏭️ Already exists: Tamagotchi!
[ImageService] Processing: https://s4.anilist.co/file/anilistcdn/media/anime/cover/medium/6688.jpg
[ImageService] Uploaded to: https://eivvjebsmxddrbbbnblr.supabase.co/storage/v1/object/public/covers/anime/Wl7q-i1X94UWNDLRUGjxv.webp
     ⏭️ Already exists: Symphony in August
[ImageService] Processing: https://s4.anilist.co/file/anilistcdn/media/anime/cover/large/bx6693-iIlqOzhMBI55.png
[ImageService] Uploaded to: https://eivvjebsmxddrbbbnblr.supabase.co/storage/v1/object/public/covers/anime/_zUYP1gjGgkCPj7Cmotik.webp
     ⏭️ Already exists: SCANDAL ANIME
[ImageService] Processing: https://s4.anilist.co/file/anilistcdn/media/anime/cover/medium/5240.jpg
[ImageService] Uploaded to: https://eivvjebsmxddrbbbnblr.supabase.co/storage/v1/object/public/covers/anime/slLYAqBpfjOezfbovyMD3.webp
     ⏭️ Already exists: Shoujo Fight: Nora Inu-tachi no Odekake
[ImageService] Processing: https://s4.anilist.co/file/anilistcdn/media/anime/cover/medium/8176.jpg
[ImageService] Uploaded to: https://eivvjebsmxddrbbbnblr.supabase.co/storage/v1/object/public/covers/anime/IOXo1A4JDpd9ablGhbs2p.webp
     ⏭️ Already exists: ravex in Tezuka World
[ImageService] Processing: https://s4.anilist.co/file/anilistcdn/media/anime/cover/medium/17213.jpg
[ImageService] Uploaded to: https://eivvjebsmxddrbbbnblr.supabase.co/storage/v1/object/public/covers/anime/Gn-6mc8pJTkQsBnYWSZoL.webp
     ⏭️ Already exists: Pattenrai!! Minami no Shima no Mizu Monogatari
[ImageService] Processing: https://s4.anilist.co/file/anilistcdn/media/anime/cover/medium/8631.jpg
[ImageService] Uploaded to: https://eivvjebsmxddrbbbnblr.supabase.co/storage/v1/object/public/covers/anime/cBXv5t_pOth_TxqsQOZGR.webp
     ⏭️ Already exists: Yatterman: Shin Yattermecha Daishuugou! Omocha no Kuni de Daikessen da Koron!
[ImageService] Processing: https://s4.anilist.co/file/anilistcdn/media/anime/cover/medium/7646.jpg
[ImageService] Uploaded to: https://eivvjebsmxddrbbbnblr.supabase.co/storage/v1/object/public/covers/anime/BHEwmVt4Wvxt5BsxrX1T7.webp
     ⏭️ Already exists: Teinenpi Shoujo Haiji
[ImageService] Processing: https://s4.anilist.co/file/anilistcdn/media/anime/cover/medium/b6568-WfSeUXwsi7xW.jpg
[ImageService] Uploaded to: https://eivvjebsmxddrbbbnblr.supabase.co/storage/v1/object/public/covers/anime/I_olpho6nXHxtc7GznSyt.webp
     ⏭️ Already exists: Pyuu to Fuku! Jaguar: Ima, Fuki ni Yukimasu
[ImageService] Processing: https://s4.anilist.co/file/anilistcdn/media/anime/cover/medium/b126881-rZYa0VJRXPA7.jpg
[ImageService] Uploaded to: https://eivvjebsmxddrbbbnblr.supabase.co/storage/v1/object/public/covers/anime/PyStFbMFpRHUKSt31LIEQ.webp
     ⏭️ Already exists: Sore Ike! Anpanman: Dadandan to Futago no Hoshi
[ImageService] Processing: https://s4.anilist.co/file/anilistcdn/media/anime/cover/medium/13519.jpg
[ImageService] Uploaded to: https://eivvjebsmxddrbbbnblr.supabase.co/storage/v1/object/public/covers/anime/UcXp5iPp6i9rF1OdlKbKP.webp
     ⏭️ Already exists: YanYan Machiko
[ImageService] Processing: https://s4.anilist.co/file/anilistcdn/media/anime/cover/medium/14069.jpg
[ImageService] Uploaded to: https://eivvjebsmxddrbbbnblr.supabase.co/storage/v1/object/public/covers/anime/tWuZRnl9_0zQNOoGY1Fvv.webp
     ⏭️ Already exists: Our Jury Story
[ImageService] Processing: https://s4.anilist.co/file/anilistcdn/media/anime/cover/medium/18577.jpg
[ImageService] Uploaded to: https://eivvjebsmxddrbbbnblr.supabase.co/storage/v1/object/public/covers/anime/WMgzClw-gq566BsN4Bs58.webp
     ⏭️ Already exists: Sugar Bunnies Chocolate! OVA
[ImageService] Processing: https://s4.anilist.co/file/anilistcdn/media/anime/cover/medium/b158619-JsbCPJCGthNQ.jpg
[ImageService] Uploaded to: https://eivvjebsmxddrbbbnblr.supabase.co/storage/v1/object/public/covers/anime/k-SHlMkZ9z_DOWDcrw-aZ.webp
     ⏭️ Already exists: Yawarakame♥
[ImageService] Processing: https://s4.anilist.co/file/anilistcdn/media/anime/cover/large/bx6528-w2whe7k8vkh7.jpg
[ImageService] Uploaded to: https://eivvjebsmxddrbbbnblr.supabase.co/storage/v1/object/public/covers/anime/mfBjOABHavZNgc_gDIlpf.webp
     ⏭️ Already exists: Organic
[ImageService] Processing: https://s4.anilist.co/file/anilistcdn/media/anime/cover/medium/6063.jpg
[ImageService] Uploaded to: https://eivvjebsmxddrbbbnblr.supabase.co/storage/v1/object/public/covers/anime/5z9ym0xJO8YwxqAIIu-wf.webp
     ⏭️ Already exists: Shinjuku Shin-chan: Yoiko no Koutsuu Anzen
[ImageService] Processing: https://s4.anilist.co/file/anilistcdn/media/anime/cover/medium/b169982-gcN6NEzzF9wC.jpg
[ImageService] Uploaded to: https://eivvjebsmxddrbbbnblr.supabase.co/storage/v1/object/public/covers/anime/3AvI2vJ0ac-yynfh82aLF.webp
     ⏭️ Already exists: Noobow: Mini Theater
[ImageService] Processing: https://s4.anilist.co/file/anilistcdn/media/anime/cover/medium/b202423-hcse21DcuyoG.png
[ImageService] Uploaded to: https://eivvjebsmxddrbbbnblr.supabase.co/storage/v1/object/public/covers/anime/4b4J20bc2B0d6gSu6PRMW.webp
     ⏭️ Already exists: Zoku Zou no Senaka: Baton Touch
     ⏭️ Already exists: Utsurun Desu.
     ⏭️ Already exists: Sore Ike! Anpanman: Baikinman vs. Baikinman!?
     ⏭️ Already exists: Penguin no Mondai Movie
     ⏭️ Already exists: SPICY BOY

📅 Processing Year: 2008
   📄 Year 2008 Page 1: 16 New, 29 Heal
[ImageService] Processing: https://s4.anilist.co/file/anilistcdn/media/anime/cover/large/bx3588-fSMggQoFSbUI.png
[ImageService] Processing: https://s4.anilist.co/file/anilistcdn/media/anime/cover/large/bx4224-PXVMBLNwy2aF.jpg
[ImageService] Uploaded to: https://eivvjebsmxddrbbbnblr.supabase.co/storage/v1/object/public/covers/anime/Ouu5iclFHpm91K6NJFcD_.webp
[ImageService] Uploaded to: https://eivvjebsmxddrbbbnblr.supabase.co/storage/v1/object/public/covers/anime/Nf2pr7Ep8YigsqWBQcfbE.webp
[ImageService] Processing: https://s4.anilist.co/file/anilistcdn/media/anime/cover/large/bx2890-wcNtFr6aUYOR.jpg
[ImageService] Processing: https://s4.anilist.co/file/anilistcdn/media/anime/cover/large/bx2966-AEULMyYA9WKb.png
[ImageService] Uploaded to: https://eivvjebsmxddrbbbnblr.supabase.co/storage/v1/object/public/covers/anime/mv4uzFqMzybQrHd-PBWXS.webp
[ImageService] Uploaded to: https://eivvjebsmxddrbbbnblr.supabase.co/storage/v1/object/public/covers/anime/_z0LN7ib7gsQohNiZpq0h.webp
[ImageService] Processing: https://s4.anilist.co/file/anilistcdn/media/anime/cover/large/bx3455-oNiJmsZZTAAj.png
[ImageService] Uploaded to: https://eivvjebsmxddrbbbnblr.supabase.co/storage/v1/object/public/covers/anime/eXSmcPce0-psURMBJ1B0D.webp
     ⏭️ Already exists: Toradora!
[ImageService] Processing: https://s4.anilist.co/file/anilistcdn/media/anime/cover/medium/2993.jpg
[ImageService] Uploaded to: https://eivvjebsmxddrbbbnblr.supabase.co/storage/v1/object/public/covers/anime/zRa9eY44qTBLJyZhTfgfg.webp
     ⏭️ Already exists: Spice and Wolf
     ⏭️ Already exists: Ponyo
[ImageService] Processing: https://s4.anilist.co/file/anilistcdn/media/anime/cover/large/bx3457-owSEHJYvflx5.jpg
[ImageService] Processing: https://s4.anilist.co/file/anilistcdn/media/anime/cover/large/bx3712-zt0ac4fjixWl.jpg
[ImageService] Uploaded to: https://eivvjebsmxddrbbbnblr.supabase.co/storage/v1/object/public/covers/anime/kKgscoGdM4s3vp5KfHSx6.webp
[ImageService] Uploaded to: https://eivvjebsmxddrbbbnblr.supabase.co/storage/v1/object/public/covers/anime/1BRliWi3oQ-Rm71yKTHCo.webp
     ⏭️ Already exists: To Love Ru
[ImageService] Processing: https://s4.anilist.co/file/anilistcdn/media/anime/cover/large/bx4063-ZP7agutiaOCf.png
[ImageService] Uploaded to: https://eivvjebsmxddrbbbnblr.supabase.co/storage/v1/object/public/covers/anime/2gSRW1HTenoqNbpA3WMT8.webp
     ⏭️ Already exists: Soul Eater
[ImageService] Processing: https://s4.anilist.co/file/anilistcdn/media/anime/cover/medium/4214.jpg
[ImageService] Uploaded to: https://eivvjebsmxddrbbbnblr.supabase.co/storage/v1/object/public/covers/anime/ClU0zn8P6VNJJHgVEt38w.webp
     ⏭️ Already exists: Rosario + Vampire
     ⏭️ Already exists: The Familiar of Zero: "Rondo" of Princesses
     ⏭️ Already exists: Vampire Knight
[ImageService] Processing: https://s4.anilist.co/file/anilistcdn/media/anime/cover/large/bx3783-NziqsWetU1LK.jpg
[ImageService] Processing: https://s4.anilist.co/file/anilistcdn/media/anime/cover/large/bx4282-R19YmET0glSZ.jpg
[ImageService] Uploaded to: https://eivvjebsmxddrbbbnblr.supabase.co/storage/v1/object/public/covers/anime/fF7Yb_Ci6kv7ZLfBon0Ba.webp
[ImageService] Uploaded to: https://eivvjebsmxddrbbbnblr.supabase.co/storage/v1/object/public/covers/anime/QbQoqU1Rmli43r6K3YRNs.webp
     ⏭️ Already exists: Rosario + Vampire Capu2
     ⏭️ Already exists: Sekirei
[ImageService] Processing: https://s4.anilist.co/file/anilistcdn/media/anime/cover/large/bx3167-IBEzQTk9wvbr.jpg
[ImageService] Uploaded to: https://eivvjebsmxddrbbbnblr.supabase.co/storage/v1/object/public/covers/anime/6MTtUqkTo6RYh_4wNGZr1.webp
[ImageService] Processing: https://s4.anilist.co/file/anilistcdn/media/anime/cover/large/bx3228-1HZ2FA34oKAM.jpg
[ImageService] Uploaded to: https://eivvjebsmxddrbbbnblr.supabase.co/storage/v1/object/public/covers/anime/pJUBYz-zdMpo4JjrjQhPQ.webp
[ImageService] Processing: https://s4.anilist.co/file/anilistcdn/media/anime/cover/large/bx3972-bSmlWKXrVvDv.png
[ImageService] Uploaded to: https://eivvjebsmxddrbbbnblr.supabase.co/storage/v1/object/public/covers/anime/fNeWUJTvKPNVHmMukdeYB.webp
     ⏭️ Already exists: the Garden of sinners Chapter 3: ever cry, never life. (Remaining Sense of Pain)
[ImageService] Processing: https://s4.anilist.co/file/anilistcdn/media/anime/cover/large/bx4177-olqlJzn1DNN0.png
     ⏭️ Already exists: the Garden of sinners Chapter 5: Paradox Paradigm
[ImageService] Uploaded to: https://eivvjebsmxddrbbbnblr.supabase.co/storage/v1/object/public/covers/anime/kAdIkatCYiRxw9NS4pu5x.webp
     ⏭️ Already exists: Zoku Sayonara, Zetsubou-Sensei
     ⏭️ Already exists: Time of Eve
     ⏭️ Already exists: Yu-Gi-Oh! 5D's
     ⏭️ Already exists: Xam'd: Lost Memories
   📄 Year 2008 Page 2: 17 New, 0 Heal
[ImageService] Processing: https://s4.anilist.co/file/anilistcdn/media/anime/cover/large/bx3420-ZHbQqYUJCcUn.png
[ImageService] Processing: https://s4.anilist.co/file/anilistcdn/media/anime/cover/large/bx4884-RKYr7ktcToPE.jpg
[ImageService] Processing: https://s4.anilist.co/file/anilistcdn/media/anime/cover/large/bx3091-97Yr9KdWI3Ou.jpg
[ImageService] Processing: https://s4.anilist.co/file/anilistcdn/media/anime/cover/large/bx4744-ojHpFzrbKc3j.jpg
[ImageService] Processing: https://s4.anilist.co/file/anilistcdn/media/anime/cover/large/bx4026-HO7477AL7ym5.jpg
[ImageService] Uploaded to: https://eivvjebsmxddrbbbnblr.supabase.co/storage/v1/object/public/covers/anime/MjlL26T3ZV4UJmOaO8ydd.webp
[ImageService] Uploaded to: https://eivvjebsmxddrbbbnblr.supabase.co/storage/v1/object/public/covers/anime/V_-b2DuwT2pT1R6jbRjTc.webp
[ImageService] Uploaded to: https://eivvjebsmxddrbbbnblr.supabase.co/storage/v1/object/public/covers/anime/ce24KrDtgijMCYcQuMGTJ.webp
[ImageService] Uploaded to: https://eivvjebsmxddrbbbnblr.supabase.co/storage/v1/object/public/covers/anime/jg2WqLnFnUHJO174nKQqa.webp
[ImageService] Uploaded to: https://eivvjebsmxddrbbbnblr.supabase.co/storage/v1/object/public/covers/anime/oJfSDbWwHAi4cG_5qIppf.webp
     ⏭️ Already exists: Shigofumi
[ImageService] Processing: https://s4.anilist.co/file/anilistcdn/media/anime/cover/large/bx3230-Dd9HXot3osii.png
[ImageService] Uploaded to: https://eivvjebsmxddrbbbnblr.supabase.co/storage/v1/object/public/covers/anime/3inaamyUj7A-oWDRl59Zx.webp
     ⏭️ Already exists: Pokémon: Giratina and the Sky Warrior
[ImageService] Processing: https://s4.anilist.co/file/anilistcdn/media/anime/cover/medium/5764.jpg
[ImageService] Uploaded to: https://eivvjebsmxddrbbbnblr.supabase.co/storage/v1/object/public/covers/anime/K_fA1VEMEeGj0S24iyryU.webp
     ⏭️ Already exists: xxxHOLiC◆Kei
[ImageService] Processing: https://s4.anilist.co/file/anilistcdn/media/anime/cover/large/bx5262-QdR7ooiQfYLY.jpg
[ImageService] Uploaded to: https://eivvjebsmxddrbbbnblr.supabase.co/storage/v1/object/public/covers/anime/cPOVh1D0p8QRmgoI5KhGK.webp
     ⏭️ Already exists: The Hill Dyed Rose Madder
[ImageService] Processing: https://s4.anilist.co/file/anilistcdn/media/anime/cover/large/bx3089-AVjAzlLaN7SQ.jpg
[ImageService] Uploaded to: https://eivvjebsmxddrbbbnblr.supabase.co/storage/v1/object/public/covers/anime/MMCLJEFJ0MpKnCZqgYtY6.webp
     ⏭️ Already exists: Tales of the Abyss
[ImageService] Processing: https://s4.anilist.co/file/anilistcdn/media/anime/cover/large/bx3848-SCnYGTn34Llt.jpg
[ImageService] Uploaded to: https://eivvjebsmxddrbbbnblr.supabase.co/storage/v1/object/public/covers/anime/PbDa9v-tYG6-rZ5FLtT6u.webp
     ⏭️ Already exists: The Familiar of Zero: "Rondo" of Princesses - Seductive Beach
[ImageService] Processing: https://s4.anilist.co/file/anilistcdn/media/anime/cover/medium/3366.jpg
[ImageService] Uploaded to: https://eivvjebsmxddrbbbnblr.supabase.co/storage/v1/object/public/covers/anime/sMk6NZ-F1LXMXccCLyegB.webp
     ⏭️ Already exists: Shugo Chara!! Doki
[ImageService] Processing: https://s4.anilist.co/file/anilistcdn/media/anime/cover/medium/5252.jpg
[ImageService] Uploaded to: https://eivvjebsmxddrbbbnblr.supabase.co/storage/v1/object/public/covers/anime/fEOO9KX36H46zUaQj4W_5.webp
     ⏭️ Already exists: Tower of Druaga: The Aegis of Uruk
[ImageService] Processing: https://s4.anilist.co/file/anilistcdn/media/anime/cover/medium/3759.jpg
[ImageService] Uploaded to: https://eivvjebsmxddrbbbnblr.supabase.co/storage/v1/object/public/covers/anime/ACZY9wTaTsWyCTbOMcG7G.webp
     ⏭️ Already exists: One Piece: Episode Of Chopper +: The Miracle Winter Cherry Blossom
[ImageService] Processing: https://s4.anilist.co/file/anilistcdn/media/anime/cover/medium/b4015-hYmGm0Dv4jPx.jpg
[ImageService] Uploaded to: https://eivvjebsmxddrbbbnblr.supabase.co/storage/v1/object/public/covers/anime/PDe9OnPEpkeJ3Tqbx3yhU.webp
     ⏭️ Already exists: The Sky Crawlers
[ImageService] Processing: https://s4.anilist.co/file/anilistcdn/media/anime/cover/large/bx4038-V0dciw1wKPkP.png
[ImageService] Uploaded to: https://eivvjebsmxddrbbbnblr.supabase.co/storage/v1/object/public/covers/anime/Ijtm_50bEqMUrumJbwKSM.webp
     ⏭️ Already exists: Persona -trinity soul-
[ImageService] Processing: https://s4.anilist.co/file/anilistcdn/media/anime/cover/large/bx3328-UwxAv4wq5o08.jpg
[ImageService] Uploaded to: https://eivvjebsmxddrbbbnblr.supabase.co/storage/v1/object/public/covers/anime/5HBAk228yZof1NxYDioZn.webp
     ⏭️ Already exists: School Days: Valentine Days
[ImageService] Processing: https://s4.anilist.co/file/anilistcdn/media/anime/cover/large/bx3515-g6kdTI901fhw.png
[ImageService] Uploaded to: https://eivvjebsmxddrbbbnblr.supabase.co/storage/v1/object/public/covers/anime/fPkLYl-G_sz6saO3OhYuT.webp
     ⏭️ Already exists: School Rumble Third Term
     ⏭️ Already exists: One Piece: Romance Dawn Story
     ⏭️ Already exists: School Days: Magical Heart☆Kokoro-chan
     ⏭️ Already exists: Psychic Squad
     ⏭️ Already exists: Saint Seiya: The Hades Chapter - Elysion
   📄 Year 2008 Page 3: 16 New, 10 Heal
[ImageService] Processing: https://s4.anilist.co/file/anilistcdn/media/anime/cover/large/bx3363-PvwVmOrXVHuV.jpg
[ImageService] Processing: https://s4.anilist.co/file/anilistcdn/media/anime/cover/large/bx3673-Fos7rHpTdnnf.png
[ImageService] Processing: https://s4.anilist.co/file/anilistcdn/media/anime/cover/large/bx4415-wZ9dnrUApHRw.png
[ImageService] Processing: https://s4.anilist.co/file/anilistcdn/media/anime/cover/large/bx3446-XRV0WtztbCSq.jpg
[ImageService] Processing: https://s4.anilist.co/file/anilistcdn/media/anime/cover/large/bx4028-M65wEjtfP8rO.png
[ImageService] Uploaded to: https://eivvjebsmxddrbbbnblr.supabase.co/storage/v1/object/public/covers/anime/GbmY4x-ICHDfKu0IZtek6.webp
[ImageService] Uploaded to: https://eivvjebsmxddrbbbnblr.supabase.co/storage/v1/object/public/covers/anime/lhxIEKStHAcJ9lARwrDrw.webp
[ImageService] Uploaded to: https://eivvjebsmxddrbbbnblr.supabase.co/storage/v1/object/public/covers/anime/quMcmJkJAl-2W5NsvGRDk.webp
[ImageService] Uploaded to: https://eivvjebsmxddrbbbnblr.supabase.co/storage/v1/object/public/covers/anime/xjLFEapksskMuar9lsgJd.webp
[ImageService] Uploaded to: https://eivvjebsmxddrbbbnblr.supabase.co/storage/v1/object/public/covers/anime/ZwTYFL5UPzYmxtkf4lmN-.webp
     ⏭️ Already exists: Resident Evil: Degeneration
[ImageService] Processing: https://s4.anilist.co/file/anilistcdn/media/anime/cover/large/bx4053-vybch1WZxfMp.png
[ImageService] Uploaded to: https://eivvjebsmxddrbbbnblr.supabase.co/storage/v1/object/public/covers/anime/rCpWr0LELd5X4Vx6gMJJD.webp
     ⏭️ Already exists: The Daughter of 20 Faces
[ImageService] Processing: https://s4.anilist.co/file/anilistcdn/media/anime/cover/large/bx4483-TFQXbx7NmL0C.jpg
[ImageService] Uploaded to: https://eivvjebsmxddrbbbnblr.supabase.co/storage/v1/object/public/covers/anime/LubWZYalUusVPlQzHll0B.webp
     ⏭️ Already exists: RD Sennou Chousashitsu
     ⏭️ Already exists: Sands of Destruction
[ImageService] Processing: https://s4.anilist.co/file/anilistcdn/media/anime/cover/large/bx3322-qsfwuOTyXuJk.png
[ImageService] Processing: https://s4.anilist.co/file/anilistcdn/media/anime/cover/large/bx3574-4q1dkH3Fra0U.png
[ImageService] Uploaded to: https://eivvjebsmxddrbbbnblr.supabase.co/storage/v1/object/public/covers/anime/2E-_oyBzKfolnVHV3qEuD.webp
[ImageService] Uploaded to: https://eivvjebsmxddrbbbnblr.supabase.co/storage/v1/object/public/covers/anime/1ZF06DLUUHCGEJ5PVYemB.webp
     ⏭️ Already exists: The Slayers Revolution
[ImageService] Processing: https://s4.anilist.co/file/anilistcdn/media/anime/cover/large/bx3692-hNjdstSK2qMF.jpg
[ImageService] Uploaded to: https://eivvjebsmxddrbbbnblr.supabase.co/storage/v1/object/public/covers/anime/FgNQKG7ARbPRTsdcoD5zg.webp
     ⏭️ Already exists: Tennis no Ouji-sama: Zenkoku Taikai-hen Final
[ImageService] Processing: https://s4.anilist.co/file/anilistcdn/media/anime/cover/large/bx3614-W6pFCNZcXiFX.jpg
[ImageService] Uploaded to: https://eivvjebsmxddrbbbnblr.supabase.co/storage/v1/object/public/covers/anime/DNueCZYS4e-XFeFXmwCLU.webp
     ⏭️ Already exists: Someday's Dreamers II Sora
[ImageService] Processing: https://s4.anilist.co/file/anilistcdn/media/anime/cover/medium/4715.jpg
[ImageService] Uploaded to: https://eivvjebsmxddrbbbnblr.supabase.co/storage/v1/object/public/covers/anime/Kh2cWHrUYlHmLYD29OyoV.webp
     ⏭️ Already exists: Switch
[ImageService] Processing: https://s4.anilist.co/file/anilistcdn/media/anime/cover/large/bx4066-4JZkk2H7zLC1.jpg
[ImageService] Uploaded to: https://eivvjebsmxddrbbbnblr.supabase.co/storage/v1/object/public/covers/anime/fFI_8sO1M-Viru83WVrTL.webp
     ⏭️ Already exists: Yes! Precure 5 GoGo!
     ⏭️ Already exists: Ryoko's Case File
[ImageService] Processing: https://s4.anilist.co/file/anilistcdn/media/anime/cover/large/bx5493-qsjGrDAxI11R.png
[ImageService] Processing: https://s4.anilist.co/file/anilistcdn/media/anime/cover/medium/4136.jpg
[ImageService] Uploaded to: https://eivvjebsmxddrbbbnblr.supabase.co/storage/v1/object/public/covers/anime/4MjuARoIJyv34ThocCcr5.webp
[ImageService] Uploaded to: https://eivvjebsmxddrbbbnblr.supabase.co/storage/v1/object/public/covers/anime/NL43-XmaDLCywRPgddild.webp
     ⏭️ Already exists: Our Home's Fox Deity
[ImageService] Processing: https://s4.anilist.co/file/anilistcdn/media/anime/cover/large/bx5583-T8aPlKeDc699.png
[ImageService] Uploaded to: https://eivvjebsmxddrbbbnblr.supabase.co/storage/v1/object/public/covers/anime/mP_DlpjUmWZ9qpzLR6fYv.webp
     ⏭️ Already exists: Shigofumi: And Then...
     ⏭️ Already exists: Tytania
     ⏭️ Already exists: Penguin Musume♥Heart
     ⏭️ Already exists: Sonic: Night of the Werehog
     ⏭️ Already exists: Ranma 1/2: Akumu! Shunmin Kou
   📄 Year 2008 Page 4: 21 New, 20 Heal
[ImageService] Processing: https://s4.anilist.co/file/anilistcdn/media/anime/cover/medium/5080.jpg
[ImageService] Processing: https://s4.anilist.co/file/anilistcdn/media/anime/cover/medium/3011.jpg
[ImageService] Processing: https://s4.anilist.co/file/anilistcdn/media/anime/cover/medium/4033.jpg
[ImageService] Uploaded to: https://eivvjebsmxddrbbbnblr.supabase.co/storage/v1/object/public/covers/anime/dqFhLyUUhk7u1wi8QCwzj.webp
[ImageService] Uploaded to: https://eivvjebsmxddrbbbnblr.supabase.co/storage/v1/object/public/covers/anime/0SMMV1DyRQAW9lTh5juk6.webp
[ImageService] Processing: https://s4.anilist.co/file/anilistcdn/media/anime/cover/large/bx4703-1VToRbHzHTCy.jpg
[ImageService] Uploaded to: https://eivvjebsmxddrbbbnblr.supabase.co/storage/v1/object/public/covers/anime/H_NntEiBp_aqwgsZtQfwy.webp
[ImageService] Processing: https://s4.anilist.co/file/anilistcdn/media/anime/cover/medium/11687-1WMqmk5QQjkx.jpg
[ImageService] Uploaded to: https://eivvjebsmxddrbbbnblr.supabase.co/storage/v1/object/public/covers/anime/ZmRnd2-0fb8DDAlmCMxBu.webp
[ImageService] Uploaded to: https://eivvjebsmxddrbbbnblr.supabase.co/storage/v1/object/public/covers/anime/lcS4rUqvpfhkroIIPpVCP.webp
     ⏭️ Already exists: Quiz Magic Academy: The Original Animation
[ImageService] Processing: https://s4.anilist.co/file/anilistcdn/media/anime/cover/medium/5027.jpg
[ImageService] Uploaded to: https://eivvjebsmxddrbbbnblr.supabase.co/storage/v1/object/public/covers/anime/JdB-ZR0PYwvGPW3jaytqc.webp
     ⏭️ Already exists: Yes! Precure 5 GoGo! Okashi no Kuni no Happy Birthday♪
[ImageService] Processing: https://s4.anilist.co/file/anilistcdn/media/anime/cover/medium/3668.jpg
     ⏭️ Already exists: Yotsunoha
[ImageService] Processing: https://s4.anilist.co/file/anilistcdn/media/anime/cover/large/bx4264-5jdwiLMET49D.jpg
[ImageService] Uploaded to: https://eivvjebsmxddrbbbnblr.supabase.co/storage/v1/object/public/covers/anime/hutFnuFlEP35arnVvhuez.webp
[ImageService] Uploaded to: https://eivvjebsmxddrbbbnblr.supabase.co/storage/v1/object/public/covers/anime/6DzqTt4cfaOprHQw0zI4x.webp
     ⏭️ Already exists: The Idolm@ster: Live for You!
[ImageService] Processing: https://s4.anilist.co/file/anilistcdn/media/anime/cover/large/bx4166-TtCU6kT3aXVa.jpg
     ⏭️ Already exists: Pussycat
[ImageService] Uploaded to: https://eivvjebsmxddrbbbnblr.supabase.co/storage/v1/object/public/covers/anime/wjYhWM9njZNP848-3Uwl4.webp
[ImageService] Processing: https://s4.anilist.co/file/anilistcdn/media/anime/cover/medium/3417.jpg
[ImageService] Uploaded to: https://eivvjebsmxddrbbbnblr.supabase.co/storage/v1/object/public/covers/anime/cO2w5rnisPBJlGQPQeodB.webp
     ⏭️ Already exists: Telepathy Shoujo Ran
[ImageService] Processing: https://s4.anilist.co/file/anilistcdn/media/anime/cover/large/bx5290-Bo0FlakOGYoG.jpg
[ImageService] Uploaded to: https://eivvjebsmxddrbbbnblr.supabase.co/storage/v1/object/public/covers/anime/dJJkdHVwo3U3dWSWCPs6D.webp
     ⏭️ Already exists: Stitch!
[ImageService] Processing: https://s4.anilist.co/file/anilistcdn/media/anime/cover/medium/3424.jpg
[ImageService] Uploaded to: https://eivvjebsmxddrbbbnblr.supabase.co/storage/v1/object/public/covers/anime/3HJKA3CvNvYivZrsnYUY_.webp
     ⏭️ Already exists: Ultraviolet: Code 044
[ImageService] Processing: https://s4.anilist.co/file/anilistcdn/media/anime/cover/large/bx3295-NmY28wKQFvS1.png
[ImageService] Uploaded to: https://eivvjebsmxddrbbbnblr.supabase.co/storage/v1/object/public/covers/anime/cAn6EO1nluxtVCbjfpK0y.webp
     ⏭️ Already exists: ToHeart2ad
     ⏭️ Already exists: Yawaraka Sangokushi Tsukisase!! Ryofuko-chan
[ImageService] Processing: https://s4.anilist.co/file/anilistcdn/media/anime/cover/medium/6809.jpg
[ImageService] Processing: https://s4.anilist.co/file/anilistcdn/media/anime/cover/medium/3501.jpg
[ImageService] Uploaded to: https://eivvjebsmxddrbbbnblr.supabase.co/storage/v1/object/public/covers/anime/Od4KLOhhRfAg7iBXMPlma.webp
[ImageService] Uploaded to: https://eivvjebsmxddrbbbnblr.supabase.co/storage/v1/object/public/covers/anime/fOWqzqNCvR7Hyjoz7UjWZ.webp
     ⏭️ Already exists: Sergeant Keroro: The Super Duper Movie 3
[ImageService] Processing: https://s4.anilist.co/file/anilistcdn/media/anime/cover/medium/5938.jpg
[ImageService] Uploaded to: https://eivvjebsmxddrbbbnblr.supabase.co/storage/v1/object/public/covers/anime/othNxRP1_ng-oB2hDBuKl.webp
     ⏭️ Already exists: The Orphans of Simitra
     ⏭️ Already exists: Yatterman
[ImageService] Processing: https://s4.anilist.co/file/anilistcdn/media/anime/cover/medium/5656.jpg
[ImageService] Processing: https://s4.anilist.co/file/anilistcdn/media/anime/cover/medium/4051.jpg
[ImageService] Uploaded to: https://eivvjebsmxddrbbbnblr.supabase.co/storage/v1/object/public/covers/anime/Hv3ly-LVBbOnH5i52y4H4.webp
[ImageService] Uploaded to: https://eivvjebsmxddrbbbnblr.supabase.co/storage/v1/object/public/covers/anime/T4b9EoBQBpG3G3hYsp4-_.webp
     ⏭️ Already exists: Sisters of Wellber Zwei
     ⏭️ Already exists: Toshi Densetsu Monogatari Hikiko
[ImageService] Processing: https://s4.anilist.co/file/anilistcdn/media/anime/cover/medium/8145.jpg
[ImageService] Uploaded to: https://eivvjebsmxddrbbbnblr.supabase.co/storage/v1/object/public/covers/anime/89r0IK1q1sb_5GlJo_4Ob.webp
[ImageService] Processing: https://s4.anilist.co/file/anilistcdn/media/anime/cover/medium/11729.jpg
[ImageService] Uploaded to: https://eivvjebsmxddrbbbnblr.supabase.co/storage/v1/object/public/covers/anime/DLOrS832ZwiYMfifMDj6g.webp
     ⏭️ Already exists: Onegai My Melody Kirara
[ImageService] Processing: https://s4.anilist.co/file/anilistcdn/media/anime/cover/medium/8968.jpg
[ImageService] Uploaded to: https://eivvjebsmxddrbbbnblr.supabase.co/storage/v1/object/public/covers/anime/C_5N8PzNzfmvKGhp1avR6.webp
     ⏭️ Already exists: Web Ghosts PiPoPa
     ⏭️ Already exists: Spooky Kitaro: Japan Explodes!!
     ⏭️ Already exists: PuriGorota: Uchuu no Yuujou Daibouken
     ⏭️ Already exists: Space Neko Theater
     ⏭️ Already exists: Shogi Hour
   📄 Year 2008 Page 5: 11 New, 14 Heal
[ImageService] Processing: https://s4.anilist.co/file/anilistcdn/media/anime/cover/medium/b3975-qxG09nQwVawv.png
[ImageService] Processing: https://s4.anilist.co/file/anilistcdn/media/anime/cover/medium/3514.jpg
[ImageService] Processing: https://s4.anilist.co/file/anilistcdn/media/anime/cover/medium/3575.jpg
[ImageService] Processing: https://s4.anilist.co/file/anilistcdn/media/anime/cover/medium/b4684-Jm2IyCBLgGH3.jpg
[ImageService] Uploaded to: https://eivvjebsmxddrbbbnblr.supabase.co/storage/v1/object/public/covers/anime/2BJQpIV18q5kxcVouLZ-L.webp
[ImageService] Uploaded to: https://eivvjebsmxddrbbbnblr.supabase.co/storage/v1/object/public/covers/anime/BamE3_fcpMpL-ThhBz_mk.webp
[ImageService] Uploaded to: https://eivvjebsmxddrbbbnblr.supabase.co/storage/v1/object/public/covers/anime/RSrHUKW9zzwCTE6WiFpCW.webp
[ImageService] Uploaded to: https://eivvjebsmxddrbbbnblr.supabase.co/storage/v1/object/public/covers/anime/tpFvtFjmeoUh_Y1uXY7ec.webp
[ImageService] Processing: https://s4.anilist.co/file/anilistcdn/media/anime/cover/medium/5089.jpg
[ImageService] Uploaded to: https://eivvjebsmxddrbbbnblr.supabase.co/storage/v1/object/public/covers/anime/div8LRK2_xNkAodUcxjXP.webp
     ⏭️ Already exists: Scarecrowman
[ImageService] Processing: https://s4.anilist.co/file/anilistcdn/media/anime/cover/medium/b5234-l6pILlHX5D1z.jpg
[ImageService] Uploaded to: https://eivvjebsmxddrbbbnblr.supabase.co/storage/v1/object/public/covers/anime/6e7cu67sNOwwbObC1b8lX.webp
     ⏭️ Already exists: Noramimi
     ⏭️ Already exists: Uchi no 3 Shimai
[ImageService] Processing: https://s4.anilist.co/file/anilistcdn/media/anime/cover/medium/5193.jpg
[ImageService] Uploaded to: https://eivvjebsmxddrbbbnblr.supabase.co/storage/v1/object/public/covers/anime/dEaEynUNkSwUK9F7r2KF7.webp
     ⏭️ Already exists: Sguy and the Family Stone the Movie
[ImageService] Processing: https://s4.anilist.co/file/anilistcdn/media/anime/cover/medium/5693.jpg
[ImageService] Uploaded to: https://eivvjebsmxddrbbbnblr.supabase.co/storage/v1/object/public/covers/anime/gPYtbyR8x1jrE_RYRzrd4.webp
[ImageService] Processing: https://s4.anilist.co/file/anilistcdn/media/anime/cover/medium/b121840-2MbjnIPAglgv.jpg
[ImageService] Uploaded to: https://eivvjebsmxddrbbbnblr.supabase.co/storage/v1/object/public/covers/anime/0tjP1WsFPZyRmZ8tRMv7q.webp
     ⏭️ Already exists: Noramimi 2
[ImageService] Processing: https://s4.anilist.co/file/anilistcdn/media/anime/cover/medium/17471.jpg
[ImageService] Uploaded to: https://eivvjebsmxddrbbbnblr.supabase.co/storage/v1/object/public/covers/anime/b3P4vS7ElNRH0WN5BDThz.webp
     ⏭️ Already exists: Zettai Yareru Girisha Shinwa
[ImageService] Processing: https://s4.anilist.co/file/anilistcdn/media/anime/cover/medium/13509.jpg
[ImageService] Uploaded to: https://eivvjebsmxddrbbbnblr.supabase.co/storage/v1/object/public/covers/anime/gg-ADC19Plywwm1EVOQdE.webp
     ⏭️ Already exists: Shinjuku Shin-chan Patrol: Warui Otona ni Ki wo Tsukete
     ⏭️ Already exists: Sore Ike! Anpanman: Hiya Hiya Hiyariko to Babu Babu Baikinman
     ⏭️ Already exists: Yanase Takashi Märchen Gekijou
     ⏭️ Already exists: Tumulus Gal Coffy ~the 12 Angry Tumuli~
     ⏭️ Already exists: Shinran-sama: Negai, Soshite Hikari

📅 Processing Year: 2007
   📄 Year 2007 Page 1: 9 New, 27 Heal
[ImageService] Processing: https://s4.anilist.co/file/anilistcdn/media/anime/cover/large/bx2476-GSeJUpMGnj40.jpg
[ImageService] Processing: https://s4.anilist.co/file/anilistcdn/media/anime/cover/large/bx2593-FsRHa8PIl2OJ.jpg
[ImageService] Uploaded to: https://eivvjebsmxddrbbbnblr.supabase.co/storage/v1/object/public/covers/anime/oR4NUumskFKzx-WRKozwg.webp
[ImageService] Processing: https://s4.anilist.co/file/anilistcdn/media/anime/cover/large/bx1889-NqhWV3QwBXZl.jpg
[ImageService] Uploaded to: https://eivvjebsmxddrbbbnblr.supabase.co/storage/v1/object/public/covers/anime/6_3kwkhJoMrydAzIAbVYG.webp
[ImageService] Processing: https://s4.anilist.co/file/anilistcdn/media/anime/cover/large/bx1840-AYZXdXUCpqpR.jpg
[ImageService] Processing: https://s4.anilist.co/file/anilistcdn/media/anime/cover/large/bx2605-euXOWMmXtZMe.png
[ImageService] Uploaded to: https://eivvjebsmxddrbbbnblr.supabase.co/storage/v1/object/public/covers/anime/SblhBeRdapqM6Gn8IdJve.webp
[ImageService] Uploaded to: https://eivvjebsmxddrbbbnblr.supabase.co/storage/v1/object/public/covers/anime/HmDO9LTChK4T6orI7FqKs.webp
[ImageService] Uploaded to: https://eivvjebsmxddrbbbnblr.supabase.co/storage/v1/object/public/covers/anime/GMTY5gFwdCMtuuxHLt3Lt.webp
     ⏭️ Already exists: Sayonara, Zetsubou-Sensei
     ⏭️ Already exists: School Days (TV)
[ImageService] Processing: https://s4.anilist.co/file/anilistcdn/media/anime/cover/large/nx2418-AoLtfG2da5yo.jpg
[ImageService] Uploaded to: https://eivvjebsmxddrbbbnblr.supabase.co/storage/v1/object/public/covers/anime/05VF5n5eIFAuxLGcNe0mh.webp
     ⏭️ Already exists: When They Cry Kai
[ImageService] Processing: https://s4.anilist.co/file/anilistcdn/media/anime/cover/large/bx2923-4gO5g4PBcoxy.jpg
[ImageService] Processing: https://s4.anilist.co/file/anilistcdn/media/anime/cover/large/bx2847-BBQFXVTiy6H7.jpg
[ImageService] Uploaded to: https://eivvjebsmxddrbbbnblr.supabase.co/storage/v1/object/public/covers/anime/79_JiDXCI-P9mRzO-Ab83.webp
[ImageService] Uploaded to: https://eivvjebsmxddrbbbnblr.supabase.co/storage/v1/object/public/covers/anime/nUTJIJP2gTcVPE9QHxOZX.webp
     ⏭️ Already exists: The Familiar of Zero: Knight of the Twin Moons
     ⏭️ Already exists: the Garden of sinners Chapter 1: Thanatos. (Overlooking View)
[ImageService] Processing: https://s4.anilist.co/file/anilistcdn/media/anime/cover/medium/2404.jpg
[ImageService] Uploaded to: https://eivvjebsmxddrbbbnblr.supabase.co/storage/v1/object/public/covers/anime/WseYO03rOYizuS06_X5aT.webp
     ⏭️ Already exists: Shugo Chara!
     ⏭️ Already exists: Sword of the Stranger
     ⏭️ Already exists: Pokémon: The Rise of Darkrai
     ⏭️ Already exists: Zombie Loan
   📄 Year 2007 Page 2: 15 New, 5 Heal
[ImageService] Processing: https://s4.anilist.co/file/anilistcdn/media/anime/cover/medium/2594.jpg
[ImageService] Processing: https://s4.anilist.co/file/anilistcdn/media/anime/cover/large/bx1965-lWBpcTni9PS9.png
[ImageService] Processing: https://s4.anilist.co/file/anilistcdn/media/anime/cover/large/bx2107-H8bRuRRbhCIJ.jpg
[ImageService] Processing: https://s4.anilist.co/file/anilistcdn/media/anime/cover/large/bx2158-HQQCVlw2B7iz.jpg
[ImageService] Processing: https://s4.anilist.co/file/anilistcdn/media/anime/cover/medium/2130.jpg
[ImageService] Uploaded to: https://eivvjebsmxddrbbbnblr.supabase.co/storage/v1/object/public/covers/anime/51IHbbEeyKvhRL4Ah7egE.webp
[ImageService] Uploaded to: https://eivvjebsmxddrbbbnblr.supabase.co/storage/v1/object/public/covers/anime/82upgy1JGLaSLFmx2ls5U.webp
[ImageService] Uploaded to: https://eivvjebsmxddrbbbnblr.supabase.co/storage/v1/object/public/covers/anime/RF3WaUb3Ee18onPai3Bb7.webp
[ImageService] Uploaded to: https://eivvjebsmxddrbbbnblr.supabase.co/storage/v1/object/public/covers/anime/6frfGM3-h7w8cUux9qNxB.webp
[ImageService] Uploaded to: https://eivvjebsmxddrbbbnblr.supabase.co/storage/v1/object/public/covers/anime/DCnczshTCNHyx3yCOcD5t.webp
     ⏭️ Already exists: Princess Resurrection
[ImageService] Processing: https://s4.anilist.co/file/anilistcdn/media/anime/cover/large/bx2685-ZP46utTR0mv8.jpg
[ImageService] Uploaded to: https://eivvjebsmxddrbbbnblr.supabase.co/storage/v1/object/public/covers/anime/pU7fWxa-GU0exfUl4oH7O.webp
     ⏭️ Already exists: Piano no Mori
[ImageService] Processing: https://s4.anilist.co/file/anilistcdn/media/anime/cover/large/bx2608-o3f8kIfo5j8i.jpg
     ⏭️ Already exists: sola
[ImageService] Processing: https://s4.anilist.co/file/anilistcdn/media/anime/cover/medium/10622.jpg
     ⏭️ Already exists: Toward the Terra (TV)
[ImageService] Uploaded to: https://eivvjebsmxddrbbbnblr.supabase.co/storage/v1/object/public/covers/anime/5RiNNENCKIT4gWqmRIgLD.webp
[ImageService] Uploaded to: https://eivvjebsmxddrbbbnblr.supabase.co/storage/v1/object/public/covers/anime/bx7gEaj2O3gnhg0WJwWYi.webp
[ImageService] Processing: https://s4.anilist.co/file/anilistcdn/media/anime/cover/large/bx2942-vxdVXaBnXIza.jpg
     ⏭️ Already exists: One Piece: The Desert Princess and the Pirates, Adventures in Alabasta
[ImageService] Uploaded to: https://eivvjebsmxddrbbbnblr.supabase.co/storage/v1/object/public/covers/anime/PJ1saZneij3pr7ahoVcPI.webp
[ImageService] Processing: https://s4.anilist.co/file/anilistcdn/media/anime/cover/medium/1836.jpg
[ImageService] Uploaded to: https://eivvjebsmxddrbbbnblr.supabase.co/storage/v1/object/public/covers/anime/6ntIO-rym_FhsQ3g3KgMl.webp
     ⏭️ Already exists: Tsubasa: Tokyo Revelations
[ImageService] Processing: https://s4.anilist.co/file/anilistcdn/media/anime/cover/large/bx1888-mcnlzqIm34zD.png
[ImageService] Uploaded to: https://eivvjebsmxddrbbbnblr.supabase.co/storage/v1/object/public/covers/anime/9XGJAXLikReXT70vQneng.webp
     ⏭️ Already exists: Wangan Midnight
     ⏭️ Already exists: Sketchbook ~full color's~
[ImageService] Processing: https://s4.anilist.co/file/anilistcdn/media/anime/cover/large/bx2112-txrbJOYMRcco.png
[ImageService] Processing: https://s4.anilist.co/file/anilistcdn/media/anime/cover/medium/6546.jpg
[ImageService] Uploaded to: https://eivvjebsmxddrbbbnblr.supabase.co/storage/v1/object/public/covers/anime/Lav60sCwHdlS95m4Ui4pe.webp
[ImageService] Uploaded to: https://eivvjebsmxddrbbbnblr.supabase.co/storage/v1/object/public/covers/anime/U_72SbKDa6f70zJg2nypT.webp
     ⏭️ Already exists: Shuffle! Memories
[ImageService] Processing: https://s4.anilist.co/file/anilistcdn/media/anime/cover/medium/b4130-cNTifeekohY6.jpg
[ImageService] Uploaded to: https://eivvjebsmxddrbbbnblr.supabase.co/storage/v1/object/public/covers/anime/8rlGDo9q8ROcBBVYQ0fxK.webp
     ⏭️ Already exists: Tengen Toppa Gurren Lagann: Ore no Gurren wa Pikka-Pika!!
[ImageService] Processing: https://s4.anilist.co/file/anilistcdn/media/anime/cover/medium/2562.jpg
[ImageService] Uploaded to: https://eivvjebsmxddrbbbnblr.supabase.co/storage/v1/object/public/covers/anime/VC_SyCLWrv1nDzt6MJaDT.webp
   ⚠️ Primary model refused "pico: Boku no Chiisana Natsu Monogatari". Switching to Grok...
     ⏭️ Already exists: Strawberry Marshmallow OVA
     ⏭️ Already exists: Over Drive
     ⏭️ Already exists: Petit Eva: Evangelion@School
     ⏭️ Already exists: Shion no Ou: The Flowers of Hard Blood
     ⏭️ Already exists: pico: Boku no Chiisana Natsu Monogatari
   📄 Year 2007 Page 3: 9 New, 12 Heal
[ImageService] Processing: https://s4.anilist.co/file/anilistcdn/media/anime/cover/large/bx3088-NoU6aKTJxoeo.png
[ImageService] Processing: https://s4.anilist.co/file/anilistcdn/media/anime/cover/large/bx1727-DKAKdTyHqeTK.jpg
[ImageService] Processing: https://s4.anilist.co/file/anilistcdn/media/anime/cover/medium/b1607-LMJZ0kYu1iJ2.png
[ImageService] Processing: https://s4.anilist.co/file/anilistcdn/media/anime/cover/large/bx1914-VmmTPSjufwMs.png
[ImageService] Uploaded to: https://eivvjebsmxddrbbbnblr.supabase.co/storage/v1/object/public/covers/anime/zy6YlveuHxj4eINyJRxPZ.webp
[ImageService] Uploaded to: https://eivvjebsmxddrbbbnblr.supabase.co/storage/v1/object/public/covers/anime/WdwA8daSWqjmnBV1Gu520.webp
[ImageService] Processing: https://s4.anilist.co/file/anilistcdn/media/anime/cover/medium/3318.jpg
[ImageService] Uploaded to: https://eivvjebsmxddrbbbnblr.supabase.co/storage/v1/object/public/covers/anime/C7PpEiuK4nNhWSbio-svl.webp
[ImageService] Uploaded to: https://eivvjebsmxddrbbbnblr.supabase.co/storage/v1/object/public/covers/anime/AbTYLY9JNnyMXM3hFk55F.webp
[ImageService] Uploaded to: https://eivvjebsmxddrbbbnblr.supabase.co/storage/v1/object/public/covers/anime/jb6oUccqgSjeLbBN5hrE6.webp
     ⏭️ Already exists: Venus Versus Virus
[ImageService] Processing: https://s4.anilist.co/file/anilistcdn/media/anime/cover/medium/2105.jpg
[ImageService] Uploaded to: https://eivvjebsmxddrbbbnblr.supabase.co/storage/v1/object/public/covers/anime/pOF4gqispJh8wTSsaS-zA.webp
     ⏭️ Already exists: The Story of Saiunkoku Second Series
[ImageService] Processing: https://s4.anilist.co/file/anilistcdn/media/anime/cover/medium/1807.jpg
     ⏭️ Already exists: Tokyo Marble Chocolate
[ImageService] Uploaded to: https://eivvjebsmxddrbbbnblr.supabase.co/storage/v1/object/public/covers/anime/B8OMVaHEtmBGYGOh8IZ2Y.webp
     ⏭️ Already exists: Rumbling Hearts OVA
[ImageService] Processing: https://s4.anilist.co/file/anilistcdn/media/anime/cover/medium/3000.jpg
[ImageService] Uploaded to: https://eivvjebsmxddrbbbnblr.supabase.co/storage/v1/object/public/covers/anime/lEPz7XYY9RrGToPjNU3pk.webp
[ImageService] Processing: https://s4.anilist.co/file/anilistcdn/media/anime/cover/medium/b5819-C0s7Hxz8lQBC.png
[ImageService] Uploaded to: https://eivvjebsmxddrbbbnblr.supabase.co/storage/v1/object/public/covers/anime/A9fLI541foGtNm4ZuGJRR.webp
     ⏭️ Already exists: Polyphonica
     ⏭️ Already exists: Prism Ark
     ⏭️ Already exists: Tori no Uta
     ⏭️ Already exists: Toka Gettan, The Moonlight Lady Returns
     ⏭️ Already exists: You're Under Arrest: Full Throttle
   📄 Year 2007 Page 4: 13 New, 18 Heal
[ImageService] Processing: https://s4.anilist.co/file/anilistcdn/media/anime/cover/large/bx1693-ezouSDDTFY2C.jpg
[ImageService] Processing: https://s4.anilist.co/file/anilistcdn/media/anime/cover/large/bx2143-6Qo53JtMFhxT.jpg
[ImageService] Processing: https://s4.anilist.co/file/anilistcdn/media/anime/cover/large/bx1724-pxRNhkgaSSIR.jpg
[ImageService] Processing: https://s4.anilist.co/file/anilistcdn/media/anime/cover/medium/2032.jpg
[ImageService] Uploaded to: https://eivvjebsmxddrbbbnblr.supabase.co/storage/v1/object/public/covers/anime/Jg7os5SA8GbVlwG4pb_E8.webp
[ImageService] Uploaded to: https://eivvjebsmxddrbbbnblr.supabase.co/storage/v1/object/public/covers/anime/OP-aiZXHAeV9pwZZcRp7a.webp
[ImageService] Processing: https://s4.anilist.co/file/anilistcdn/media/anime/cover/large/bx1720-SVwKg5zEfOWw.png
[ImageService] Uploaded to: https://eivvjebsmxddrbbbnblr.supabase.co/storage/v1/object/public/covers/anime/aKsMZHbcg49SF3aJ_Veo6.webp
[ImageService] Uploaded to: https://eivvjebsmxddrbbbnblr.supabase.co/storage/v1/object/public/covers/anime/-4YU_9cIumLwBbz-A5rgG.webp
[ImageService] Uploaded to: https://eivvjebsmxddrbbbnblr.supabase.co/storage/v1/object/public/covers/anime/4t4T-jZ0oob3RqcLD6I1L.webp
     ⏭️ Already exists: Wellber no Monogatari: Sisters of Wellber
[ImageService] Processing: https://s4.anilist.co/file/anilistcdn/media/anime/cover/medium/2267.jpg
[ImageService] Uploaded to: https://eivvjebsmxddrbbbnblr.supabase.co/storage/v1/object/public/covers/anime/mkHOJHJmqJWhwuc4R18CG.webp
     ⏭️ Already exists: Saiyuuki RELOAD: burial
     ⏭️ Already exists: Saint October
[ImageService] Processing: https://s4.anilist.co/file/anilistcdn/media/anime/cover/medium/2967.jpg
[ImageService] Processing: https://s4.anilist.co/file/anilistcdn/media/anime/cover/large/bx3991-qb67k1GY2TSy.png
[ImageService] Uploaded to: https://eivvjebsmxddrbbbnblr.supabase.co/storage/v1/object/public/covers/anime/nTAO4maBQXxFioC2jkuhE.webp
[ImageService] Uploaded to: https://eivvjebsmxddrbbbnblr.supabase.co/storage/v1/object/public/covers/anime/I73-zT05b9vrXUtafAwgD.webp
     ⏭️ Already exists: REIDEEN
     ⏭️ Already exists: ToHeart2 OVA
[ImageService] Processing: https://s4.anilist.co/file/anilistcdn/media/anime/cover/large/bx2408-7a8WPvRvTDnQ.jpg
[ImageService] Processing: https://s4.anilist.co/file/anilistcdn/media/anime/cover/medium/2168.jpg
[ImageService] Uploaded to: https://eivvjebsmxddrbbbnblr.supabase.co/storage/v1/object/public/covers/anime/PrKi6wQvSkAIu6iqWqFzq.webp
[ImageService] Uploaded to: https://eivvjebsmxddrbbbnblr.supabase.co/storage/v1/object/public/covers/anime/tC9K4gBKYND0G1MKDQPSL.webp
     ⏭️ Already exists: Red Garden: Dead Girls
[ImageService] Processing: https://s4.anilist.co/file/anilistcdn/media/anime/cover/medium/3686.jpg
     ⏭️ Already exists: Saishuu Shiken Kujira
[ImageService] Processing: https://s4.anilist.co/file/anilistcdn/media/anime/cover/medium/4761.jpg
[ImageService] Uploaded to: https://eivvjebsmxddrbbbnblr.supabase.co/storage/v1/object/public/covers/anime/dflSLZjDWZqrO_fRVqugi.webp
[ImageService] Uploaded to: https://eivvjebsmxddrbbbnblr.supabase.co/storage/v1/object/public/covers/anime/u06cZprBoPWtogGhTY0Lr.webp
     ⏭️ Already exists: Sakura Wars: New York
[ImageService] Processing: https://s4.anilist.co/file/anilistcdn/media/anime/cover/medium/6268.jpg
[ImageService] Uploaded to: https://eivvjebsmxddrbbbnblr.supabase.co/storage/v1/object/public/covers/anime/0ZvK9QqybY28hyduaMwpX.webp
     ⏭️ Already exists: Sergeant Keroro: The Super Duper Movie 2
     ⏭️ Already exists: Tweeny Witches: Alice Adventures
     ⏭️ Already exists: Tokimeki Memorial: Only Love - Tokimeki no Yuuki
     ⏭️ Already exists: Tokyo Loop
     ⏭️ Already exists: Sekishoku Elegy
   📄 Year 2007 Page 5: 14 New, 13 Heal
[ImageService] Processing: https://s4.anilist.co/file/anilistcdn/media/anime/cover/medium/8079.jpg
[ImageService] Uploaded to: https://eivvjebsmxddrbbbnblr.supabase.co/storage/v1/object/public/covers/anime/xnl49IxvscDD-9wW7QNRo.webp
[ImageService] Processing: https://s4.anilist.co/file/anilistcdn/media/anime/cover/large/bx3362-MLqjZbnzadbW.png
[ImageService] Processing: https://s4.anilist.co/file/anilistcdn/media/anime/cover/medium/6518.jpg
[ImageService] Processing: https://s4.anilist.co/file/anilistcdn/media/anime/cover/medium/9365.jpg
[ImageService] Uploaded to: https://eivvjebsmxddrbbbnblr.supabase.co/storage/v1/object/public/covers/anime/jRxRvVyEqb-QVtn0stBD1.webp
[ImageService] Uploaded to: https://eivvjebsmxddrbbbnblr.supabase.co/storage/v1/object/public/covers/anime/Bz6adcQdZBxrXhzxsX3Co.webp
[ImageService] Uploaded to: https://eivvjebsmxddrbbbnblr.supabase.co/storage/v1/object/public/covers/anime/moexTOQlyimYEbzmJbkVt.webp
[ImageService] Processing: https://s4.anilist.co/file/anilistcdn/media/anime/cover/medium/19467.jpg
[ImageService] Uploaded to: https://eivvjebsmxddrbbbnblr.supabase.co/storage/v1/object/public/covers/anime/GKaBoaNVrcr42OGiRFab-.webp
     ⏭️ Already exists: Oshare Majo♥Love and Berry: Shiawase no Mahou
[ImageService] Processing: https://s4.anilist.co/file/anilistcdn/media/anime/cover/medium/3073.jpg
[ImageService] Uploaded to: https://eivvjebsmxddrbbbnblr.supabase.co/storage/v1/object/public/covers/anime/XWnzBr8FTgN-QORbP4Qsk.webp
     ⏭️ Already exists: Sisters of Wellber - Elegy for a Sad Warrior
     ⏭️ Already exists: Tamala 2010: A Punk Cat in Space OVA
[ImageService] Processing: https://s4.anilist.co/file/anilistcdn/media/anime/cover/medium/9533.jpg
[ImageService] Processing: https://s4.anilist.co/file/anilistcdn/media/anime/cover/medium/5468.jpg
[ImageService] Uploaded to: https://eivvjebsmxddrbbbnblr.supabase.co/storage/v1/object/public/covers/anime/9S8UKrhDhIyfM1FASWjDI.webp
[ImageService] Uploaded to: https://eivvjebsmxddrbbbnblr.supabase.co/storage/v1/object/public/covers/anime/z_2gEJVwKav_7FA6LbD-h.webp
     ⏭️ Already exists: Tamagotchi: The Movie
[ImageService] Processing: https://s4.anilist.co/file/anilistcdn/media/anime/cover/large/bx121826-3kgFmjmYwL6K.jpg
     ⏭️ Already exists: Revbahaf Wang-gug Jaegeon-soelgi
[ImageService] Processing: https://s4.anilist.co/file/anilistcdn/media/anime/cover/medium/2930.jpg
[ImageService] Uploaded to: https://eivvjebsmxddrbbbnblr.supabase.co/storage/v1/object/public/covers/anime/v0ZtlJy6wnyRIRGpC_8IH.webp
[ImageService] Uploaded to: https://eivvjebsmxddrbbbnblr.supabase.co/storage/v1/object/public/covers/anime/KCD98k4DJd65lA8LCHX2d.webp
     ⏭️ Already exists: Tensai? Dr. Hamax
     ⏭️ Already exists: Pururun! Shizuku-chan Aha☆
     ⏭️ Already exists: Robby & Kerobby
[ImageService] Processing: https://s4.anilist.co/file/anilistcdn/media/anime/cover/medium/8346.jpg
[ImageService] Processing: https://s4.anilist.co/file/anilistcdn/media/anime/cover/medium/13507.jpg
[ImageService] Processing: https://s4.anilist.co/file/anilistcdn/media/anime/cover/medium/11681.jpg
[ImageService] Uploaded to: https://eivvjebsmxddrbbbnblr.supabase.co/storage/v1/object/public/covers/anime/RiVfLXMaovJ53MhhTUUmx.webp
[ImageService] Uploaded to: https://eivvjebsmxddrbbbnblr.supabase.co/storage/v1/object/public/covers/anime/a3GeEzP-G6TYexT3LqZjm.webp
[ImageService] Uploaded to: https://eivvjebsmxddrbbbnblr.supabase.co/storage/v1/object/public/covers/anime/AF5ZaXgo0dLNhkAKI7Mg9.webp
     ⏭️ Already exists: Yattokame Tanteidan
[ImageService] Processing: https://s4.anilist.co/file/anilistcdn/media/anime/cover/medium/b171762-1snLUsxditvQ.png
[ImageService] Uploaded to: https://eivvjebsmxddrbbbnblr.supabase.co/storage/v1/object/public/covers/anime/23lCRuBwPFSaaI45Hgf_4.webp
     ⏭️ Already exists: Sore Ike! Anpanman: Horrorman to Hora Horako
     ⏭️ Already exists: Tumulus Gal Coffy ~The Battle of Okehazama~
     ⏭️ Already exists: Ukkari Pénélope OVA
     ⏭️ Already exists: Sore Ike! Anpanman: Kokin-chan to Namida no Christmas
     ⏭️ Already exists: Tetsu no Ko Kanahiru

📅 Processing Year: 2006
   📄 Year 2006 Page 1: 19 New, 16 Heal
[ImageService] Processing: https://s4.anilist.co/file/anilistcdn/media/anime/cover/large/bx853-fiUtW8yohsSF.jpg
[ImageService] Processing: https://s4.anilist.co/file/anilistcdn/media/anime/cover/large/bx849-wQM3GqLvl62P.png
[ImageService] Processing: https://s4.anilist.co/file/anilistcdn/media/anime/cover/large/bx1210-2XotjcgqdcaX.jpg
[ImageService] Uploaded to: https://eivvjebsmxddrbbbnblr.supabase.co/storage/v1/object/public/covers/anime/IgjcXO7roy4FdFS6zMOup.webp
[ImageService] Uploaded to: https://eivvjebsmxddrbbbnblr.supabase.co/storage/v1/object/public/covers/anime/ex6tiSgAOOK_2ZM_C-wYG.webp
[ImageService] Uploaded to: https://eivvjebsmxddrbbbnblr.supabase.co/storage/v1/object/public/covers/anime/xpiw0QZ7hADXvPh8XxHGo.webp
[ImageService] Processing: https://s4.anilist.co/file/anilistcdn/media/anime/cover/large/bx934-wjMlVEl4CWwg.jpg
[ImageService] Processing: https://s4.anilist.co/file/anilistcdn/media/anime/cover/large/bx2236-tH5fWFkHyVGg.png
[ImageService] Uploaded to: https://eivvjebsmxddrbbbnblr.supabase.co/storage/v1/object/public/covers/anime/WIAzou_cNvduVzwtrCGEZ.webp
[ImageService] Uploaded to: https://eivvjebsmxddrbbbnblr.supabase.co/storage/v1/object/public/covers/anime/juHqufu5kjB3p9hyPRCQv.webp
     ⏭️ Already exists: Welcome to the N-H-K
[ImageService] Processing: https://s4.anilist.co/file/anilistcdn/media/anime/cover/large/bx1195-odpKgDQ7A1fV.png
[ImageService] Uploaded to: https://eivvjebsmxddrbbbnblr.supabase.co/storage/v1/object/public/covers/anime/mKZrCJ1tRaaB8CriIOr6v.webp
     ⏭️ Already exists: Ouran High School Host Club
     ⏭️ Already exists: The Melancholy of Haruhi Suzumiya
[ImageService] Processing: https://s4.anilist.co/file/anilistcdn/media/anime/cover/medium/b1943-jMCEYL1Ixmgc.png
[ImageService] Uploaded to: https://eivvjebsmxddrbbbnblr.supabase.co/storage/v1/object/public/covers/anime/dznsSt8_4DBhpFixXPOtz.webp
[ImageService] Processing: https://s4.anilist.co/file/anilistcdn/media/anime/cover/large/bx1604-W2q38L4OCGLI.png
[ImageService] Uploaded to: https://eivvjebsmxddrbbbnblr.supabase.co/storage/v1/object/public/covers/anime/LxjryN1wF6gdShpln1jg5.webp
     ⏭️ Already exists: When They Cry
     ⏭️ Already exists: The Girl Who Leapt Through Time
[ImageService] Processing: https://s4.anilist.co/file/anilistcdn/media/anime/cover/large/bx1565-aJC0XivLqQXY.png
[ImageService] Uploaded to: https://eivvjebsmxddrbbbnblr.supabase.co/storage/v1/object/public/covers/anime/7qbCYokrkt8Z6GrrKMi25.webp
[ImageService] Processing: https://s4.anilist.co/file/anilistcdn/media/anime/cover/large/bx1829-DqhBRfDU7n6D.jpg
[ImageService] Uploaded to: https://eivvjebsmxddrbbbnblr.supabase.co/storage/v1/object/public/covers/anime/WBJ8hTaLzMtr_VcZMyjX4.webp
     ⏭️ Already exists: The Familiar of Zero
[ImageService] Processing: https://s4.anilist.co/file/anilistcdn/media/anime/cover/large/bx1222-kRIt3mFjuDaW.png
[ImageService] Uploaded to: https://eivvjebsmxddrbbbnblr.supabase.co/storage/v1/object/public/covers/anime/tdLS8zm3NoEjeAN5UfhFR.webp
     ⏭️ Already exists: REBORN!
[ImageService] Processing: https://s4.anilist.co/file/anilistcdn/media/anime/cover/large/bx856-lawtNdvqvgwd.png
[ImageService] Uploaded to: https://eivvjebsmxddrbbbnblr.supabase.co/storage/v1/object/public/covers/anime/wxdEw9aZaX7z_eRUu8dlA.webp
     ⏭️ Already exists: Paprika
[ImageService] Processing: https://s4.anilist.co/file/anilistcdn/media/anime/cover/large/nx2154-R7xZo22O9FjK.png
[ImageService] Uploaded to: https://eivvjebsmxddrbbbnblr.supabase.co/storage/v1/object/public/covers/anime/ws3pUjr-l_5snqZwUnZqG.webp
     ⏭️ Already exists: Tales from Earthsea
[ImageService] Processing: https://s4.anilist.co/file/anilistcdn/media/anime/cover/large/bx855-hIqnp64Sovir.png
[ImageService] Uploaded to: https://eivvjebsmxddrbbbnblr.supabase.co/storage/v1/object/public/covers/anime/aB_4Ks50UbtTUaKTNX5Uh.webp
     ⏭️ Already exists: Pokémon the Series: Diamond and Pearl
[ImageService] Processing: https://s4.anilist.co/file/anilistcdn/media/anime/cover/large/bx1562-VU6y9iGoi68O.jpg
[ImageService] Uploaded to: https://eivvjebsmxddrbbbnblr.supabase.co/storage/v1/object/public/covers/anime/XbsJ8y1wpXjWrlwg9jQSr.webp
     ⏭️ Already exists: We Were There
     ⏭️ Already exists: Utawarerumono
[ImageService] Processing: https://s4.anilist.co/file/anilistcdn/media/anime/cover/large/bx935-nzFM4wRfrbmt.png
[ImageService] Processing: https://s4.anilist.co/file/anilistcdn/media/anime/cover/large/bx2201-1B1dS0NLJ3g5.jpg
[ImageService] Uploaded to: https://eivvjebsmxddrbbbnblr.supabase.co/storage/v1/object/public/covers/anime/6OvY959x8JcxL9fyAGz5a.webp
[ImageService] Uploaded to: https://eivvjebsmxddrbbbnblr.supabase.co/storage/v1/object/public/covers/anime/Ydl6NURVDxiWcSLhAqTIy.webp
     ⏭️ Already exists: Strawberry Panic
[ImageService] Processing: https://s4.anilist.co/file/anilistcdn/media/anime/cover/large/bx465-qSRr0MKYhS0I.jpg
[ImageService] Uploaded to: https://eivvjebsmxddrbbbnblr.supabase.co/storage/v1/object/public/covers/anime/VoyMezwU3XD-Du54cEL64.webp
     ⏭️ Already exists: The Wallflower
     ⏭️ Already exists: Tekkonkinkreet
[ImageService] Processing: https://s4.anilist.co/file/anilistcdn/media/anime/cover/large/bx969-5p26f5cQ6dku.jpg
[ImageService] Uploaded to: https://eivvjebsmxddrbbbnblr.supabase.co/storage/v1/object/public/covers/anime/VCGhZKscXofM7Ypy29GDQ.webp
     ⏭️ Already exists: Witchblade
     ⏭️ Already exists: Pokémon Ranger and the Temple of the Sea
     ⏭️ Already exists: One Piece: Mega Mecha Soldier of Karakuri Castle
     ⏭️ Already exists: Tsubasa RESERVoir CHRoNiCLE 2nd Season
   📄 Year 2006 Page 2: 12 New, 5 Heal
[ImageService] Processing: https://s4.anilist.co/file/anilistcdn/media/anime/cover/large/bx879-Y1AMwyonCMQf.jpg
[ImageService] Processing: https://s4.anilist.co/file/anilistcdn/media/anime/cover/medium/1568.jpg
[ImageService] Processing: https://s4.anilist.co/file/anilistcdn/media/anime/cover/large/bx1212-XURZJSnTS6Xi.png
[ImageService] Processing: https://s4.anilist.co/file/anilistcdn/media/anime/cover/large/bx880-ObSuNphjY7VT.jpg
[ImageService] Processing: https://s4.anilist.co/file/anilistcdn/media/anime/cover/large/nx941-uYoRI1jr2su7.jpg
[ImageService] Uploaded to: https://eivvjebsmxddrbbbnblr.supabase.co/storage/v1/object/public/covers/anime/NMRHe25xMdFsgO62ewqK3.webp
[ImageService] Uploaded to: https://eivvjebsmxddrbbbnblr.supabase.co/storage/v1/object/public/covers/anime/gFQqFC02_yPJFrobk3RwW.webp
[ImageService] Uploaded to: https://eivvjebsmxddrbbbnblr.supabase.co/storage/v1/object/public/covers/anime/uwz8fjjR3T7KMseS5rdkR.webp
[ImageService] Uploaded to: https://eivvjebsmxddrbbbnblr.supabase.co/storage/v1/object/public/covers/anime/IwS5qNPKmUCCRsFGKpJ7D.webp
[ImageService] Uploaded to: https://eivvjebsmxddrbbbnblr.supabase.co/storage/v1/object/public/covers/anime/Ersa2uZlsSapvPg7tR12Z.webp
     ⏭️ Already exists: Renkin San-kyuu Magical? Pokaan
[ImageService] Processing: https://s4.anilist.co/file/anilistcdn/media/anime/cover/large/bx878-E65KwO2LaQhp.jpg
[ImageService] Uploaded to: https://eivvjebsmxddrbbbnblr.supabase.co/storage/v1/object/public/covers/anime/eB_4lV70PCnul1g5JHWHS.webp
     ⏭️ Already exists: Sumomomo Momomo: Chijou Saikyou no Yome
[ImageService] Processing: https://s4.anilist.co/file/anilistcdn/media/anime/cover/large/bx1557-l3d9C5xr1BAC.jpg
     ⏭️ Already exists: Oban Star-Racers
[ImageService] Processing: https://s4.anilist.co/file/anilistcdn/media/anime/cover/large/bx1538-8KjoV3x9Jhlk.jpg
[ImageService] Uploaded to: https://eivvjebsmxddrbbbnblr.supabase.co/storage/v1/object/public/covers/anime/1a1YYtwjmHL5NV3NqAFzU.webp
[ImageService] Uploaded to: https://eivvjebsmxddrbbbnblr.supabase.co/storage/v1/object/public/covers/anime/QjfxDhz-tOfqaEDJfIywp.webp
     ⏭️ Already exists: Simoun
[ImageService] Processing: https://s4.anilist.co/file/anilistcdn/media/anime/cover/medium/b1218-Pd4W6etyI3uW.jpg
[ImageService] Uploaded to: https://eivvjebsmxddrbbbnblr.supabase.co/storage/v1/object/public/covers/anime/_Ay-OGoHfUkfxfQCINrUS.webp
     ⏭️ Already exists: Oh! My Goddess: Flights of Fancy
[ImageService] Processing: https://s4.anilist.co/file/anilistcdn/media/anime/cover/medium/916.jpg
[ImageService] Uploaded to: https://eivvjebsmxddrbbbnblr.supabase.co/storage/v1/object/public/covers/anime/5mtFeFfybOOihP1Geiv4A.webp
     ⏭️ Already exists: Shonen Onmyoji
     ⏭️ Already exists: Zegapain
[ImageService] Processing: https://s4.anilist.co/file/anilistcdn/media/anime/cover/medium/837.jpg
[ImageService] Uploaded to: https://eivvjebsmxddrbbbnblr.supabase.co/storage/v1/object/public/covers/anime/aNR2_sUMJzE2dCWv-Mu4w.webp
[ImageService] Processing: https://s4.anilist.co/file/anilistcdn/media/anime/cover/large/bx1067-aOK3mYXFsc9v.jpg
[ImageService] Uploaded to: https://eivvjebsmxddrbbbnblr.supabase.co/storage/v1/object/public/covers/anime/XWz0pl8P0SaCTlG2p9v01.webp
     ⏭️ Already exists: Tonagura!
     ⏭️ Already exists: Tokko
     ⏭️ Already exists: Pumpkin Scissors
     ⏭️ Already exists: Roar of the Machine God Demonbane (2006)
     ⏭️ Already exists: Today in Class 5-2
   📄 Year 2006 Page 3: 12 New, 6 Heal
[ImageService] Processing: https://s4.anilist.co/file/anilistcdn/media/anime/cover/medium/1602.jpg
[ImageService] Processing: https://s4.anilist.co/file/anilistcdn/media/anime/cover/large/bx1534-mbnVgJrquBQt.jpg
[ImageService] Processing: https://s4.anilist.co/file/anilistcdn/media/anime/cover/large/bx1509-oouBMWdpaRO7.jpg
[ImageService] Processing: https://s4.anilist.co/file/anilistcdn/media/anime/cover/large/bx1738-WHxZGItrsQSl.jpg
[ImageService] Uploaded to: https://eivvjebsmxddrbbbnblr.supabase.co/storage/v1/object/public/covers/anime/Va-F9FeldasuknhAzDItV.webp
[ImageService] Processing: https://s4.anilist.co/file/anilistcdn/media/anime/cover/medium/b944-yqJOuaRagwJJ.jpg
[ImageService] Uploaded to: https://eivvjebsmxddrbbbnblr.supabase.co/storage/v1/object/public/covers/anime/SLO1Izb58Le2A5qTTuFVK.webp
[ImageService] Uploaded to: https://eivvjebsmxddrbbbnblr.supabase.co/storage/v1/object/public/covers/anime/ot5G-3V9dol6CzzkBYv8-.webp
[ImageService] Uploaded to: https://eivvjebsmxddrbbbnblr.supabase.co/storage/v1/object/public/covers/anime/3K4CXY8yg98gp6IMcHYtJ.webp
[ImageService] Uploaded to: https://eivvjebsmxddrbbbnblr.supabase.co/storage/v1/object/public/covers/anime/h-8d7fhx5I8oPZ0vP0i4G.webp
     ⏭️ Already exists: STRAIN: Strategic Armored Infantry
[ImageService] Processing: https://s4.anilist.co/file/anilistcdn/media/anime/cover/medium/b798-w1FtgXZvXIqX.png
[ImageService] Uploaded to: https://eivvjebsmxddrbbbnblr.supabase.co/storage/v1/object/public/covers/anime/HzvRFgghsKggtqhXuVHu0.webp
     ⏭️ Already exists: PreCure Splash Star
[ImageService] Processing: https://s4.anilist.co/file/anilistcdn/media/anime/cover/large/bx854-q1ldaqQVi2RJ.png
[ImageService] Uploaded to: https://eivvjebsmxddrbbbnblr.supabase.co/storage/v1/object/public/covers/anime/0WLKljyVK0VpyaegEumyZ.webp
     ⏭️ Already exists: Ramen Fighter Miki
[ImageService] Processing: https://s4.anilist.co/file/anilistcdn/media/anime/cover/medium/1198.jpg
[ImageService] Uploaded to: https://eivvjebsmxddrbbbnblr.supabase.co/storage/v1/object/public/covers/anime/qg9fL5-jmFBF3NnzAGinf.webp
     ⏭️ Already exists: The Third: The Girl with the Blue Eye
[ImageService] Processing: https://s4.anilist.co/file/anilistcdn/media/anime/cover/large/bx1911-nVl9IQnszHAN.png
[ImageService] Uploaded to: https://eivvjebsmxddrbbbnblr.supabase.co/storage/v1/object/public/covers/anime/PjpkxhU_23drcj9W4MjYG.webp
     ⏭️ Already exists: Save Me! Lollipop
[ImageService] Processing: https://s4.anilist.co/file/anilistcdn/media/anime/cover/large/bx942-P5iFwvMI0jkp.png
[ImageService] Uploaded to: https://eivvjebsmxddrbbbnblr.supabase.co/storage/v1/object/public/covers/anime/2j8EW2K99Pr3bDkHeOqPx.webp
     ⏭️ Already exists: Yomigaeru Sora: Rescue Wings
     ⏭️ Already exists: Tsuyokiss
[ImageService] Processing: https://s4.anilist.co/file/anilistcdn/media/anime/cover/large/bx943-9Hpks0AUkgog.jpg
[ImageService] Processing: https://s4.anilist.co/file/anilistcdn/media/anime/cover/medium/b2619-F3pcJwNGkfrk.jpg
[ImageService] Uploaded to: https://eivvjebsmxddrbbbnblr.supabase.co/storage/v1/object/public/covers/anime/PFoN4MB0PrNST_yHidj6D.webp
[ImageService] Uploaded to: https://eivvjebsmxddrbbbnblr.supabase.co/storage/v1/object/public/covers/anime/3eiZO6liE1j01u2R3i4R4.webp
     ⏭️ Already exists: Soul Link
     ⏭️ Already exists: The Good Witch Of The West
     ⏭️ Already exists: Top wo Nerae! & Top wo Nerae 2! Gattai Movie!!
     ⏭️ Already exists: Spider Riders
     ⏭️ Already exists: Yume Tsukai
   📄 Year 2006 Page 4: 13 New, 20 Heal
[ImageService] Processing: https://s4.anilist.co/file/anilistcdn/media/anime/cover/medium/1881.jpg
[ImageService] Processing: https://s4.anilist.co/file/anilistcdn/media/anime/cover/medium/1603.jpg
[ImageService] Processing: https://s4.anilist.co/file/anilistcdn/media/anime/cover/medium/817.jpg
[ImageService] Processing: https://s4.anilist.co/file/anilistcdn/media/anime/cover/medium/b6463-m2I4wH08C65j.jpg
[ImageService] Uploaded to: https://eivvjebsmxddrbbbnblr.supabase.co/storage/v1/object/public/covers/anime/MoAQBratArF11W3-zpdL3.webp
[ImageService] Uploaded to: https://eivvjebsmxddrbbbnblr.supabase.co/storage/v1/object/public/covers/anime/KAtUWBf_uyeRAFxFP6jF2.webp
[ImageService] Uploaded to: https://eivvjebsmxddrbbbnblr.supabase.co/storage/v1/object/public/covers/anime/J5EIBXXC6nJAZEsPw1yKH.webp
[ImageService] Uploaded to: https://eivvjebsmxddrbbbnblr.supabase.co/storage/v1/object/public/covers/anime/7KLYKjmneQdF2k_xr9sqY.webp
[ImageService] Processing: https://s4.anilist.co/file/anilistcdn/media/anime/cover/medium/b4114-DVX9UQdHHePT.jpg
[ImageService] Uploaded to: https://eivvjebsmxddrbbbnblr.supabase.co/storage/v1/object/public/covers/anime/Sm18iVUXU5lQqadQiOvhG.webp
     ⏭️ Already exists: Super Robot Wars The Original Generation: The Divine Wars
[ImageService] Processing: https://s4.anilist.co/file/anilistcdn/media/anime/cover/large/nx2767-0NvyHihYarZB.jpg
[ImageService] Uploaded to: https://eivvjebsmxddrbbbnblr.supabase.co/storage/v1/object/public/covers/anime/uR0pZJd0s9X6ep_nIHBSQ.webp
     ⏭️ Already exists: Tactical Roar
[ImageService] Processing: https://s4.anilist.co/file/anilistcdn/media/anime/cover/large/bx2407-mTk8Jkue3MfM.jpg
[ImageService] Uploaded to: https://eivvjebsmxddrbbbnblr.supabase.co/storage/v1/object/public/covers/anime/yIYmvHJeLoFpFpStmuF6o.webp
     ⏭️ Already exists: Sasami Magical Girls Club
[ImageService] Processing: https://s4.anilist.co/file/anilistcdn/media/anime/cover/large/bx1886-GVUaVlMBg7Ba.png
     ⏭️ Already exists: The Day I Bought a Star
[ImageService] Uploaded to: https://eivvjebsmxddrbbbnblr.supabase.co/storage/v1/object/public/covers/anime/X0BjJPx5NESC_XJMGwgU3.webp
     ⏭️ Already exists: Onegai My Melody: Kuru Kuru Shuffle!
[ImageService] Processing: https://s4.anilist.co/file/anilistcdn/media/anime/cover/medium/1882.jpg
[ImageService] Uploaded to: https://eivvjebsmxddrbbbnblr.supabase.co/storage/v1/object/public/covers/anime/HqztNT6MHMJJWIr5Lwpku.webp
[ImageService] Processing: https://s4.anilist.co/file/anilistcdn/media/anime/cover/medium/994.jpg
[ImageService] Uploaded to: https://eivvjebsmxddrbbbnblr.supabase.co/storage/v1/object/public/covers/anime/loPxWjUkGD-4CvfS4NbQG.webp
     ⏭️ Already exists: Twin Princesses of the Wonder Planet
     ⏭️ Already exists: Taneyamagahara no Yoru
[ImageService] Processing: https://s4.anilist.co/file/anilistcdn/media/anime/cover/medium/2181.jpg
[ImageService] Uploaded to: https://eivvjebsmxddrbbbnblr.supabase.co/storage/v1/object/public/covers/anime/2bf0HdJYETZIBtfh36EMy.webp
     ⏭️ Already exists: Sergeant Keroro: The Super Duper Movie
[ImageService] Processing: https://s4.anilist.co/file/anilistcdn/media/anime/cover/medium/11915.jpg
[ImageService] Processing: https://s4.anilist.co/file/anilistcdn/media/anime/cover/medium/1247.jpg
[ImageService] Uploaded to: https://eivvjebsmxddrbbbnblr.supabase.co/storage/v1/object/public/covers/anime/SCeFDvR7YOSw6SBXWUEtq.webp
[ImageService] Uploaded to: https://eivvjebsmxddrbbbnblr.supabase.co/storage/v1/object/public/covers/anime/BQv5BVGhjo3MSQZLQ7Kua.webp
     ⏭️ Already exists: sin in the rain
     ⏭️ Already exists: Sasami Magical Girls Club 2
     ⏭️ Already exists: Within the Bloody Woods
     ⏭️ Already exists: Project Blue Earth SOS
     ⏭️ Already exists: Tank S.W.A.T. 01
   📄 Year 2006 Page 5: 17 New, 23 Heal
[ImageService] Processing: https://s4.anilist.co/file/anilistcdn/media/anime/cover/medium/2244.jpg
[ImageService] Processing: https://s4.anilist.co/file/anilistcdn/media/anime/cover/large/bx1771-I13QhYgBj6UL.jpg
[ImageService] Processing: https://s4.anilist.co/file/anilistcdn/media/anime/cover/large/bx3854-2gkEGVIlKSne.png
[ImageService] Processing: https://s4.anilist.co/file/anilistcdn/media/anime/cover/medium/2388.jpg
[ImageService] Uploaded to: https://eivvjebsmxddrbbbnblr.supabase.co/storage/v1/object/public/covers/anime/CanUR0PAW15P4BR-USeGe.webp
[ImageService] Uploaded to: https://eivvjebsmxddrbbbnblr.supabase.co/storage/v1/object/public/covers/anime/VhygmQmTm9Zacn5sNDKG0.webp
[ImageService] Uploaded to: https://eivvjebsmxddrbbbnblr.supabase.co/storage/v1/object/public/covers/anime/sTtoBpdVQUCAqQ5szVxdQ.webp
[ImageService] Processing: https://s4.anilist.co/file/anilistcdn/media/anime/cover/medium/6266.jpg
[ImageService] Uploaded to: https://eivvjebsmxddrbbbnblr.supabase.co/storage/v1/object/public/covers/anime/7aeIj_r0Wu7_fUUGJ9Lit.webp
[ImageService] Uploaded to: https://eivvjebsmxddrbbbnblr.supabase.co/storage/v1/object/public/covers/anime/ZAr4phP5k29fseOhI4nbZ.webp
     ⏭️ Already exists: Ring ni Kakero 1 Episode: The Pacific War
[ImageService] Processing: https://s4.anilist.co/file/anilistcdn/media/anime/cover/medium/b8533-FwHZbIB3xle2.jpg
     ⏭️ Already exists: Tachigui: The Amazing Lives of the Fast Food Grifters
[ImageService] Uploaded to: https://eivvjebsmxddrbbbnblr.supabase.co/storage/v1/object/public/covers/anime/uz4epLK12oQg_cORHm7bi.webp
[ImageService] Processing: https://s4.anilist.co/file/anilistcdn/media/anime/cover/medium/3113.jpg
     ⏭️ Already exists: Rakugo Tennyo Oyui
[ImageService] Uploaded to: https://eivvjebsmxddrbbbnblr.supabase.co/storage/v1/object/public/covers/anime/00_N_PIrGAkSs2PcmSE48.webp
[ImageService] Processing: https://s4.anilist.co/file/anilistcdn/media/anime/cover/medium/1031.jpg
[ImageService] Uploaded to: https://eivvjebsmxddrbbbnblr.supabase.co/storage/v1/object/public/covers/anime/0Yk98JztD8kXaUCPiFJTA.webp
     ⏭️ Already exists: The Galaxy Railways: A Letter from the Abandoned Planet
[ImageService] Processing: https://s4.anilist.co/file/anilistcdn/media/anime/cover/medium/6939.jpg
[ImageService] Uploaded to: https://eivvjebsmxddrbbbnblr.supabase.co/storage/v1/object/public/covers/anime/9SX-4lZtRzGv_oATO7H6c.webp
     ⏭️ Already exists: School Girl
[ImageService] Processing: https://s4.anilist.co/file/anilistcdn/media/anime/cover/medium/b1001-jeUOTUfNlONM.jpg
[ImageService] Uploaded to: https://eivvjebsmxddrbbbnblr.supabase.co/storage/v1/object/public/covers/anime/-HAPsSaSGc_7zXOZf04l0.webp
     ⏭️ Already exists: Yonna in the Solitary Fortress
     ⏭️ Already exists: Pinky:st.
[ImageService] Processing: https://s4.anilist.co/file/anilistcdn/media/anime/cover/medium/3498.jpg
[ImageService] Processing: https://s4.anilist.co/file/anilistcdn/media/anime/cover/medium/6183.jpg
[ImageService] Uploaded to: https://eivvjebsmxddrbbbnblr.supabase.co/storage/v1/object/public/covers/anime/OjogtCE2qFjWjIVpKQUNV.webp
[ImageService] Uploaded to: https://eivvjebsmxddrbbbnblr.supabase.co/storage/v1/object/public/covers/anime/4VCjgRQLDw26SXxdePfc4.webp
     ⏭️ Already exists: The Laws of Eternity
[ImageService] Processing: https://s4.anilist.co/file/anilistcdn/media/anime/cover/medium/2024.jpg
[ImageService] Uploaded to: https://eivvjebsmxddrbbbnblr.supabase.co/storage/v1/object/public/covers/anime/JBKzaGlnSiwVv1hbwDpGQ.webp
     ⏭️ Already exists: Tide-Line Blue: Kyoudai
[ImageService] Processing: https://s4.anilist.co/file/anilistcdn/media/anime/cover/medium/1863.jpg
[ImageService] Uploaded to: https://eivvjebsmxddrbbbnblr.supabase.co/storage/v1/object/public/covers/anime/i_iv3UxAj9b6Gsrw5Bq8i.webp
     ⏭️ Already exists: Shadow of the Cherry Blossoms
[ImageService] Processing: https://s4.anilist.co/file/anilistcdn/media/anime/cover/medium/7982.jpg
[ImageService] Uploaded to: https://eivvjebsmxddrbbbnblr.supabase.co/storage/v1/object/public/covers/anime/vdBgYLuVHQhN9MpikpJq2.webp
     ⏭️ Already exists: Shin Onimusha: Dawn of Dreams the Story
[ImageService] Processing: https://s4.anilist.co/file/anilistcdn/media/anime/cover/large/bx103468-lE20Ds0cr1wB.png
[ImageService] Uploaded to: https://eivvjebsmxddrbbbnblr.supabase.co/storage/v1/object/public/covers/anime/c0jHrLKgesSr5tMscdCjw.webp
     ⏭️ Already exists: Yoshimune
[ImageService] Processing: https://s4.anilist.co/file/anilistcdn/media/anime/cover/medium/10627.jpg
     ⏭️ Already exists: Yoh Shomei Art Gallery Line
[ImageService] Uploaded to: https://eivvjebsmxddrbbbnblr.supabase.co/storage/v1/object/public/covers/anime/NGQTU8Hq948igK7RYhoMx.webp
     ⏭️ Already exists: Silk Road Shounen Yuuto
     ⏭️ Already exists: Tetsuro no Kanata
     ⏭️ Already exists: Yamakoshi Mura no Mari to Sanbiki no Koinu
     ⏭️ Already exists: Ski Jumping Pairs: Road to TORINO 2006
   📄 Year 2006 Page 6: 2 New, 2 Heal
[ImageService] Processing: https://s4.anilist.co/file/anilistcdn/media/anime/cover/medium/n107295-ya2ciemmk4jW.png
[ImageService] Processing: https://s4.anilist.co/file/anilistcdn/media/anime/cover/medium/8205.jpg
[ImageService] Uploaded to: https://eivvjebsmxddrbbbnblr.supabase.co/storage/v1/object/public/covers/anime/dR_cSNJqvADEKi65_XPj2.webp
[ImageService] Uploaded to: https://eivvjebsmxddrbbbnblr.supabase.co/storage/v1/object/public/covers/anime/VcBwHkKdtubSo9_0Qy7E1.webp
     ⏭️ Already exists: Norabbits' Minutes
     ⏭️ Already exists: Wa Wa Wa Wappi-chan

📅 Processing Year: 2005
   📄 Year 2005 Page 1: 6 New, 5 Heal
[ImageService] Processing: https://s4.anilist.co/file/anilistcdn/media/anime/cover/large/bx464-g4wcZPjbhY5j.png
[ImageService] Processing: https://s4.anilist.co/file/anilistcdn/media/anime/cover/large/bx390-rO6Vj8DyKcLb.png
[ImageService] Processing: https://s4.anilist.co/file/anilistcdn/media/anime/cover/large/bx756-XAbKbFaUTDiA.jpg
[ImageService] Processing: https://s4.anilist.co/file/anilistcdn/media/anime/cover/large/bx325-PyIkDSWoa5i3.png
[ImageService] Processing: https://s4.anilist.co/file/anilistcdn/media/anime/cover/medium/248.jpg
[ImageService] Uploaded to: https://eivvjebsmxddrbbbnblr.supabase.co/storage/v1/object/public/covers/anime/b9rMwyDIJfNiaNyb_TFtu.webp
[ImageService] Uploaded to: https://eivvjebsmxddrbbbnblr.supabase.co/storage/v1/object/public/covers/anime/Raht41VjBuC7iY2kLrnV1.webp
[ImageService] Uploaded to: https://eivvjebsmxddrbbbnblr.supabase.co/storage/v1/object/public/covers/anime/W4xb2EYaZ1WNUB_zi2p7Q.webp
[ImageService] Uploaded to: https://eivvjebsmxddrbbbnblr.supabase.co/storage/v1/object/public/covers/anime/HAE8EKUSF_07-kXz8hw13.webp
[ImageService] Uploaded to: https://eivvjebsmxddrbbbnblr.supabase.co/storage/v1/object/public/covers/anime/UXOd1zrIueVaKzqIl1soa.webp
     ⏭️ Already exists: One Piece: Baron Omatsuri and the Secret Island
[ImageService] Processing: https://s4.anilist.co/file/anilistcdn/media/anime/cover/large/bx1642-PE1QcCczThw5.jpg
     ⏭️ Already exists: School Days
[ImageService] Uploaded to: https://eivvjebsmxddrbbbnblr.supabase.co/storage/v1/object/public/covers/anime/qrFZ9wUqx8vXzweN9Ra36.webp
     ⏭️ Already exists: Peach Girl: Super Pop Love Hurricane
     ⏭️ Already exists: Strawberry 100%
     ⏭️ Already exists: Suzuka
     ⏭️ Already exists: Sugar Sugar Rune
   📄 Year 2005 Page 2: 7 New, 8 Heal
[ImageService] Processing: https://s4.anilist.co/file/anilistcdn/media/anime/cover/medium/b517-wYuK22CQJT6m.jpg
[ImageService] Processing: https://s4.anilist.co/file/anilistcdn/media/anime/cover/large/bx448-gbPXMCC1Gkcf.png
[ImageService] Processing: https://s4.anilist.co/file/anilistcdn/media/anime/cover/large/bx152-Dhq9vohv6AaN.jpg
[ImageService] Uploaded to: https://eivvjebsmxddrbbbnblr.supabase.co/storage/v1/object/public/covers/anime/aOwW7-X9GvqMUrPxKAK8G.webp
[ImageService] Processing: https://s4.anilist.co/file/anilistcdn/media/anime/cover/medium/746.jpg
[ImageService] Uploaded to: https://eivvjebsmxddrbbbnblr.supabase.co/storage/v1/object/public/covers/anime/rC9UF3Ht-zlvOdlMOPCjN.webp
[ImageService] Uploaded to: https://eivvjebsmxddrbbbnblr.supabase.co/storage/v1/object/public/covers/anime/Gp9Ty958Nf-pYW-kheYAD.webp
[ImageService] Uploaded to: https://eivvjebsmxddrbbbnblr.supabase.co/storage/v1/object/public/covers/anime/_kF6eEsKWU8Vvz8dDb2WX.webp
[ImageService] Processing: https://s4.anilist.co/file/anilistcdn/media/anime/cover/medium/b470-XbVwx3Ra2iaV.jpg
[ImageService] Uploaded to: https://eivvjebsmxddrbbbnblr.supabase.co/storage/v1/object/public/covers/anime/pOl95oYCf4loeP0iyhd4w.webp
     ⏭️ Already exists: Papa to Kiss in the Dark
     ⏭️ Already exists: Solty Rei
[ImageService] Processing: https://s4.anilist.co/file/anilistcdn/media/anime/cover/medium/7396.jpg
[ImageService] Processing: https://s4.anilist.co/file/anilistcdn/media/anime/cover/large/bx471-azP1OUhYLJgS.png
[ImageService] Uploaded to: https://eivvjebsmxddrbbbnblr.supabase.co/storage/v1/object/public/covers/anime/PRTKMxSoVura7UYDSDnMr.webp
[ImageService] Uploaded to: https://eivvjebsmxddrbbbnblr.supabase.co/storage/v1/object/public/covers/anime/Ho7gFU2ZPkcdA7cDXzS7Y.webp
     ⏭️ Already exists: School Rumble OVA
     ⏭️ Already exists: Tenjho Tenge: The Ultimate Fight
     ⏭️ Already exists: Okusama wa Joshikousei
     ⏭️ Already exists: Shuffle! Prologue
     ⏭️ Already exists: To Heart 2
   📄 Year 2005 Page 3: 14 New, 11 Heal
[ImageService] Processing: https://s4.anilist.co/file/anilistcdn/media/anime/cover/large/bx815-TLNWfX0jUwWp.png
[ImageService] Processing: https://s4.anilist.co/file/anilistcdn/media/anime/cover/large/bx505-xajn3wPR06I3.png
[ImageService] Processing: https://s4.anilist.co/file/anilistcdn/media/anime/cover/medium/b609-JohCZyhylmHK.png
[ImageService] Processing: https://s4.anilist.co/file/anilistcdn/media/anime/cover/medium/712.jpg
[ImageService] Uploaded to: https://eivvjebsmxddrbbbnblr.supabase.co/storage/v1/object/public/covers/anime/wmEHwDdl0bmW45vGMmh48.webp
[ImageService] Uploaded to: https://eivvjebsmxddrbbbnblr.supabase.co/storage/v1/object/public/covers/anime/aRcSYFfpBV-t4fM6wnaD_.webp
[ImageService] Uploaded to: https://eivvjebsmxddrbbbnblr.supabase.co/storage/v1/object/public/covers/anime/U45Z8Mpzan4mozLWNa5jD.webp
[ImageService] Uploaded to: https://eivvjebsmxddrbbbnblr.supabase.co/storage/v1/object/public/covers/anime/EnF7pcDdXGlQhzmu3ZdeQ.webp
[ImageService] Processing: https://s4.anilist.co/file/anilistcdn/media/anime/cover/medium/1147.jpg
[ImageService] Uploaded to: https://eivvjebsmxddrbbbnblr.supabase.co/storage/v1/object/public/covers/anime/bWmpQYDqcMNxwZ7T4Kcn0.webp
   ⚠️ Primary model refused "Saikano: Another Love Song". Switching to Grok...
     ⏭️ Already exists: Tennis no Ouji-sama: Futari no Samurai - The First Game
[ImageService] Processing: https://s4.anilist.co/file/anilistcdn/media/anime/cover/medium/814.jpg
[ImageService] Uploaded to: https://eivvjebsmxddrbbbnblr.supabase.co/storage/v1/object/public/covers/anime/w63_21t4MUOeJTlN-0wpO.webp
     ⏭️ Already exists: Twin Princesses of the Wonder Planet
[ImageService] Processing: https://s4.anilist.co/file/anilistcdn/media/anime/cover/large/bx2110-YxtgxHw4VIoz.png
[ImageService] Uploaded to: https://eivvjebsmxddrbbbnblr.supabase.co/storage/v1/object/public/covers/anime/feQb87_O07WooJVD_w2-U.webp
     ⏭️ Already exists: Zoids Genesis
[ImageService] Processing: https://s4.anilist.co/file/anilistcdn/media/anime/cover/large/bx473-gnxOlykZj8e8.png
[ImageService] Uploaded to: https://eivvjebsmxddrbbbnblr.supabase.co/storage/v1/object/public/covers/anime/8r3SYhisExWdQ6_jTOWiq.webp
     ⏭️ Already exists: Tenchi Muyo! Ryo-Ohki: Final Confrontations
[ImageService] Processing: https://s4.anilist.co/file/anilistcdn/media/anime/cover/medium/b911-cLvIrRS9FwHU.jpg
[ImageService] Uploaded to: https://eivvjebsmxddrbbbnblr.supabase.co/storage/v1/object/public/covers/anime/atzfaCD5h-xHqeTEFxhNS.webp
     ⏭️ Already exists: Tennis no Ouji-sama: Atobe Kara no Okurimono - Kimi ni Sasageru Tenipuri Matsuri
     ⏭️ Already exists: Saikano: Another Love Song
[ImageService] Processing: https://s4.anilist.co/file/anilistcdn/media/anime/cover/large/bx612-K2ouolYnPysL.png
[ImageService] Processing: https://s4.anilist.co/file/anilistcdn/media/anime/cover/large/bx928-xcKekI3ckIps.jpg
[ImageService] Uploaded to: https://eivvjebsmxddrbbbnblr.supabase.co/storage/v1/object/public/covers/anime/hAp0G9n9qKkK1ZNmjKjbn.webp
[ImageService] Uploaded to: https://eivvjebsmxddrbbbnblr.supabase.co/storage/v1/object/public/covers/anime/N8jmXmV_hG6d3Qyej6lRi.webp
     ⏭️ Already exists: Zatch Bell! Attack of Mechavulcan
[ImageService] Processing: https://s4.anilist.co/file/anilistcdn/media/anime/cover/medium/1514.jpg
[ImageService] Uploaded to: https://eivvjebsmxddrbbbnblr.supabase.co/storage/v1/object/public/covers/anime/Os9TpDH1FrmZ0uySzD8wR.webp
     ⏭️ Already exists: Tide-Line Blue
[ImageService] Processing: https://s4.anilist.co/file/anilistcdn/media/anime/cover/large/bx574-WkuBrilNesVM.jpg
[ImageService] Uploaded to: https://eivvjebsmxddrbbbnblr.supabase.co/storage/v1/object/public/covers/anime/WscDDSXb7K7zkQdzlglle.webp
     ⏭️ Already exists: Rockman.EXE BEAST
[ImageService] Processing: https://s4.anilist.co/file/anilistcdn/media/anime/cover/large/bx754-UV5n4Rlih7PQ.jpg
[ImageService] Uploaded to: https://eivvjebsmxddrbbbnblr.supabase.co/storage/v1/object/public/covers/anime/AHuKfvNUlYD0_MNbjqNyX.webp
     ⏭️ Already exists: PetoPeto-san
     ⏭️ Already exists: Transformers: Cybertron
     ⏭️ Already exists: UFO Ultramaiden Valkyrie 3: Bride of Celestial Souls' Day
     ⏭️ Already exists: The Wings of Rean
     ⏭️ Already exists: The Snow Queen
   📄 Year 2005 Page 4: 16 New, 25 Heal
[ImageService] Processing: https://s4.anilist.co/file/anilistcdn/media/anime/cover/medium/3336.jpg
[ImageService] Processing: https://s4.anilist.co/file/anilistcdn/media/anime/cover/medium/1544.jpg
[ImageService] Processing: https://s4.anilist.co/file/anilistcdn/media/anime/cover/medium/503.jpg
[ImageService] Uploaded to: https://eivvjebsmxddrbbbnblr.supabase.co/storage/v1/object/public/covers/anime/DqMLRHg-T7DGYAAn3DMI2.webp
[ImageService] Processing: https://s4.anilist.co/file/anilistcdn/media/anime/cover/medium/4475.jpg
[ImageService] Uploaded to: https://eivvjebsmxddrbbbnblr.supabase.co/storage/v1/object/public/covers/anime/xxQWfRUwh94lljWolv5Bo.webp
[ImageService] Uploaded to: https://eivvjebsmxddrbbbnblr.supabase.co/storage/v1/object/public/covers/anime/0osPt56DG6budvYtSH9Sm.webp
[ImageService] Processing: https://s4.anilist.co/file/anilistcdn/media/anime/cover/medium/2111.jpg
[ImageService] Uploaded to: https://eivvjebsmxddrbbbnblr.supabase.co/storage/v1/object/public/covers/anime/3a0m2LvSlb9OXetWVp5pr.webp
[ImageService] Uploaded to: https://eivvjebsmxddrbbbnblr.supabase.co/storage/v1/object/public/covers/anime/3LkMDxZCndI6xul87OJ7O.webp
     ⏭️ Already exists: Super Robot Wars Original Generation: The Animation
     ⏭️ Already exists: The Eternal Aseria
     ⏭️ Already exists: Rockman. EXE Movie: Programs of Light and Darkness
[ImageService] Processing: https://s4.anilist.co/file/anilistcdn/media/anime/cover/large/bx402-Xkz8RLoOxqWA.png
[ImageService] Processing: https://s4.anilist.co/file/anilistcdn/media/anime/cover/medium/n7510-L2t6xo7axD6s.jpg
[ImageService] Uploaded to: https://eivvjebsmxddrbbbnblr.supabase.co/storage/v1/object/public/covers/anime/WBS6VrdgYPzFohjelKgiU.webp
[ImageService] Processing: https://s4.anilist.co/file/anilistcdn/media/anime/cover/medium/2840.jpg
[ImageService] Uploaded to: https://eivvjebsmxddrbbbnblr.supabase.co/storage/v1/object/public/covers/anime/Olz-apvBy7YOEJMXbDyR3.webp
     ⏭️ Already exists: Open Your Mind
[ImageService] Uploaded to: https://eivvjebsmxddrbbbnblr.supabase.co/storage/v1/object/public/covers/anime/Aij-zZOXIa1jpUW4ORw4m.webp
[ImageService] Processing: https://s4.anilist.co/file/anilistcdn/media/anime/cover/medium/7809.jpg
[ImageService] Uploaded to: https://eivvjebsmxddrbbbnblr.supabase.co/storage/v1/object/public/covers/anime/nOFq6xO1rCe5pPGLvle5e.webp
     ⏭️ Already exists: The Old Crocodile
[ImageService] Processing: https://s4.anilist.co/file/anilistcdn/media/anime/cover/large/bx2455-XFBM1STnV886.png
[ImageService] Uploaded to: https://eivvjebsmxddrbbbnblr.supabase.co/storage/v1/object/public/covers/anime/6xmc_6F1QWBRBrEGY5b4H.webp
     ⏭️ Already exists: Otogi-juushi Akazukin (OVA)
[ImageService] Processing: https://s4.anilist.co/file/anilistcdn/media/anime/cover/medium/b988-pxSq2eJE9WDG.jpg
     ⏭️ Already exists: Welcome to Lodoss Island!
[ImageService] Uploaded to: https://eivvjebsmxddrbbbnblr.supabase.co/storage/v1/object/public/covers/anime/QLm5hjXsEPzzRqvl1xxV8.webp
[ImageService] Processing: https://s4.anilist.co/file/anilistcdn/media/anime/cover/large/bx8928-aEj7z1OSB7Qw.jpg
[ImageService] Uploaded to: https://eivvjebsmxddrbbbnblr.supabase.co/storage/v1/object/public/covers/anime/uGFsBJ0S--DqZy85Chr6p.webp
     ⏭️ Already exists: The Book of the Dead
[ImageService] Processing: https://s4.anilist.co/file/anilistcdn/media/anime/cover/medium/17493.jpg
[ImageService] Uploaded to: https://eivvjebsmxddrbbbnblr.supabase.co/storage/v1/object/public/covers/anime/WdlsPFx0jwQybu9yXSK4s.webp
     ⏭️ Already exists: Trilogy about Clouds
[ImageService] Processing: https://s4.anilist.co/file/anilistcdn/media/anime/cover/medium/4049.jpg
[ImageService] Uploaded to: https://eivvjebsmxddrbbbnblr.supabase.co/storage/v1/object/public/covers/anime/BMjHfSLPOvOXVm0kKVkkO.webp
     ⏭️ Already exists: Prayers
[ImageService] Processing: https://s4.anilist.co/file/anilistcdn/media/anime/cover/medium/7511.jpg
[ImageService] Uploaded to: https://eivvjebsmxddrbbbnblr.supabase.co/storage/v1/object/public/covers/anime/RX0y4UAzr0bVS7vppvtkV.webp
     ⏭️ Already exists: Tomorrow Will Become Better!: Half a Sweet Potato
     ⏭️ Already exists: Shinshaku Sengoku Eiyuu Densetsu: Sanada Juu Yuushi The Animation
[ImageService] Processing: https://s4.anilist.co/file/anilistcdn/media/anime/cover/medium/b170428-bG3JUmLeBSBj.jpg
[ImageService] Uploaded to: https://eivvjebsmxddrbbbnblr.supabase.co/storage/v1/object/public/covers/anime/pkcLt9h8utrTyiMi1rkAK.webp
     ⏭️ Already exists: Visions of Frank
     ⏭️ Already exists: WORKU: Dai 1-wa FROM BEHIND
     ⏭️ Already exists: Pandalian
     ⏭️ Already exists: Wagamama☆Fairy Mirumo de Pon! Charming
   📄 Year 2005 Page 5: 4 New, 3 Heal
[ImageService] Processing: https://s4.anilist.co/file/anilistcdn/media/anime/cover/medium/b140307-mT78eooLCC0K.jpg
[ImageService] Processing: https://s4.anilist.co/file/anilistcdn/media/anime/cover/medium/18773.jpg
[ImageService] Processing: https://s4.anilist.co/file/anilistcdn/media/anime/cover/medium/b187216-ksp30icAn5tR.png
[ImageService] Processing: https://s4.anilist.co/file/anilistcdn/media/anime/cover/medium/b200376-RF7QmYnQv82w.png
[ImageService] Uploaded to: https://eivvjebsmxddrbbbnblr.supabase.co/storage/v1/object/public/covers/anime/eJtScMdj8UQZCQPOt3jGu.webp
[ImageService] Uploaded to: https://eivvjebsmxddrbbbnblr.supabase.co/storage/v1/object/public/covers/anime/mAShHJGKoknh2uFc2RQcD.webp
[ImageService] Uploaded to: https://eivvjebsmxddrbbbnblr.supabase.co/storage/v1/object/public/covers/anime/bi2O7Gr36SX4Vg5vFbUfj.webp
[ImageService] Uploaded to: https://eivvjebsmxddrbbbnblr.supabase.co/storage/v1/object/public/covers/anime/2zPAyP2jDHNUn90dqh6o-.webp
     ⏭️ Already exists: Stag Beetle Tsumami
     ⏭️ Already exists: Sore Ike! Anpanman: Kuroyuki-hime to Mote Mote Baikinman
     ⏭️ Already exists: Sylvanian Families Mini Gekijou: Omoigakenai Okyakusama
     ⏭️ Already exists: Sayonara, Midori ga Ike: Tobe! Tako Glider!!

📅 Processing Year: 2004
   📄 Year 2004 Page 1: 8 New, 2 Heal
[ImageService] Processing: https://s4.anilist.co/file/anilistcdn/media/anime/cover/large/bx205-7tHVFu6dPBm9.png
[ImageService] Processing: https://s4.anilist.co/file/anilistcdn/media/anime/cover/medium/b482-c14JwoMTmKAU.png
[ImageService] Processing: https://s4.anilist.co/file/anilistcdn/media/anime/cover/large/bx433-bU0c8iHxoL2G.jpg
[ImageService] Processing: https://s4.anilist.co/file/anilistcdn/media/anime/cover/large/bx323-ZGkUcJOn4ngy.png
[ImageService] Uploaded to: https://eivvjebsmxddrbbbnblr.supabase.co/storage/v1/object/public/covers/anime/6a6V0-T4-8InJxJxP3B5P.webp
[ImageService] Uploaded to: https://eivvjebsmxddrbbbnblr.supabase.co/storage/v1/object/public/covers/anime/8UUcGwX6ToYuOcf6AXjj8.webp
[ImageService] Uploaded to: https://eivvjebsmxddrbbbnblr.supabase.co/storage/v1/object/public/covers/anime/l45hzr1P_NkuYZ2KwdF6K.webp
[ImageService] Uploaded to: https://eivvjebsmxddrbbbnblr.supabase.co/storage/v1/object/public/covers/anime/Aoroy27icksLaWVNCKiOD.webp
[ImageService] Processing: https://s4.anilist.co/file/anilistcdn/media/anime/cover/large/bx64-JsxXAcf3ZKo1.png
[ImageService] Uploaded to: https://eivvjebsmxddrbbbnblr.supabase.co/storage/v1/object/public/covers/anime/xEqYauQBcnF1swy01CIEX.webp
     ⏭️ Already exists: The Place Promised in Our Early Days
     ⏭️ Already exists: Yu-Gi-Oh! GX
[ImageService] Processing: https://s4.anilist.co/file/anilistcdn/media/anime/cover/large/bx174-s2PpkrK9X3Rw.jpg
     ⏭️ Already exists: Paranoia Agent
[ImageService] Processing: https://s4.anilist.co/file/anilistcdn/media/anime/cover/large/nx463-QDnETPoHp9oD.jpg
[ImageService] Processing: https://s4.anilist.co/file/anilistcdn/media/anime/cover/large/bx516-ofBmeR4TcbKb.jpg
[ImageService] Uploaded to: https://eivvjebsmxddrbbbnblr.supabase.co/storage/v1/object/public/covers/anime/Sf2TlZsrsdiq4BHVxo9gK.webp
[ImageService] Uploaded to: https://eivvjebsmxddrbbbnblr.supabase.co/storage/v1/object/public/covers/anime/P-_SgFDsEzCgSW6VChmeG.webp
[ImageService] Uploaded to: https://eivvjebsmxddrbbbnblr.supabase.co/storage/v1/object/public/covers/anime/K6RI_lNsgQh7bwiIK2mGB.webp
     ⏭️ Already exists: Samurai Champloo
     ⏭️ Already exists: Rozen Maiden
     ⏭️ Already exists: One Piece: The Curse of the Sacred Sword
     ⏭️ Already exists: Sgt. Frog
     ⏭️ Already exists: Tenjho Tenge
   📄 Year 2004 Page 2: 7 New, 3 Heal
[ImageService] Processing: https://s4.anilist.co/file/anilistcdn/media/anime/cover/medium/173.jpg
[ImageService] Uploaded to: https://eivvjebsmxddrbbbnblr.supabase.co/storage/v1/object/public/covers/anime/IUpdmB6hl203IecfPNo5g.webp
[ImageService] Processing: https://s4.anilist.co/file/anilistcdn/media/anime/cover/medium/b242-gR6cc2RIa7BJ.png
[ImageService] Processing: https://s4.anilist.co/file/anilistcdn/media/anime/cover/medium/391.jpg
[ImageService] Uploaded to: https://eivvjebsmxddrbbbnblr.supabase.co/storage/v1/object/public/covers/anime/HBlU-a64hgJmfXL0IAdl3.webp
[ImageService] Uploaded to: https://eivvjebsmxddrbbbnblr.supabase.co/storage/v1/object/public/covers/anime/a-BQ566uckaSHd_kDqzca.webp
[ImageService] Processing: https://s4.anilist.co/file/anilistcdn/media/anime/cover/medium/131.jpg
[ImageService] Processing: https://s4.anilist.co/file/anilistcdn/media/anime/cover/large/bx1246-df5amcJVMnsN.png
[ImageService] Uploaded to: https://eivvjebsmxddrbbbnblr.supabase.co/storage/v1/object/public/covers/anime/xN3wBMVfB2inciIzcqLsM.webp
[ImageService] Uploaded to: https://eivvjebsmxddrbbbnblr.supabase.co/storage/v1/object/public/covers/anime/e26bWOEarNChfZx4nCw4s.webp
     ⏭️ Already exists: The Gokusen
[ImageService] Processing: https://s4.anilist.co/file/anilistcdn/media/anime/cover/medium/438.jpg
     ⏭️ Already exists: tactics
[ImageService] Processing: https://s4.anilist.co/file/anilistcdn/media/anime/cover/medium/1371.jpg
[ImageService] Uploaded to: https://eivvjebsmxddrbbbnblr.supabase.co/storage/v1/object/public/covers/anime/swh9yC_LEr22n-ks1ftte.webp
[ImageService] Uploaded to: https://eivvjebsmxddrbbbnblr.supabase.co/storage/v1/object/public/covers/anime/VwDnLYfTvoZNOSQY076cz.webp
     ⏭️ Already exists: Tales of Phantasia
     ⏭️ Already exists: Yugo the Negotiator
     ⏭️ Already exists: Saiyuki Gunlock
     ⏭️ Already exists: Phantom: The Animation
     ⏭️ Already exists: Phoenix
   📄 Year 2004 Page 3: 8 New, 18 Heal
[ImageService] Processing: https://s4.anilist.co/file/anilistcdn/media/anime/cover/large/bx685-gZSSRd0ZxGvp.png
[ImageService] Processing: https://s4.anilist.co/file/anilistcdn/media/anime/cover/medium/921.jpg
[ImageService] Processing: https://s4.anilist.co/file/anilistcdn/media/anime/cover/medium/2391.jpg
[ImageService] Uploaded to: https://eivvjebsmxddrbbbnblr.supabase.co/storage/v1/object/public/covers/anime/_Eth4b10gono32r5gIEcM.webp
[ImageService] Processing: https://s4.anilist.co/file/anilistcdn/media/anime/cover/medium/844.jpg
[ImageService] Uploaded to: https://eivvjebsmxddrbbbnblr.supabase.co/storage/v1/object/public/covers/anime/jzYJm9mCHWLtXcQZm7qSR.webp
[ImageService] Uploaded to: https://eivvjebsmxddrbbbnblr.supabase.co/storage/v1/object/public/covers/anime/kbDk4dF0shhnrKO06zYrK.webp
[ImageService] Uploaded to: https://eivvjebsmxddrbbbnblr.supabase.co/storage/v1/object/public/covers/anime/aVx5sOz_yP07wqorwyHr8.webp
[ImageService] Processing: https://s4.anilist.co/file/anilistcdn/media/anime/cover/medium/1167.jpg
[ImageService] Uploaded to: https://eivvjebsmxddrbbbnblr.supabase.co/storage/v1/object/public/covers/anime/gxTdgHl5ha1XPZukaneY5.webp
     ⏭️ Already exists: Nurse Witch Komugi-chan Magikarte Z
     ⏭️ Already exists: ToHeart: Remember my memories
     ⏭️ Already exists: Zatch Bell! 101st Devil
[ImageService] Processing: https://s4.anilist.co/file/anilistcdn/media/anime/cover/large/bx927-WpXdNDRbB7E6.png
     ⏭️ Already exists: SD Gundam Force
[ImageService] Processing: https://s4.anilist.co/file/anilistcdn/media/anime/cover/large/bx613-ZVhexGR0Gk1C.png
[ImageService] Processing: https://s4.anilist.co/file/anilistcdn/media/anime/cover/medium/1053.jpg
[ImageService] Uploaded to: https://eivvjebsmxddrbbbnblr.supabase.co/storage/v1/object/public/covers/anime/QVO3CUkzuVIcK1N3DjMUB.webp
[ImageService] Uploaded to: https://eivvjebsmxddrbbbnblr.supabase.co/storage/v1/object/public/covers/anime/RfrH3mZj53j-rRk6pm1YA.webp
[ImageService] Uploaded to: https://eivvjebsmxddrbbbnblr.supabase.co/storage/v1/object/public/covers/anime/PyduffbaUuEuq4YNhLs-Y.webp
     ⏭️ Already exists: Samurai Gun
     ⏭️ Already exists: Onmyou Tai Senki
     ⏭️ Already exists: Tokyo Daigaku Monogatari
     ⏭️ Already exists: Transformers: Energon
   📄 Year 2004 Page 4: 22 New, 15 Heal
[ImageService] Processing: https://s4.anilist.co/file/anilistcdn/media/anime/cover/medium/681.jpg
[ImageService] Processing: https://s4.anilist.co/file/anilistcdn/media/anime/cover/medium/1711.jpg
[ImageService] Processing: https://s4.anilist.co/file/anilistcdn/media/anime/cover/medium/562.jpg
[ImageService] Processing: https://s4.anilist.co/file/anilistcdn/media/anime/cover/medium/422.jpg
[ImageService] Processing: https://s4.anilist.co/file/anilistcdn/media/anime/cover/medium/547.jpg
[ImageService] Uploaded to: https://eivvjebsmxddrbbbnblr.supabase.co/storage/v1/object/public/covers/anime/OXvVYkEtZLgEWcAA9YZ0h.webp
[ImageService] Uploaded to: https://eivvjebsmxddrbbbnblr.supabase.co/storage/v1/object/public/covers/anime/Qq0r4um1ltuYGpyPIehko.webp
[ImageService] Uploaded to: https://eivvjebsmxddrbbbnblr.supabase.co/storage/v1/object/public/covers/anime/rbYjPrrcGZCF01v1t4lGQ.webp
[ImageService] Uploaded to: https://eivvjebsmxddrbbbnblr.supabase.co/storage/v1/object/public/covers/anime/kA9iCAcE41NNO5pdFx14E.webp
[ImageService] Uploaded to: https://eivvjebsmxddrbbbnblr.supabase.co/storage/v1/object/public/covers/anime/8N5c4CwXUzYnbv8bZlZ3z.webp
     ⏭️ Already exists: Stratos 4 OVA
     ⏭️ Already exists: Wind: a breath of heart OVA
[ImageService] Processing: https://s4.anilist.co/file/anilistcdn/media/anime/cover/medium/4091.jpg
[ImageService] Uploaded to: https://eivvjebsmxddrbbbnblr.supabase.co/storage/v1/object/public/covers/anime/24HRQIkOLk2Ksq_65Qhfb.webp
     ⏭️ Already exists: Tenbatsu Angel Rabbie☆
[ImageService] Processing: https://s4.anilist.co/file/anilistcdn/media/anime/cover/large/bx6068-hYluFJnQffmR.jpg
[ImageService] Uploaded to: https://eivvjebsmxddrbbbnblr.supabase.co/storage/v1/object/public/covers/anime/AVa9ohTTxXyx2IbX6Jbtu.webp
[ImageService] Processing: https://s4.anilist.co/file/anilistcdn/media/anime/cover/medium/1099.jpg
[ImageService] Uploaded to: https://eivvjebsmxddrbbbnblr.supabase.co/storage/v1/object/public/covers/anime/VeZyfpvbUw20VjR0mjAQm.webp
     ⏭️ Already exists: Ryuusei Sentai Musumet
[ImageService] Processing: https://s4.anilist.co/file/anilistcdn/media/anime/cover/medium/7955.jpg
     ⏭️ Already exists: Sakura Wars: The New Paris
[ImageService] Processing: https://s4.anilist.co/file/anilistcdn/media/anime/cover/medium/8965.jpg
[ImageService] Uploaded to: https://eivvjebsmxddrbbbnblr.supabase.co/storage/v1/object/public/covers/anime/P_UYD1BoEGNqi221ywE0M.webp
[ImageService] Uploaded to: https://eivvjebsmxddrbbbnblr.supabase.co/storage/v1/object/public/covers/anime/cVX0PwFZs4Ea9YN9yGvFM.webp
     ⏭️ Already exists: SHADOW SKILL: Kurudaryuu Kousatsuhou no Himitsu
[ImageService] Processing: https://s4.anilist.co/file/anilistcdn/media/anime/cover/medium/12881.jpg
     ⏭️ Already exists: sound / phantasma / mirror
[ImageService] Uploaded to: https://eivvjebsmxddrbbbnblr.supabase.co/storage/v1/object/public/covers/anime/euIHPiloQ0w2rHXwYX_ax.webp
[ImageService] Processing: https://s4.anilist.co/file/anilistcdn/media/anime/cover/medium/17963.jpg
     ⏭️ Already exists: Sensei no Ojikan: Doki Doki School Hours OVA
[ImageService] Processing: https://s4.anilist.co/file/anilistcdn/media/anime/cover/medium/3497.jpg
[ImageService] Uploaded to: https://eivvjebsmxddrbbbnblr.supabase.co/storage/v1/object/public/covers/anime/7pGcyGOcD2pAg4Di6hOa7.webp
[ImageService] Uploaded to: https://eivvjebsmxddrbbbnblr.supabase.co/storage/v1/object/public/covers/anime/vd6PEivsniQONe5qz36D0.webp
     ⏭️ Already exists: Tottoko Hamtaro OVA 3: Hamuchanzu to Niji no Kuni no Oujisama - Sekai de Ichiban no Takaramono
[ImageService] Processing: https://s4.anilist.co/file/anilistcdn/media/anime/cover/medium/b145406-Bsh4JDnMTZPz.png
[ImageService] Uploaded to: https://eivvjebsmxddrbbbnblr.supabase.co/storage/v1/object/public/covers/anime/GgnPtQIk_VIXq_o1P7tn1.webp
     ⏭️ Already exists: The Marshmallow Times
[ImageService] Processing: https://s4.anilist.co/file/anilistcdn/media/anime/cover/large/bx107916-Py2T7dRhtjr1.jpg
[ImageService] Uploaded to: https://eivvjebsmxddrbbbnblr.supabase.co/storage/v1/object/public/covers/anime/qzbWePKjb4BowyjxPX9CL.webp
     ⏭️ Already exists: Tetsuwan Atom Tokubetsu-hen: Kagayakeru Hoshi - Anata wa Aoku, Utsukushii...
[ImageService] Processing: https://s4.anilist.co/file/anilistcdn/media/anime/cover/medium/11497.jpg
[ImageService] Uploaded to: https://eivvjebsmxddrbbbnblr.supabase.co/storage/v1/object/public/covers/anime/mXRqwZvXSqyf6odfr3ss6.webp
     ⏭️ Already exists: Steady x Study
[ImageService] Processing: https://s4.anilist.co/file/anilistcdn/media/anime/cover/large/bx170427-oQxsf0Rh3doV.jpg
[ImageService] Uploaded to: https://eivvjebsmxddrbbbnblr.supabase.co/storage/v1/object/public/covers/anime/RduAGfU7cFPEbM1OiGZGG.webp
     ⏭️ Already exists: Tsuki wa Higashi ni Hi wa Nishi ni: Operation Sanctuary OVA
[ImageService] Processing: https://s4.anilist.co/file/anilistcdn/media/anime/cover/large/bx174124-07sMkhxFAHSZ.png
[ImageService] Uploaded to: https://eivvjebsmxddrbbbnblr.supabase.co/storage/v1/object/public/covers/anime/2brSaWoMA3mRpxXGw6-ay.webp
     ⏭️ Already exists: Tottoko Hamtarou: Hamu Hamu Paradichu!
[ImageService] Processing: https://s4.anilist.co/file/anilistcdn/media/anime/cover/medium/10242.jpg
[ImageService] Uploaded to: https://eivvjebsmxddrbbbnblr.supabase.co/storage/v1/object/public/covers/anime/Rf2XgqjakOnmQ2aM9jERY.webp
     ⏭️ Already exists: Warui no wo Taose!! Salaryman Man
[ImageService] Processing: https://s4.anilist.co/file/anilistcdn/media/anime/cover/medium/b180824-qzgpA6b1hukE.png
[ImageService] Uploaded to: https://eivvjebsmxddrbbbnblr.supabase.co/storage/v1/object/public/covers/anime/BI7c0AaMZjNiKY_2-ZowP.webp
   ⚠️ Primary model refused "Sore Ike! Anpanman: Yumeneko no Kuni no Nyanii". Switching to Grok...
     ⏭️ Already exists: Sore Ike! Zukkoke Sannin-gumi
[ImageService] Processing: https://s4.anilist.co/file/anilistcdn/media/anime/cover/medium/b171928-QXsYrnHq1tmP.png
[ImageService] Uploaded to: https://eivvjebsmxddrbbbnblr.supabase.co/storage/v1/object/public/covers/anime/_TwdlM2T56rUjfO4pXLKg.webp
     ⏭️ Already exists: Wagamama☆Fairy Mirumo de Pon! Wonderful
[ImageService] Processing: https://s4.anilist.co/file/anilistcdn/media/anime/cover/medium/n106504-lK0FdHnVxsMm.png
[ImageService] Uploaded to: https://eivvjebsmxddrbbbnblr.supabase.co/storage/v1/object/public/covers/anime/0lsf_uo5pSESLF-ZxcQbk.webp
     ⏭️ Already exists: Ton-Ton Atta to Niigata no Mukashi Banashi
     ⏭️ Already exists: Pa-Pa-Pa the ★ Movie: Perman - Tako de Pon! Ashi wa Pon!
     ⏭️ Already exists: Sore Ike! Anpanman: Yumeneko no Kuni no Nyanii
     ⏭️ Already exists: Sore Ike! Anpanman: Tsukiko to Shiratama - Tokimeki Dancing
     ⏭️ Already exists: Sky Kids BooBy

📅 Processing Year: 2003
   📄 Year 2003 Page 1: 6 New, 5 Heal
[ImageService] Processing: https://s4.anilist.co/file/anilistcdn/media/anime/cover/large/bx759-XSKBju6xutdR.jpg
[ImageService] Processing: https://s4.anilist.co/file/anilistcdn/media/anime/cover/large/bx26-ADSztyHBNO39.jpg
[ImageService] Processing: https://s4.anilist.co/file/anilistcdn/media/anime/cover/large/bx1816-yxbOVMuD7SAJ.png
[ImageService] Uploaded to: https://eivvjebsmxddrbbbnblr.supabase.co/storage/v1/object/public/covers/anime/w-y0cH-X8eroyvRspiUHi.webp
[ImageService] Processing: https://s4.anilist.co/file/anilistcdn/media/anime/cover/large/bx1121-yGTHBrWFTiBm.jpg
[ImageService] Uploaded to: https://eivvjebsmxddrbbbnblr.supabase.co/storage/v1/object/public/covers/anime/-s3zwOItqYo9jKqlwjUMi.webp
[ImageService] Processing: https://s4.anilist.co/file/anilistcdn/media/anime/cover/medium/b167-qwMN7Wmlen5s.jpg
[ImageService] Uploaded to: https://eivvjebsmxddrbbbnblr.supabase.co/storage/v1/object/public/covers/anime/Urchfi3d4RCoghn338YNn.webp
[ImageService] Uploaded to: https://eivvjebsmxddrbbbnblr.supabase.co/storage/v1/object/public/covers/anime/bEevDvM8LxVu7qllppKfE.webp
[ImageService] Uploaded to: https://eivvjebsmxddrbbbnblr.supabase.co/storage/v1/object/public/covers/anime/0W7xmsCDlx3d3KZVvXNa0.webp
     ⏭️ Already exists: Texhnolyze
[ImageService] Processing: https://s4.anilist.co/file/anilistcdn/media/anime/cover/large/bx279-rSaRKVPdaD5X.jpg
[ImageService] Uploaded to: https://eivvjebsmxddrbbbnblr.supabase.co/storage/v1/object/public/covers/anime/ss3NPxkeHGYNnBDKQ6ctF.webp
     ⏭️ Already exists: Pokémon: Jirachi Wish Maker
     ⏭️ Already exists: Tokyo Godfathers
     ⏭️ Already exists: Scrapped Princess
     ⏭️ Already exists: Sonic X
     ⏭️ Already exists: Requiem from the Darkness
   📄 Year 2003 Page 2: 12 New, 11 Heal
[ImageService] Processing: https://s4.anilist.co/file/anilistcdn/media/anime/cover/medium/840.jpg
[ImageService] Processing: https://s4.anilist.co/file/anilistcdn/media/anime/cover/medium/497.jpg
[ImageService] Processing: https://s4.anilist.co/file/anilistcdn/media/anime/cover/large/bx113-LVBTWnBDpKb1.jpg
[ImageService] Uploaded to: https://eivvjebsmxddrbbbnblr.supabase.co/storage/v1/object/public/covers/anime/YzbqVPqlejBpQmPdKD5VO.webp
[ImageService] Uploaded to: https://eivvjebsmxddrbbbnblr.supabase.co/storage/v1/object/public/covers/anime/w_hSC0OMA7CmK33zeZKB4.webp
[ImageService] Processing: https://s4.anilist.co/file/anilistcdn/media/anime/cover/large/bx6877-7oARGnQDVHZa.png
[ImageService] Processing: https://s4.anilist.co/file/anilistcdn/media/anime/cover/large/bx758-R2tugDULnRIL.jpg
[ImageService] Uploaded to: https://eivvjebsmxddrbbbnblr.supabase.co/storage/v1/object/public/covers/anime/3em94QiNxDU0-0dySrJvr.webp
[ImageService] Uploaded to: https://eivvjebsmxddrbbbnblr.supabase.co/storage/v1/object/public/covers/anime/ZfMNHC2id3av5npaHgvC7.webp
[ImageService] Uploaded to: https://eivvjebsmxddrbbbnblr.supabase.co/storage/v1/object/public/covers/anime/GxXhB41_xgz-Y9YY5D5-O.webp
     ⏭️ Already exists: The World of Narue
     ⏭️ Already exists: YAMIBO: Darkness, the Hat, and Travelers of the Books
[ImageService] Processing: https://s4.anilist.co/file/anilistcdn/media/anime/cover/medium/b421-tRLEEXt9asEv.jpg
[ImageService] Processing: https://s4.anilist.co/file/anilistcdn/media/anime/cover/medium/1675.jpg
     ⏭️ Already exists: Stellvia of the Universe
[ImageService] Uploaded to: https://eivvjebsmxddrbbbnblr.supabase.co/storage/v1/object/public/covers/anime/i3SllZkkIwRJy1aYlN30R.webp
[ImageService] Uploaded to: https://eivvjebsmxddrbbbnblr.supabase.co/storage/v1/object/public/covers/anime/b9Mj_c1JqsgOM19Y1XmcN.webp
[ImageService] Processing: https://s4.anilist.co/file/anilistcdn/media/anime/cover/medium/2486.jpg
[ImageService] Uploaded to: https://eivvjebsmxddrbbbnblr.supabase.co/storage/v1/object/public/covers/anime/WNFG5UGPAiC-n6IeMrpAd.webp
     ⏭️ Already exists: Pokémon: Pichu Bros. in Party Panic
     ⏭️ Already exists: RahXephon: The Motion Picture
[ImageService] Processing: https://s4.anilist.co/file/anilistcdn/media/anime/cover/medium/1128.jpg
[ImageService] Processing: https://s4.anilist.co/file/anilistcdn/media/anime/cover/medium/176.jpg
[ImageService] Uploaded to: https://eivvjebsmxddrbbbnblr.supabase.co/storage/v1/object/public/covers/anime/DvwTeaKaJfTm7cGpjqW3m.webp
[ImageService] Uploaded to: https://eivvjebsmxddrbbbnblr.supabase.co/storage/v1/object/public/covers/anime/9DCSIm6Rqnb-Bmski5lrn.webp
     ⏭️ Already exists: Transformers: Armada
     ⏭️ Already exists: UFO Ultramaiden Valkyrie 2: December Nocturne
     ⏭️ Already exists: Stratos 4
     ⏭️ Already exists: Takahashi Rumiko Anthology
[ImageService] Processing: https://s4.anilist.co/file/anilistcdn/media/anime/cover/large/bx559-6mRieXd0qnua.jpg
[ImageService] Processing: https://s4.anilist.co/file/anilistcdn/media/anime/cover/medium/3215.jpg
[ImageService] Uploaded to: https://eivvjebsmxddrbbbnblr.supabase.co/storage/v1/object/public/covers/anime/V4xnI0p7M-qkgaRVbN-9G.webp
[ImageService] Uploaded to: https://eivvjebsmxddrbbbnblr.supabase.co/storage/v1/object/public/covers/anime/ogBjjUgFACO5_ITb2-etp.webp
     ⏭️ Already exists: Triangle Heart: Sweet Songs Forever
     ⏭️ Already exists: RahXephon Interlude: Her and Herself/Thatness and Thereness
     ⏭️ Already exists: Winter Days
   📄 Year 2003 Page 3: 9 New, 17 Heal
[ImageService] Processing: https://s4.anilist.co/file/anilistcdn/media/anime/cover/medium/14685.jpg
[ImageService] Processing: https://s4.anilist.co/file/anilistcdn/media/anime/cover/medium/748.jpg
[ImageService] Processing: https://s4.anilist.co/file/anilistcdn/media/anime/cover/medium/1964.jpg
[ImageService] Uploaded to: https://eivvjebsmxddrbbbnblr.supabase.co/storage/v1/object/public/covers/anime/ShKv0JxLEm8dpP-nku-1Z.webp
[ImageService] Uploaded to: https://eivvjebsmxddrbbbnblr.supabase.co/storage/v1/object/public/covers/anime/0oquVmVtasphpYl4o26QZ.webp
[ImageService] Processing: https://s4.anilist.co/file/anilistcdn/media/anime/cover/large/bx3098-laXxqrlgi6HB.jpg
[ImageService] Uploaded to: https://eivvjebsmxddrbbbnblr.supabase.co/storage/v1/object/public/covers/anime/mNHW9NhzvorgUMK7DntYP.webp
[ImageService] Uploaded to: https://eivvjebsmxddrbbbnblr.supabase.co/storage/v1/object/public/covers/anime/NbK2qMTd1cRIJu4Ib17eC.webp
[ImageService] Processing: https://s4.anilist.co/file/anilistcdn/media/anime/cover/large/bx4266-fupOR6fRYTAo.png
[ImageService] Uploaded to: https://eivvjebsmxddrbbbnblr.supabase.co/storage/v1/object/public/covers/anime/PAiSh7v2dpAm4tKNMuuFv.webp
     ⏭️ Already exists: True Love Story Summer Days; and yet...
[ImageService] Processing: https://s4.anilist.co/file/anilistcdn/media/anime/cover/medium/5129.jpg
[ImageService] Uploaded to: https://eivvjebsmxddrbbbnblr.supabase.co/storage/v1/object/public/covers/anime/zTw8qsInYzc9AyDhpyTV0.webp
     ⏭️ Already exists: Sakura Wars: School of Paris
[ImageService] Processing: https://s4.anilist.co/file/anilistcdn/media/anime/cover/medium/3496.jpg
[ImageService] Uploaded to: https://eivvjebsmxddrbbbnblr.supabase.co/storage/v1/object/public/covers/anime/2WkT6twJQwtCnaH0hC_hf.webp
     ⏭️ Already exists: Onegai☆Teacher: Reminiscence
[ImageService] Processing: https://s4.anilist.co/file/anilistcdn/media/anime/cover/large/bx11791-PjuCKEKLrNBz.png
     ⏭️ Already exists: Shutsugeki! Machine Robo Rescue
[ImageService] Uploaded to: https://eivvjebsmxddrbbbnblr.supabase.co/storage/v1/object/public/covers/anime/gk5L8Djp5ZahiJAYzDXth.webp
[ImageService] Processing: https://s4.anilist.co/file/anilistcdn/media/anime/cover/medium/20185.jpg
[ImageService] Uploaded to: https://eivvjebsmxddrbbbnblr.supabase.co/storage/v1/object/public/covers/anime/DBTw0fY0IIfZzsOoSViZT.webp
     ⏭️ Already exists: Vie Durant
     ⏭️ Already exists: Zentrix
     ⏭️ Already exists: Sore Ike! Anpanman: Ruby no Negai
     ⏭️ Already exists: Pa-Pa-Pa the ★ Movie: Perman
     ⏭️ Already exists: The Golden Laws
   📄 Year 2003 Page 4: 3 New, 7 Heal
[ImageService] Processing: https://s4.anilist.co/file/anilistcdn/media/anime/cover/medium/b170426-lrYC339O20vy.jpg
[ImageService] Processing: https://s4.anilist.co/file/anilistcdn/media/anime/cover/medium/18447.jpg
[ImageService] Uploaded to: https://eivvjebsmxddrbbbnblr.supabase.co/storage/v1/object/public/covers/anime/3ZbkaLq2t_IjqPjUXevht.webp
[ImageService] Processing: https://s4.anilist.co/file/anilistcdn/media/anime/cover/medium/b143390-AwWOuLYoZO3A.jpg
[ImageService] Uploaded to: https://eivvjebsmxddrbbbnblr.supabase.co/storage/v1/object/public/covers/anime/u7ZliJyRj2c9f65ZDVkMM.webp
[ImageService] Uploaded to: https://eivvjebsmxddrbbbnblr.supabase.co/storage/v1/object/public/covers/anime/VQxSktkKjSTigXr6qk2fp.webp
     ⏭️ Already exists: Spheres
     ⏭️ Already exists: Wagamama☆Fairy Mirumo de Pon! Golden
     ⏭️ Already exists: Nyancos: Hello! Our Brilliant Future

📅 Processing Year: 2002
   📄 Year 2002 Page 1: 13 New, 4 Heal
[ImageService] Processing: https://s4.anilist.co/file/anilistcdn/media/anime/cover/large/bx721-9tJpM47RBPJm.jpg
[ImageService] Processing: https://s4.anilist.co/file/anilistcdn/media/anime/cover/large/bx597-Prw5pUyYwcFO.png
[ImageService] Uploaded to: https://eivvjebsmxddrbbbnblr.supabase.co/storage/v1/object/public/covers/anime/yQ8jJdeAjxzQRrk-KVfwE.webp
[ImageService] Uploaded to: https://eivvjebsmxddrbbbnblr.supabase.co/storage/v1/object/public/covers/anime/LeZ_-o4FaaXU4_vF9GocU.webp
[ImageService] Processing: https://s4.anilist.co/file/anilistcdn/media/anime/cover/large/bx1564-1KniCPyGiu0W.png
[ImageService] Processing: https://s4.anilist.co/file/anilistcdn/media/anime/cover/large/bx687-d0VfkLNsEDeu.png
[ImageService] Processing: https://s4.anilist.co/file/anilistcdn/media/anime/cover/large/bx165-TBPrUsYj4SUL.jpg
[ImageService] Uploaded to: https://eivvjebsmxddrbbbnblr.supabase.co/storage/v1/object/public/covers/anime/KVhWBYJHj_bKyw9K4L9Kw.webp
[ImageService] Uploaded to: https://eivvjebsmxddrbbbnblr.supabase.co/storage/v1/object/public/covers/anime/6uUnnKhwDAbBP89WFShDx.webp
[ImageService] Uploaded to: https://eivvjebsmxddrbbbnblr.supabase.co/storage/v1/object/public/covers/anime/OdAz60lS7EY7q7HXFwUFA.webp
     ⏭️ Already exists: Princess Tutu
[ImageService] Processing: https://s4.anilist.co/file/anilistcdn/media/anime/cover/large/bx7-6uh1fPvbgS9t.png
[ImageService] Uploaded to: https://eivvjebsmxddrbbbnblr.supabase.co/storage/v1/object/public/covers/anime/QVmsB9DAecV2WylnxLxE7.webp
     ⏭️ Already exists: Tokyo Mew Mew
     ⏭️ Already exists: RahXephon
[ImageService] Processing: https://s4.anilist.co/file/anilistcdn/media/anime/cover/large/bx461-DC9fMDl3AaK1.jpg
[ImageService] Processing: https://s4.anilist.co/file/anilistcdn/media/anime/cover/large/bx1257-tZuA879PQLZe.png
[ImageService] Uploaded to: https://eivvjebsmxddrbbbnblr.supabase.co/storage/v1/object/public/covers/anime/quxhp45TuXXL6-8a22189.webp
[ImageService] Uploaded to: https://eivvjebsmxddrbbbnblr.supabase.co/storage/v1/object/public/covers/anime/CruzR4ht9nuhy3xLM4jTn.webp
     ⏭️ Already exists: The Cat Returns
[ImageService] Processing: https://s4.anilist.co/file/anilistcdn/media/anime/cover/medium/443.jpg
[ImageService] Uploaded to: https://eivvjebsmxddrbbbnblr.supabase.co/storage/v1/object/public/covers/anime/tbl7CFIX0kMS2kLTUa1pf.webp
     ⏭️ Already exists: Pokémon the Series: Ruby and Sapphire
[ImageService] Processing: https://s4.anilist.co/file/anilistcdn/media/anime/cover/large/bx341-e5TBpjJbU8Pl.png
[ImageService] Uploaded to: https://eivvjebsmxddrbbbnblr.supabase.co/storage/v1/object/public/covers/anime/6ePgfNlV0REHVQ1XgYvws.webp
     ⏭️ Already exists: Witch Hunter ROBIN
     ⏭️ Already exists: Saint Seiya: The Hades Chapter - Sanctuary
[ImageService] Processing: https://s4.anilist.co/file/anilistcdn/media/anime/cover/medium/419.jpg
[ImageService] Processing: https://s4.anilist.co/file/anilistcdn/media/anime/cover/medium/b1980-ehsctCAVsUU7.jpg
[ImageService] Uploaded to: https://eivvjebsmxddrbbbnblr.supabase.co/storage/v1/object/public/covers/anime/qPBnroqOxSd7gDhgClf08.webp
[ImageService] Uploaded to: https://eivvjebsmxddrbbbnblr.supabase.co/storage/v1/object/public/covers/anime/e82qMJ_dIjszd-0yjiiQP.webp
     ⏭️ Already exists: One Piece: Chopper’s Kingdom on the Island of Strange Animals
[ImageService] Processing: https://s4.anilist.co/file/anilistcdn/media/anime/cover/large/bx1792-G7LtuJsDqpub.jpg
     ⏭️ Already exists: Please☆Teacher!: Secret Couple
[ImageService] Uploaded to: https://eivvjebsmxddrbbbnblr.supabase.co/storage/v1/object/public/covers/anime/wiIrHyYaCL3hQKXUq-ocV.webp
     ⏭️ Already exists: Spiral: Bond of Reasoning
     ⏭️ Already exists: TRAVA: FIST PLANET
     ⏭️ Already exists: OVERMAN King Gainer
     ⏭️ Already exists: Samurai Deeper Kyo
   📄 Year 2002 Page 2: 5 New, 9 Heal
[ImageService] Processing: https://s4.anilist.co/file/anilistcdn/media/anime/cover/large/bx200-xPxQtMoeRfyr.jpg
[ImageService] Processing: https://s4.anilist.co/file/anilistcdn/media/anime/cover/large/bx175-ccHowbNQMcdm.png
[ImageService] Processing: https://s4.anilist.co/file/anilistcdn/media/anime/cover/medium/1133.jpg
[ImageService] Uploaded to: https://eivvjebsmxddrbbbnblr.supabase.co/storage/v1/object/public/covers/anime/ideYPHV6wLC6TT00Jnp5N.webp
[ImageService] Uploaded to: https://eivvjebsmxddrbbbnblr.supabase.co/storage/v1/object/public/covers/anime/WTEow0cFNm8geQaN8MZ65.webp
[ImageService] Uploaded to: https://eivvjebsmxddrbbbnblr.supabase.co/storage/v1/object/public/covers/anime/E79ooo8Ur0SScEdwa0J3P.webp
[ImageService] Processing: https://s4.anilist.co/file/anilistcdn/media/anime/cover/medium/183.jpg
[ImageService] Uploaded to: https://eivvjebsmxddrbbbnblr.supabase.co/storage/v1/object/public/covers/anime/1SvCbNn1vDnkZqXyy6Ohq.webp
[ImageService] Processing: https://s4.anilist.co/file/anilistcdn/media/anime/cover/medium/337.jpg
[ImageService] Uploaded to: https://eivvjebsmxddrbbbnblr.supabase.co/storage/v1/object/public/covers/anime/WMpjVphpBvdFV5LBEoOeT.webp
     ⏭️ Already exists: Tokyo Underground
     ⏭️ Already exists: Whistle!
     ⏭️ Already exists: Psychic Academy
     ⏭️ Already exists: Tenchi Muyo! GXP
     ⏭️ Already exists: Tenshi na Konamaiki
   📄 Year 2002 Page 3: 6 New, 19 Heal
[ImageService] Processing: https://s4.anilist.co/file/anilistcdn/media/anime/cover/medium/1102.jpg
[ImageService] Processing: https://s4.anilist.co/file/anilistcdn/media/anime/cover/medium/2797.jpg
[ImageService] Processing: https://s4.anilist.co/file/anilistcdn/media/anime/cover/medium/216.jpg
[ImageService] Uploaded to: https://eivvjebsmxddrbbbnblr.supabase.co/storage/v1/object/public/covers/anime/Yw5JUj5Cuk08L1IS3KECf.webp
[ImageService] Uploaded to: https://eivvjebsmxddrbbbnblr.supabase.co/storage/v1/object/public/covers/anime/Oqlp5rH-b7V9irfD0t3Z0.webp
[ImageService] Uploaded to: https://eivvjebsmxddrbbbnblr.supabase.co/storage/v1/object/public/covers/anime/6XE1vf6JSDfFS9aIiQc3l.webp
[ImageService] Processing: https://s4.anilist.co/file/anilistcdn/media/anime/cover/medium/4476.jpg
[ImageService] Uploaded to: https://eivvjebsmxddrbbbnblr.supabase.co/storage/v1/object/public/covers/anime/Khj38GKaXXBY7_gNbardh.webp
[ImageService] Processing: https://s4.anilist.co/file/anilistcdn/media/anime/cover/medium/4068.jpg
[ImageService] Uploaded to: https://eivvjebsmxddrbbbnblr.supabase.co/storage/v1/object/public/covers/anime/GPce7dMj_OFO0YLNF_XuI.webp
     ⏭️ Already exists: Welcome to Pia Carrot! Sayaka's Love Story
     ⏭️ Already exists: Shootfighter Tekken
[ImageService] Processing: https://s4.anilist.co/file/anilistcdn/media/anime/cover/large/bx2631-QY4JOkJNnO5j.png
[ImageService] Uploaded to: https://eivvjebsmxddrbbbnblr.supabase.co/storage/v1/object/public/covers/anime/oygEMifF5MZRGacpPxILY.webp
     ⏭️ Already exists: Shin Megami Tensei: Devil Children - Light & Dark
     ⏭️ Already exists: Urda
     ⏭️ Already exists: Saiyuki Interactive
     ⏭️ Already exists: The☆Doraemons: Goal! Goal! Goal!!
   📄 Year 2002 Page 4: 2 New, 8 Heal
[ImageService] Processing: https://s4.anilist.co/file/anilistcdn/media/anime/cover/large/bx5473-jrTNxH7vcaca.png
[ImageService] Processing: https://s4.anilist.co/file/anilistcdn/media/anime/cover/medium/12799.jpg
[ImageService] Uploaded to: https://eivvjebsmxddrbbbnblr.supabase.co/storage/v1/object/public/covers/anime/ZXJ4MhVKpwk4OYh7LL1x4.webp
[ImageService] Uploaded to: https://eivvjebsmxddrbbbnblr.supabase.co/storage/v1/object/public/covers/anime/Q-xSnYkqKO-v0pEp4UUpX.webp
     ⏭️ Already exists: Xevious
     ⏭️ Already exists: Tsuri Baka Nisshi

📅 Processing Year: 2001
   📄 Year 2001 Page 1: 11 New, 6 Heal
[ImageService] Processing: https://s4.anilist.co/file/anilistcdn/media/anime/cover/large/bx154-hSYv4EtcBE1p.png
[ImageService] Processing: https://s4.anilist.co/file/anilistcdn/media/anime/cover/large/bx199-sWefXJvXkDOb.jpg
[ImageService] Processing: https://s4.anilist.co/file/anilistcdn/media/anime/cover/large/bx246-xhP6u3tih2Wc.jpg
[ImageService] Uploaded to: https://eivvjebsmxddrbbbnblr.supabase.co/storage/v1/object/public/covers/anime/LmdDtX0IquTrcDIBcLMp9.webp
[ImageService] Processing: https://s4.anilist.co/file/anilistcdn/media/anime/cover/medium/b156-MSqEz70iYng4.png
[ImageService] Processing: https://s4.anilist.co/file/anilistcdn/media/anime/cover/large/bx208-yOpLH6XOw2sc.jpg
[ImageService] Uploaded to: https://eivvjebsmxddrbbbnblr.supabase.co/storage/v1/object/public/covers/anime/e_rFvdU79YcMxtDQnqQv3.webp
[ImageService] Uploaded to: https://eivvjebsmxddrbbbnblr.supabase.co/storage/v1/object/public/covers/anime/7OT1ydxAp65wkQhz5WORW.webp
[ImageService] Uploaded to: https://eivvjebsmxddrbbbnblr.supabase.co/storage/v1/object/public/covers/anime/qRbTo2uriBEoBSbZC4jvm.webp
[ImageService] Uploaded to: https://eivvjebsmxddrbbbnblr.supabase.co/storage/v1/object/public/covers/anime/orK5zKMJrG1d94UGoPQ4_.webp
     ⏭️ Already exists: Spirited Away
[ImageService] Processing: https://s4.anilist.co/file/anilistcdn/media/anime/cover/large/bx168-kXxD2Cse752Y.png
     ⏭️ Already exists: R.O.D - READ OR DIE
[ImageService] Uploaded to: https://eivvjebsmxddrbbbnblr.supabase.co/storage/v1/object/public/covers/anime/DwBHvUQ2taau7wmW75cWJ.webp
[ImageService] Processing: https://s4.anilist.co/file/anilistcdn/media/anime/cover/large/bx401-onwFZh9JNmBl.png
[ImageService] Uploaded to: https://eivvjebsmxddrbbbnblr.supabase.co/storage/v1/object/public/covers/anime/TCsx-7ONNwmnCyTvhb-OF.webp
     ⏭️ Already exists: Shaman King
     ⏭️ Already exists: X (TV)
[ImageService] Processing: https://s4.anilist.co/file/anilistcdn/media/anime/cover/large/bx100-wr3vEOYOiAC1.png
[ImageService] Processing: https://s4.anilist.co/file/anilistcdn/media/anime/cover/large/bx1048-Moj6UpnnUwBr.jpg
[ImageService] Uploaded to: https://eivvjebsmxddrbbbnblr.supabase.co/storage/v1/object/public/covers/anime/wyg--aDL_WX2v-8lpGZSR.webp
[ImageService] Uploaded to: https://eivvjebsmxddrbbbnblr.supabase.co/storage/v1/object/public/covers/anime/w0Jh7AI6ORLA5FpVv7xFp.webp
     ⏭️ Already exists: Rave Master
[ImageService] Processing: https://s4.anilist.co/file/anilistcdn/media/anime/cover/large/bx836-ZYPEtTbVOJXz.png
[ImageService] Uploaded to: https://eivvjebsmxddrbbbnblr.supabase.co/storage/v1/object/public/covers/anime/WDxhaMbzdozuazX-QSdfp.webp
     ⏭️ Already exists: Prétear: The New Legend of Snow White
[ImageService] Processing: https://s4.anilist.co/file/anilistcdn/media/anime/cover/large/bx764-adoeyfxioM3H.png
[ImageService] Uploaded to: https://eivvjebsmxddrbbbnblr.supabase.co/storage/v1/object/public/covers/anime/g9ky-B9vlRbWSBKhSONK2.webp
     ⏭️ Already exists: Samurai X: Reflection
     ⏭️ Already exists: s-CRY-ed
     ⏭️ Already exists: The SoulTaker
     ⏭️ Already exists: Sister Princess
     ⏭️ Already exists: Zoids New Century/Zero
   📄 Year 2001 Page 2: 7 New, 10 Heal
[ImageService] Processing: https://s4.anilist.co/file/anilistcdn/media/anime/cover/large/bx1492-bdES48xL6wjS.jpg
[ImageService] Processing: https://s4.anilist.co/file/anilistcdn/media/anime/cover/large/bx1164-0NBqjC0czVvq.png
[ImageService] Processing: https://s4.anilist.co/file/anilistcdn/media/anime/cover/large/bx445-sHFObzk6p0Yh.png
[ImageService] Processing: https://s4.anilist.co/file/anilistcdn/media/anime/cover/medium/2014.jpg
[ImageService] Uploaded to: https://eivvjebsmxddrbbbnblr.supabase.co/storage/v1/object/public/covers/anime/qWr7VvvWWlu9H9-xN-7P0.webp
[ImageService] Uploaded to: https://eivvjebsmxddrbbbnblr.supabase.co/storage/v1/object/public/covers/anime/oRMtQn0rmMXHtjnv0Fs8M.webp
[ImageService] Uploaded to: https://eivvjebsmxddrbbbnblr.supabase.co/storage/v1/object/public/covers/anime/fwj8g-dwSpax8s1DkPpZi.webp
[ImageService] Uploaded to: https://eivvjebsmxddrbbbnblr.supabase.co/storage/v1/object/public/covers/anime/TZMmKhyFcgXaVBm7T44kU.webp
[ImageService] Processing: https://s4.anilist.co/file/anilistcdn/media/anime/cover/large/bx1179-bagCTqAIonYz.png
[ImageService] Uploaded to: https://eivvjebsmxddrbbbnblr.supabase.co/storage/v1/object/public/covers/anime/JZ_S1N9oXZSXWgv1vUDvK.webp
     ⏭️ Already exists: You're Under Arrest: Fast & Furious
     ⏭️ Already exists: Rune Soldier
[ImageService] Processing: https://s4.anilist.co/file/anilistcdn/media/anime/cover/large/bx1156-HrJ2pcXYZ4QI.png
[ImageService] Uploaded to: https://eivvjebsmxddrbbbnblr.supabase.co/storage/v1/object/public/covers/anime/jASRCjtJkKv4yNCgbfj_e.webp
     ⏭️ Already exists: Project ARMS
[ImageService] Processing: https://s4.anilist.co/file/anilistcdn/media/anime/cover/medium/484.jpg
[ImageService] Uploaded to: https://eivvjebsmxddrbbbnblr.supabase.co/storage/v1/object/public/covers/anime/-dNr1wpy0bGwXkXlTS_Dd.webp
     ⏭️ Already exists: Shingu: Secret of the Stellar Wars
     ⏭️ Already exists: Tales of Eternia
     ⏭️ Already exists: Saiyuki Requiem
     ⏭️ Already exists: Zaion: I Wish You Were Here
   📄 Year 2001 Page 3: 6 New, 25 Heal
[ImageService] Processing: https://s4.anilist.co/file/anilistcdn/media/anime/cover/medium/b1493-sLFc2wR1q92E.jpg
[ImageService] Processing: https://s4.anilist.co/file/anilistcdn/media/anime/cover/large/bx1962-yb0mwjWCC4WU.jpg
[ImageService] Uploaded to: https://eivvjebsmxddrbbbnblr.supabase.co/storage/v1/object/public/covers/anime/oj2TCWqQY7oufWNHaeflr.webp
[ImageService] Uploaded to: https://eivvjebsmxddrbbbnblr.supabase.co/storage/v1/object/public/covers/anime/E33jfuRq5P2-slmSzNmNY.webp
[ImageService] Processing: https://s4.anilist.co/file/anilistcdn/media/anime/cover/medium/2895.jpg
[ImageService] Uploaded to: https://eivvjebsmxddrbbbnblr.supabase.co/storage/v1/object/public/covers/anime/bSpcd7bjtGLwfFow-PXlD.webp
[ImageService] Processing: https://s4.anilist.co/file/anilistcdn/media/anime/cover/medium/4524.jpg
[ImageService] Uploaded to: https://eivvjebsmxddrbbbnblr.supabase.co/storage/v1/object/public/covers/anime/KZnNHNl5KrxxmNT79u-o0.webp
[ImageService] Processing: https://s4.anilist.co/file/anilistcdn/media/anime/cover/medium/6625.jpg
[ImageService] Uploaded to: https://eivvjebsmxddrbbbnblr.supabase.co/storage/v1/object/public/covers/anime/XNZc74a6jYcGL-Cb-K0jD.webp
     ⏭️ Already exists: The Whale Hunt
[ImageService] Processing: https://s4.anilist.co/file/anilistcdn/media/anime/cover/medium/b4098-TmRDkToNtl2Z.png
     ⏭️ Already exists: The Daichis - Earth's Defense Family
[ImageService] Uploaded to: https://eivvjebsmxddrbbbnblr.supabase.co/storage/v1/object/public/covers/anime/SPQsdFBQGNwb4eBxKuRNF.webp
     ⏭️ Already exists: Shenmue: The Movie
     ⏭️ Already exists: Project ARMS: The 2nd Chapter
     ⏭️ Already exists: Nono-chan
     ⏭️ Already exists: Urarochi Diamond
   📄 Year 2001 Page 4: 6 New, 5 Heal
[ImageService] Processing: https://s4.anilist.co/file/anilistcdn/media/anime/cover/medium/b151685-DDrNXOSe8OV2.jpg
[ImageService] Processing: https://s4.anilist.co/file/anilistcdn/media/anime/cover/large/bx119836-KyUh8jSVwAN8.jpg
[ImageService] Processing: https://s4.anilist.co/file/anilistcdn/media/anime/cover/medium/b121837-dSi7JljzcneD.jpg
[ImageService] Processing: https://s4.anilist.co/file/anilistcdn/media/anime/cover/medium/17487.jpg
[ImageService] Processing: https://s4.anilist.co/file/anilistcdn/media/anime/cover/large/bx168552-uroFL6k6Onlp.png
[ImageService] Uploaded to: https://eivvjebsmxddrbbbnblr.supabase.co/storage/v1/object/public/covers/anime/-DfIAi7r6cmnys0vzV13g.webp
[ImageService] Uploaded to: https://eivvjebsmxddrbbbnblr.supabase.co/storage/v1/object/public/covers/anime/7FG_g1G6twInuqy6H37WA.webp
[ImageService] Uploaded to: https://eivvjebsmxddrbbbnblr.supabase.co/storage/v1/object/public/covers/anime/pfqQgaRKK6JuuQLOTtAT8.webp
[ImageService] Uploaded to: https://eivvjebsmxddrbbbnblr.supabase.co/storage/v1/object/public/covers/anime/VNlP-xz2Sxvnp2fSzWAJC.webp
[ImageService] Uploaded to: https://eivvjebsmxddrbbbnblr.supabase.co/storage/v1/object/public/covers/anime/b9W6X_51O8_zI9JyN1FiL.webp
     ⏭️ Already exists: Virtually Real - Cybervenus FeiFei
[ImageService] Processing: https://s4.anilist.co/file/anilistcdn/media/anime/cover/large/bx177065-5skuFvPz31El.jpg
[ImageService] Uploaded to: https://eivvjebsmxddrbbbnblr.supabase.co/storage/v1/object/public/covers/anime/sJMl2eVwHwymCV5NAkYc6.webp
     ⏭️ Already exists: The Princess of the Desert Kingdom
     ⏭️ Already exists: Sore Ike! Anpanman: Kaiketsu Naganegiman to Yakisobapanman
     ⏭️ Already exists: Sore Ike! Anpanman: Gomira no Hoshi
     ⏭️ Already exists: Tantei Shounen Kageman
     ⏭️ Already exists: Sakana no sakana

📅 Processing Year: 2000
   📄 Year 2000 Page 1: 4 New, 4 Heal
[ImageService] Processing: https://s4.anilist.co/file/anilistcdn/media/anime/cover/large/bx180-67CAKcXsjpUt.png
[ImageService] Processing: https://s4.anilist.co/file/anilistcdn/media/anime/cover/large/bx543-MAeWIDl4TwuG.png
[ImageService] Processing: https://s4.anilist.co/file/anilistcdn/media/anime/cover/large/bx481-Qpqy1TQBOxZO.png
[ImageService] Uploaded to: https://eivvjebsmxddrbbbnblr.supabase.co/storage/v1/object/public/covers/anime/OM-f4EqIgwszDcu90ump4.webp
[ImageService] Uploaded to: https://eivvjebsmxddrbbbnblr.supabase.co/storage/v1/object/public/covers/anime/_QJb8ucps1COUzOZ6xbbq.webp
[ImageService] Uploaded to: https://eivvjebsmxddrbbbnblr.supabase.co/storage/v1/object/public/covers/anime/HvfHjskpi0azwbxxNvGxO.webp
[ImageService] Processing: https://s4.anilist.co/file/anilistcdn/media/anime/cover/large/bx561-ke7B6XcWEI3Y.png
[ImageService] Uploaded to: https://eivvjebsmxddrbbbnblr.supabase.co/storage/v1/object/public/covers/anime/fzRN5fLF0rC_k0gMgT-ut.webp
     ⏭️ Already exists: Vandread
     ⏭️ Already exists: Yu-Gi-Oh!
     ⏭️ Already exists: Vampire Hunter D: Bloodlust
     ⏭️ Already exists: Sakura Wars
   📄 Year 2000 Page 2: 5 New, 17 Heal
[ImageService] Processing: https://s4.anilist.co/file/anilistcdn/media/anime/cover/large/bx1508-SDXzbWv7uORF.jpg
[ImageService] Uploaded to: https://eivvjebsmxddrbbbnblr.supabase.co/storage/v1/object/public/covers/anime/Adf-DIqDiQ9XXOZJMMGgS.webp
[ImageService] Processing: https://s4.anilist.co/file/anilistcdn/media/anime/cover/medium/1277.jpg
[ImageService] Uploaded to: https://eivvjebsmxddrbbbnblr.supabase.co/storage/v1/object/public/covers/anime/ceIp3zOpgzomd9IL5_EV6.webp
[ImageService] Processing: https://s4.anilist.co/file/anilistcdn/media/anime/cover/large/bx757-fDXnjPXDc4sv.jpg
[ImageService] Processing: https://s4.anilist.co/file/anilistcdn/media/anime/cover/medium/2284.jpg
[ImageService] Uploaded to: https://eivvjebsmxddrbbbnblr.supabase.co/storage/v1/object/public/covers/anime/0YpIRfUUqNWf29ZqGCdrb.webp
[ImageService] Uploaded to: https://eivvjebsmxddrbbbnblr.supabase.co/storage/v1/object/public/covers/anime/RorDk_9wtCtVub3WdEXmW.webp
[ImageService] Processing: https://s4.anilist.co/file/anilistcdn/media/anime/cover/medium/4067.jpg
[ImageService] Uploaded to: https://eivvjebsmxddrbbbnblr.supabase.co/storage/v1/object/public/covers/anime/OqQ4wPyvrWsyTJxHhStY0.webp
     ⏭️ Already exists: Sci-fi Harry
     ⏭️ Already exists: The Boy Who Saw the Wind
     ⏭️ Already exists: Ys II: Castle in the Heavens
     ⏭️ Already exists: Transformers: Robots in Disguise
     ⏭️ Already exists: Shin Megami Tensei: Devil Children
   📄 Year 2000 Page 3: 9 New, 24 Heal
[ImageService] Processing: https://s4.anilist.co/file/anilistcdn/media/anime/cover/medium/215.jpg
[ImageService] Processing: https://s4.anilist.co/file/anilistcdn/media/anime/cover/medium/n9526-vFELGokCRoxp.jpg
[ImageService] Processing: https://s4.anilist.co/file/anilistcdn/media/anime/cover/medium/21488-nNeEfHu9JEqA.jpg
[ImageService] Uploaded to: https://eivvjebsmxddrbbbnblr.supabase.co/storage/v1/object/public/covers/anime/5ySnm1kHLY51swtjKXuj1.webp
[ImageService] Uploaded to: https://eivvjebsmxddrbbbnblr.supabase.co/storage/v1/object/public/covers/anime/hgISfVCulkX_5aRB_EuqR.webp
[ImageService] Uploaded to: https://eivvjebsmxddrbbbnblr.supabase.co/storage/v1/object/public/covers/anime/ZDQdD5jItHa2av2WH0G8c.webp
[ImageService] Processing: https://s4.anilist.co/file/anilistcdn/media/anime/cover/large/bx5475-IJJMGHRcklYW.png
[ImageService] Uploaded to: https://eivvjebsmxddrbbbnblr.supabase.co/storage/v1/object/public/covers/anime/dkf6LSGlKy0TBww6NZwxP.webp
[ImageService] Processing: https://s4.anilist.co/file/anilistcdn/media/anime/cover/medium/102681-hkXrzof91Nld.jpg
[ImageService] Uploaded to: https://eivvjebsmxddrbbbnblr.supabase.co/storage/v1/object/public/covers/anime/ZDtiREFLE82ni7EJQVjHH.webp
     ⏭️ Already exists: Welcome to Pia Carrot! 2 DX
[ImageService] Processing: https://s4.anilist.co/file/anilistcdn/media/anime/cover/medium/100533-YwSZhpkbuQrG.jpg
[ImageService] Uploaded to: https://eivvjebsmxddrbbbnblr.supabase.co/storage/v1/object/public/covers/anime/mbBBT7Dv0rPBJ_ipnf0jl.webp
     ⏭️ Already exists: Utakata:Overdrive
     ⏭️ Already exists: Wolf Guy
[ImageService] Processing: https://s4.anilist.co/file/anilistcdn/media/anime/cover/medium/9451.jpg
[ImageService] Processing: https://s4.anilist.co/file/anilistcdn/media/anime/cover/medium/5943.jpg
[ImageService] Uploaded to: https://eivvjebsmxddrbbbnblr.supabase.co/storage/v1/object/public/covers/anime/16O_9X1Xhaw6gEIfjuj5S.webp
[ImageService] Uploaded to: https://eivvjebsmxddrbbbnblr.supabase.co/storage/v1/object/public/covers/anime/b0wAQTSeBgnvpgkyoirQH.webp
     ⏭️ Already exists: Time Bokan 2000: Kaitou Kiramekiman
     ⏭️ Already exists: Tuzki: LOVE ASSASSIN
[ImageService] Processing: https://s4.anilist.co/file/anilistcdn/media/anime/cover/medium/16480.jpg
[ImageService] Uploaded to: https://eivvjebsmxddrbbbnblr.supabase.co/storage/v1/object/public/covers/anime/bcd1UppR4GYEdgw9yuj1-.webp
     ⏭️ Already exists: Pulsar
     ⏭️ Already exists: Sore Ike! Anpanman: Ningyo Hime no Namida
     ⏭️ Already exists: The Aurora
     ⏭️ Already exists: Ojarumaru Yakusoku no Natsu Ojaru to Semira Movie
   📄 Year 2000 Page 4: 3 New, 1 Heal
[ImageService] Processing: https://s4.anilist.co/file/anilistcdn/media/anime/cover/large/bx188941-ybAGj0N3Sgwn.png
[ImageService] Processing: https://s4.anilist.co/file/anilistcdn/media/anime/cover/medium/5793.jpg
[ImageService] Processing: https://s4.anilist.co/file/anilistcdn/media/anime/cover/medium/b121828-6xwDYAA79Ywg.jpg
[ImageService] Uploaded to: https://eivvjebsmxddrbbbnblr.supabase.co/storage/v1/object/public/covers/anime/QBKFbiSsSeebqoP5Sx0NK.webp
[ImageService] Uploaded to: https://eivvjebsmxddrbbbnblr.supabase.co/storage/v1/object/public/covers/anime/FccXMFYDaV2OGunw14_mb.webp
[ImageService] Uploaded to: https://eivvjebsmxddrbbbnblr.supabase.co/storage/v1/object/public/covers/anime/eFhlSPBNIWu965vq67KKj.webp
   ⚠️ Primary model refused "Sore Ike! Anpanman: Outa to Teasobi Tanoshii ne". Switching to Grok...
     ⏭️ Already exists: Robo Crosser
     ⏭️ Already exists: Shinsengumi
   ❌ All models refused "Sore Ike! Anpanman: Outa to Teasobi Tanoshii ne". Using original description.
     ⏭️ Already exists: Sore Ike! Anpanman: Outa to Teasobi Tanoshii ne

📅 Processing Year: 1999
   📄 Year 1999 Page 1: 9 New, 4 Heal
[ImageService] Processing: https://s4.anilist.co/file/anilistcdn/media/anime/cover/large/bx2006-QvHuKpl2QqP0.jpg
[ImageService] Processing: https://s4.anilist.co/file/anilistcdn/media/anime/cover/large/bx160-t5rKPAhZoznO.jpg
[ImageService] Processing: https://s4.anilist.co/file/anilistcdn/media/anime/cover/large/bx1025-f9yZiEWi0LjY.png
[ImageService] Processing: https://s4.anilist.co/file/anilistcdn/media/anime/cover/medium/b763-1T59JdI5ohJd.jpg
[ImageService] Uploaded to: https://eivvjebsmxddrbbbnblr.supabase.co/storage/v1/object/public/covers/anime/NO_BZFKLHO7Dv-YGX1KN5.webp
[ImageService] Uploaded to: https://eivvjebsmxddrbbbnblr.supabase.co/storage/v1/object/public/covers/anime/aXLfhFuIgyic5X30t3o0O.webp
[ImageService] Uploaded to: https://eivvjebsmxddrbbbnblr.supabase.co/storage/v1/object/public/covers/anime/Q_A1JbGmuxCOjZbRDCubI.webp
[ImageService] Processing: https://s4.anilist.co/file/anilistcdn/media/anime/cover/large/bx472-xH5Ia6fpPE6c.png
[ImageService] Uploaded to: https://eivvjebsmxddrbbbnblr.supabase.co/storage/v1/object/public/covers/anime/x3zNzYriCI1T1hsOKxGWQ.webp
[ImageService] Uploaded to: https://eivvjebsmxddrbbbnblr.supabase.co/storage/v1/object/public/covers/anime/Pi6-KQHbAxqMLghmY5H8c.webp
     ⏭️ Already exists: To Heart
     ⏭️ Already exists: Yu☆Gi☆Oh! (Movie)
[ImageService] Processing: https://s4.anilist.co/file/anilistcdn/media/anime/cover/medium/4874.jpg
[ImageService] Uploaded to: https://eivvjebsmxddrbbbnblr.supabase.co/storage/v1/object/public/covers/anime/vQAIfewpy056z4G0Pl5GD.webp
[ImageService] Processing: https://s4.anilist.co/file/anilistcdn/media/anime/cover/medium/b1018-0Yyp7Uf8KfM4.jpg
[ImageService] Uploaded to: https://eivvjebsmxddrbbbnblr.supabase.co/storage/v1/object/public/covers/anime/tXUg5h8HBK05xjjN0sxWX.webp
     ⏭️ Already exists: Now and Then, Here and There
[ImageService] Processing: https://s4.anilist.co/file/anilistcdn/media/anime/cover/large/bx1108-eO4LD0uqqkcT.jpg
     ⏭️ Already exists: Zoids
[ImageService] Processing: https://s4.anilist.co/file/anilistcdn/media/anime/cover/large/bx2013-E5l2Xf9KTAgk.jpg
[ImageService] Uploaded to: https://eivvjebsmxddrbbbnblr.supabase.co/storage/v1/object/public/covers/anime/cnVjQXlCd5-9Wsd6l2U9y.webp
     ⏭️ Already exists: The Legend of Black Heaven
[ImageService] Uploaded to: https://eivvjebsmxddrbbbnblr.supabase.co/storage/v1/object/public/covers/anime/v1ufH55mS7KD1QviFyqFO.webp
     ⏭️ Already exists: Pokémon: Pikachu's Winter Vacation
     ⏭️ Already exists: You're Under Arrest! The Motion Picture
     ⏭️ Already exists: Orphen 2: Revenge
     ⏭️ Already exists: Soul Hunter
   📄 Year 1999 Page 2: 8 New, 19 Heal
[ImageService] Processing: https://s4.anilist.co/file/anilistcdn/media/anime/cover/large/bx2245-C4byesmWDtjb.jpg
[ImageService] Processing: https://s4.anilist.co/file/anilistcdn/media/anime/cover/large/bx1442-RACKqxGiBWiD.jpg
[ImageService] Processing: https://s4.anilist.co/file/anilistcdn/media/anime/cover/large/bx347-9KfBM9H0PSST.jpg
[ImageService] Uploaded to: https://eivvjebsmxddrbbbnblr.supabase.co/storage/v1/object/public/covers/anime/SVN71aMp1Hr07WLg0MIhw.webp
[ImageService] Uploaded to: https://eivvjebsmxddrbbbnblr.supabase.co/storage/v1/object/public/covers/anime/FDqkpPzddFVztH4ROe2bW.webp
[ImageService] Uploaded to: https://eivvjebsmxddrbbbnblr.supabase.co/storage/v1/object/public/covers/anime/oqpx4poOcd_5cXuHEyacs.webp
[ImageService] Processing: https://s4.anilist.co/file/anilistcdn/media/anime/cover/medium/b744-HL7S3oMg48Oe.jpg
[ImageService] Uploaded to: https://eivvjebsmxddrbbbnblr.supabase.co/storage/v1/object/public/covers/anime/4bA9XzgXUmFfWfK9jn0Zg.webp
[ImageService] Processing: https://s4.anilist.co/file/anilistcdn/media/anime/cover/large/nx3218-82ijt3hInS3c.jpg
[ImageService] Uploaded to: https://eivvjebsmxddrbbbnblr.supabase.co/storage/v1/object/public/covers/anime/63FbwgXP0xuxAh7jqnLjp.webp
     ⏭️ Already exists: Reign: The Conqueror
     ⏭️ Already exists: Seraphim Call
[ImageService] Processing: https://s4.anilist.co/file/anilistcdn/media/anime/cover/large/bx1395-Re2tukLzSHyX.png
[ImageService] Uploaded to: https://eivvjebsmxddrbbbnblr.supabase.co/storage/v1/object/public/covers/anime/7MXEIVLAnIpgy5g-L-M71.webp
     ⏭️ Already exists: Trouble Chocolate
     ⏭️ Already exists: Saiyuuki
[ImageService] Processing: https://s4.anilist.co/file/anilistcdn/media/anime/cover/medium/2779.jpg
[ImageService] Processing: https://s4.anilist.co/file/anilistcdn/media/anime/cover/medium/2299.jpg
[ImageService] Uploaded to: https://eivvjebsmxddrbbbnblr.supabase.co/storage/v1/object/public/covers/anime/4bW9d9RsyR7CDprf845vQ.webp
[ImageService] Uploaded to: https://eivvjebsmxddrbbbnblr.supabase.co/storage/v1/object/public/covers/anime/jGV0G5ljhhGSsVXY-dpFA.webp
     ⏭️ Already exists: Wild Arms: Twilight Venom
     ⏭️ Already exists: Uchuu no Kishi Tekkaman Blade OVA: Burning Clock
     ⏭️ Already exists: Shin Seiki GPX Cyber Formula SIN
     ⏭️ Already exists: Sotsugyou M: Ore-tachi no Carnival
   📄 Year 1999 Page 3: 5 New, 16 Heal
[ImageService] Processing: https://s4.anilist.co/file/anilistcdn/media/anime/cover/medium/2731.jpg
[ImageService] Processing: https://s4.anilist.co/file/anilistcdn/media/anime/cover/medium/10607.jpg
[ImageService] Processing: https://s4.anilist.co/file/anilistcdn/media/anime/cover/large/bx17965-geDgRrhZIxqP.jpg
[ImageService] Uploaded to: https://eivvjebsmxddrbbbnblr.supabase.co/storage/v1/object/public/covers/anime/izhY-8c30tTQmqysLyDSB.webp
[ImageService] Processing: https://s4.anilist.co/file/anilistcdn/media/anime/cover/medium/13551.jpg
[ImageService] Uploaded to: https://eivvjebsmxddrbbbnblr.supabase.co/storage/v1/object/public/covers/anime/h_FVrMyvZHgZIFe89WElO.webp
[ImageService] Uploaded to: https://eivvjebsmxddrbbbnblr.supabase.co/storage/v1/object/public/covers/anime/Tgy0VrtXfoWChO0pR7gzc.webp
[ImageService] Uploaded to: https://eivvjebsmxddrbbbnblr.supabase.co/storage/v1/object/public/covers/anime/d-dC0SCyTSwBQqHQ5UjRH.webp
[ImageService] Processing: https://s4.anilist.co/file/anilistcdn/media/anime/cover/medium/14249.jpg
[ImageService] Uploaded to: https://eivvjebsmxddrbbbnblr.supabase.co/storage/v1/object/public/covers/anime/mCDYlE15rQD7eA2p_GJrv.webp
     ⏭️ Already exists: Rerere no Tensai Bakabon
     ⏭️ Already exists: Ribbon no Kishi (1999)
     ⏭️ Already exists: Shuukan! Story Land
     ⏭️ Already exists: Z-Mind
     ⏭️ Already exists: Tetsuwan Atom: Ao Kishi no Kan

📅 Processing Year: 1998
   📄 Year 1998 Page 1: 9 New, 2 Heal
[ImageService] Processing: https://s4.anilist.co/file/anilistcdn/media/anime/cover/large/bx6-wd4saT1JzStH.jpg
[ImageService] Processing: https://s4.anilist.co/file/anilistcdn/media/anime/cover/large/bx339-xF2wp1NQuQ4r.png
[ImageService] Processing: https://s4.anilist.co/file/anilistcdn/media/anime/cover/large/bx437-69NMlXKFeuse.jpg
[ImageService] Processing: https://s4.anilist.co/file/anilistcdn/media/anime/cover/large/nx420-KIPJO7uFQ9cR.jpg
[ImageService] Uploaded to: https://eivvjebsmxddrbbbnblr.supabase.co/storage/v1/object/public/covers/anime/-I_n6ZnJYqGY9ZmjlyzJj.webp
[ImageService] Processing: https://s4.anilist.co/file/anilistcdn/media/anime/cover/large/nx466-bVP54I7dCB2F.jpg
[ImageService] Uploaded to: https://eivvjebsmxddrbbbnblr.supabase.co/storage/v1/object/public/covers/anime/FfbT1iBFEbZV-aPZ0x62x.webp
[ImageService] Uploaded to: https://eivvjebsmxddrbbbnblr.supabase.co/storage/v1/object/public/covers/anime/ePtErI39s39Q6CDx_mPj8.webp
[ImageService] Uploaded to: https://eivvjebsmxddrbbbnblr.supabase.co/storage/v1/object/public/covers/anime/J0HuyavF7iYGa_7PALOd-.webp
[ImageService] Uploaded to: https://eivvjebsmxddrbbbnblr.supabase.co/storage/v1/object/public/covers/anime/MUw3Ak-4hcaf8tghDTMc8.webp
     ⏭️ Already exists: Trigun
[ImageService] Processing: https://s4.anilist.co/file/anilistcdn/media/anime/cover/large/bx206-G9mTDCBNom5D.png
[ImageService] Uploaded to: https://eivvjebsmxddrbbbnblr.supabase.co/storage/v1/object/public/covers/anime/_6Poso8l-J3Jola7aO0B6.webp
     ⏭️ Already exists: Perfect Blue
[ImageService] Processing: https://s4.anilist.co/file/anilistcdn/media/anime/cover/large/nx1629-MskO0PkbexoD.png
[ImageService] Uploaded to: https://eivvjebsmxddrbbbnblr.supabase.co/storage/v1/object/public/covers/anime/DujZTb7K86qa39bKoumwO.webp
     ⏭️ Already exists: SPRIGGAN
[ImageService] Processing: https://s4.anilist.co/file/anilistcdn/media/anime/cover/medium/b12067-zfDvibz9jK41.jpg
     ⏭️ Already exists: Serial Experiments Lain
[ImageService] Uploaded to: https://eivvjebsmxddrbbbnblr.supabase.co/storage/v1/object/public/covers/anime/108t3VSRT8tZIDepvXsuV.webp
[ImageService] Processing: https://s4.anilist.co/file/anilistcdn/media/anime/cover/medium/1231.jpg
[ImageService] Uploaded to: https://eivvjebsmxddrbbbnblr.supabase.co/storage/v1/object/public/covers/anime/eJg4aPEl5UMVlSrPfWCsC.webp
     ⏭️ Already exists: One Piece: Defeat the Pirate Ganzack!
     ⏭️ Already exists: Record of Lodoss War: Chronicles of the Heroic Knight
     ⏭️ Already exists: The Devil Lady
     ⏭️ Already exists: Saber Marionette J to X
     ⏭️ Already exists: Samurai X Special
   📄 Year 1998 Page 2: 6 New, 14 Heal
[ImageService] Processing: https://s4.anilist.co/file/anilistcdn/media/anime/cover/large/bx4191-0lhSXP6OU3A0.png
[ImageService] Processing: https://s4.anilist.co/file/anilistcdn/media/anime/cover/large/bx2766-n160fy24Mm4X.png
[ImageService] Uploaded to: https://eivvjebsmxddrbbbnblr.supabase.co/storage/v1/object/public/covers/anime/PcB41xKyX2hXjT4lq9S7N.webp
[ImageService] Uploaded to: https://eivvjebsmxddrbbbnblr.supabase.co/storage/v1/object/public/covers/anime/bgWCw88WJGCYC1fbedNAL.webp
[ImageService] Processing: https://s4.anilist.co/file/anilistcdn/media/anime/cover/large/bx1772-y1CEEODDY22E.png
[ImageService] Uploaded to: https://eivvjebsmxddrbbbnblr.supabase.co/storage/v1/object/public/covers/anime/SagA9tE2bAYZSFh1PkNWP.webp
[ImageService] Processing: https://s4.anilist.co/file/anilistcdn/media/anime/cover/medium/1585.jpg
[ImageService] Processing: https://s4.anilist.co/file/anilistcdn/media/anime/cover/medium/2310.jpg
[ImageService] Uploaded to: https://eivvjebsmxddrbbbnblr.supabase.co/storage/v1/object/public/covers/anime/vD3jtdvT7COoE03yepwwz.webp
[ImageService] Uploaded to: https://eivvjebsmxddrbbbnblr.supabase.co/storage/v1/object/public/covers/anime/XhWfr609a7PbC7G09pITl.webp
     ⏭️ Already exists: Super Doll★Licca-chan
[ImageService] Processing: https://s4.anilist.co/file/anilistcdn/media/anime/cover/medium/1892.jpg
[ImageService] Uploaded to: https://eivvjebsmxddrbbbnblr.supabase.co/storage/v1/object/public/covers/anime/CMIfeh4XkGm98d-G-KVRV.webp
     ⏭️ Already exists: Super Mobile Legend Dinagiga
     ⏭️ Already exists: Spectral Force
     ⏭️ Already exists: Popolocrois Monogatari
     ⏭️ Already exists: Virgin Fleet
     ⏭️ Already exists: YAT Anshin! Uchuu Ryokou 2
   📄 Year 1998 Page 3: 2 New, 12 Heal
[ImageService] Processing: https://s4.anilist.co/file/anilistcdn/media/anime/cover/medium/17721.jpg
[ImageService] Uploaded to: https://eivvjebsmxddrbbbnblr.supabase.co/storage/v1/object/public/covers/anime/lJuhLHHNhIZ5tN26ZkXz5.webp
[ImageService] Processing: https://s4.anilist.co/file/anilistcdn/media/anime/cover/medium/b145479-pnufwPeDM5sT.jpg
[ImageService] Uploaded to: https://eivvjebsmxddrbbbnblr.supabase.co/storage/v1/object/public/covers/anime/0BYRFF28aLOkCnqaKPZ3f.webp
     ⏭️ Already exists: Rennyo Monogatari
   ⚠️ Primary model refused "Sore Ike! Anpanman: Anpanman to Okashi na Nakama". Switching to Grok...
     ⏭️ Already exists: Sore Ike! Anpanman: Anpanman to Okashi na Nakama

📅 Processing Year: 1997
   📄 Year 1997 Page 1: 6 New, 2 Heal
[ImageService] Processing: https://s4.anilist.co/file/anilistcdn/media/anime/cover/medium/b527-FSbEjTEOSQQ5.png
[ImageService] Processing: https://s4.anilist.co/file/anilistcdn/media/anime/cover/medium/b818-KJV5rnRLVKGZ.png
[ImageService] Processing: https://s4.anilist.co/file/anilistcdn/media/anime/cover/large/bx46-Steq4sQpA6fq.png
[ImageService] Processing: https://s4.anilist.co/file/anilistcdn/media/anime/cover/medium/b440-r4l3N5WGgUOZ.jpg
[ImageService] Processing: https://s4.anilist.co/file/anilistcdn/media/anime/cover/large/bx164-ySuGzCWVw2cL.jpg
[ImageService] Uploaded to: https://eivvjebsmxddrbbbnblr.supabase.co/storage/v1/object/public/covers/anime/vZei48oUUjSuHlHIBlX73.webp
[ImageService] Uploaded to: https://eivvjebsmxddrbbbnblr.supabase.co/storage/v1/object/public/covers/anime/rksxVTYLgROf1Bdnb6ZzK.webp
[ImageService] Uploaded to: https://eivvjebsmxddrbbbnblr.supabase.co/storage/v1/object/public/covers/anime/mCXPg_ijpiteodaujjoLD.webp
[ImageService] Uploaded to: https://eivvjebsmxddrbbbnblr.supabase.co/storage/v1/object/public/covers/anime/RGpThfnohhskuVsZgSFuV.webp
[ImageService] Uploaded to: https://eivvjebsmxddrbbbnblr.supabase.co/storage/v1/object/public/covers/anime/4BdrF3rBqqcWL27xfcK7J.webp
     ⏭️ Already exists: Princess Mononoke
     ⏭️ Already exists: Sakura Diaries
[ImageService] Processing: https://s4.anilist.co/file/anilistcdn/media/anime/cover/large/bx1046-MtFdMlw6oGWL.jpg
[ImageService] Uploaded to: https://eivvjebsmxddrbbbnblr.supabase.co/storage/v1/object/public/covers/anime/tmoN_i-XGRC0s_96kUZjB.webp
     ⏭️ Already exists: Pokémon
     ⏭️ Already exists: Revolutionary Girl Utena
     ⏭️ Already exists: Samurai X: The Motion Picture
     ⏭️ Already exists: Those Who Hunt Elves II
   📄 Year 1997 Page 2: 10 New, 15 Heal
[ImageService] Processing: https://s4.anilist.co/file/anilistcdn/media/anime/cover/large/bx3571-LqtGxKpHYVAe.jpg
[ImageService] Processing: https://s4.anilist.co/file/anilistcdn/media/anime/cover/medium/b1671-EOw6pF8wpjkc.jpg
[ImageService] Uploaded to: https://eivvjebsmxddrbbbnblr.supabase.co/storage/v1/object/public/covers/anime/2mgihGoMXbub51EEPr_ft.webp
[ImageService] Processing: https://s4.anilist.co/file/anilistcdn/media/anime/cover/large/bx1411-1xnzMIhj9Wgc.jpg
[ImageService] Uploaded to: https://eivvjebsmxddrbbbnblr.supabase.co/storage/v1/object/public/covers/anime/u64vZSZ19LNR4f_Oplzxd.webp
[ImageService] Processing: https://s4.anilist.co/file/anilistcdn/media/anime/cover/medium/1855.jpg
[ImageService] Uploaded to: https://eivvjebsmxddrbbbnblr.supabase.co/storage/v1/object/public/covers/anime/-iEF4wxu5XvaFYCZeNfjz.webp
[ImageService] Uploaded to: https://eivvjebsmxddrbbbnblr.supabase.co/storage/v1/object/public/covers/anime/7qAn-wahVj7GuTIMDWgyG.webp
[ImageService] Processing: https://s4.anilist.co/file/anilistcdn/media/anime/cover/large/bx2625-bb9v3ErluMUK.png
[ImageService] Uploaded to: https://eivvjebsmxddrbbbnblr.supabase.co/storage/v1/object/public/covers/anime/XP6ep1_mei0Vts5SSuKb4.webp
     ⏭️ Already exists: VS Knight Lamune & 40 Fresh
     ⏭️ Already exists: The☆Doraemons: Kaitou Dorapin Nazo no Chousenjou!
[ImageService] Processing: https://s4.anilist.co/file/anilistcdn/media/anime/cover/medium/16251.jpg
[ImageService] Uploaded to: https://eivvjebsmxddrbbbnblr.supabase.co/storage/v1/object/public/covers/anime/YE8_ohl8F4xMxjj4Ky-mL.webp
[ImageService] Processing: https://s4.anilist.co/file/anilistcdn/media/anime/cover/large/bx15579-MaZnNLMZtRS5.jpg
     ⏭️ Already exists: Starship Girl Yamamoto Yohko II
[ImageService] Processing: https://s4.anilist.co/file/anilistcdn/media/anime/cover/medium/6230.jpg
[ImageService] Uploaded to: https://eivvjebsmxddrbbbnblr.supabase.co/storage/v1/object/public/covers/anime/ClBHDR0uZDzdbiJ5aLP6F.webp
[ImageService] Uploaded to: https://eivvjebsmxddrbbbnblr.supabase.co/storage/v1/object/public/covers/anime/UqbHoxoRW2xUBfCwIB_iT.webp
     ⏭️ Already exists: Wild Cardz
     ⏭️ Already exists: Speed Racer X
[ImageService] Processing: https://s4.anilist.co/file/anilistcdn/media/anime/cover/medium/2280.jpg
[ImageService] Processing: https://s4.anilist.co/file/anilistcdn/media/anime/cover/medium/16510.jpg
[ImageService] Uploaded to: https://eivvjebsmxddrbbbnblr.supabase.co/storage/v1/object/public/covers/anime/J9f9FkBw45geH0mhHKCMU.webp
[ImageService] Uploaded to: https://eivvjebsmxddrbbbnblr.supabase.co/storage/v1/object/public/covers/anime/7hRpxX67h3uqRgKG7U8nk.webp
     ⏭️ Already exists: Shinkai no Kantai: Submarine 707
     ⏭️ Already exists: Tokyo Pig
     ⏭️ Already exists: The Fleet of the Rising Sun
     ⏭️ Already exists: Shin Shounan Bakusouzoku Arakure KNIGHT
     ⏭️ Already exists: Shinkai Densetsu MEREMANOID
   📄 Year 1997 Page 3: 2 New, 7 Heal
[ImageService] Processing: https://s4.anilist.co/file/anilistcdn/media/anime/cover/medium/9446.jpg
[ImageService] Processing: https://s4.anilist.co/file/anilistcdn/media/anime/cover/medium/6519.jpg
[ImageService] Uploaded to: https://eivvjebsmxddrbbbnblr.supabase.co/storage/v1/object/public/covers/anime/2si0XVjYMsRYUqWVa6qle.webp
[ImageService] Uploaded to: https://eivvjebsmxddrbbbnblr.supabase.co/storage/v1/object/public/covers/anime/aohX_Q6qHiPXnu1LTKLfJ.webp
   ⚠️ Primary model refused "Sore Ike! Anpanman: Niji no Pyramid". Switching to Grok...
     ⏭️ Already exists: Tamagotchi Honto no Hanashi
     ⏭️ Already exists: Sore Ike! Anpanman: Niji no Pyramid

📅 Processing Year: 1996
   📄 Year 1996 Page 1: 6 New, 3 Heal
[ImageService] Processing: https://s4.anilist.co/file/anilistcdn/media/anime/cover/large/nx573-pRSpr6N5DpHX.jpg
[ImageService] Processing: https://s4.anilist.co/file/anilistcdn/media/anime/cover/large/bx155-tDzea3RpxSZ8.jpg
[ImageService] Processing: https://s4.anilist.co/file/anilistcdn/media/anime/cover/large/bx45-DEFgZRCxiGmF.png
[ImageService] Processing: https://s4.anilist.co/file/anilistcdn/media/anime/cover/large/bx1372-Q1B078xXbu2c.png
[ImageService] Uploaded to: https://eivvjebsmxddrbbbnblr.supabase.co/storage/v1/object/public/covers/anime/xfQve1suIFZIvlmYhO-ID.webp
[ImageService] Processing: https://s4.anilist.co/file/anilistcdn/media/anime/cover/large/bx869-QTbtFWkoKzWl.png
[ImageService] Uploaded to: https://eivvjebsmxddrbbbnblr.supabase.co/storage/v1/object/public/covers/anime/Ffqxn-V8Q0s5VBHhHACOF.webp
[ImageService] Uploaded to: https://eivvjebsmxddrbbbnblr.supabase.co/storage/v1/object/public/covers/anime/xHZXxNS-pyOp0IRXBflpY.webp
[ImageService] Uploaded to: https://eivvjebsmxddrbbbnblr.supabase.co/storage/v1/object/public/covers/anime/4j1SKV74Fu1ZOQewLEjaC.webp
[ImageService] Uploaded to: https://eivvjebsmxddrbbbnblr.supabase.co/storage/v1/object/public/covers/anime/gYfD6u8xWMq6iSawhpgSy.webp
     ⏭️ Already exists: X
[ImageService] Processing: https://s4.anilist.co/file/anilistcdn/media/anime/cover/medium/3010.jpg
[ImageService] Uploaded to: https://eivvjebsmxddrbbbnblr.supabase.co/storage/v1/object/public/covers/anime/TvhCmYimSz5MbRO5xu6CH.webp
     ⏭️ Already exists: Rurouni Kenshin
     ⏭️ Already exists: Saber Marionette J
     ⏭️ Already exists: Slayers RETURN
     ⏭️ Already exists: You're Under Arrest! (TV)
     ⏭️ Already exists: The Legend of Zorro
   📄 Year 1996 Page 2: 7 New, 10 Heal
[ImageService] Processing: https://s4.anilist.co/file/anilistcdn/media/anime/cover/medium/1217.jpg
[ImageService] Processing: https://s4.anilist.co/file/anilistcdn/media/anime/cover/large/bx1560-HQlAZAAjYUnb.jpg
[ImageService] Uploaded to: https://eivvjebsmxddrbbbnblr.supabase.co/storage/v1/object/public/covers/anime/UU8ykX-ThgUs0S3xgSZkP.webp
[ImageService] Processing: https://s4.anilist.co/file/anilistcdn/media/anime/cover/medium/2097.jpg
[ImageService] Processing: https://s4.anilist.co/file/anilistcdn/media/anime/cover/medium/1820.jpg
[ImageService] Uploaded to: https://eivvjebsmxddrbbbnblr.supabase.co/storage/v1/object/public/covers/anime/ckXyCvLqgTGfBADie-_2e.webp
[ImageService] Uploaded to: https://eivvjebsmxddrbbbnblr.supabase.co/storage/v1/object/public/covers/anime/FOSHsejah0epqymKoZxuY.webp
[ImageService] Uploaded to: https://eivvjebsmxddrbbbnblr.supabase.co/storage/v1/object/public/covers/anime/KbpdnfYqj1W1AOwcsgnHN.webp
[ImageService] Processing: https://s4.anilist.co/file/anilistcdn/media/anime/cover/large/bx2087-AbpORqks9HN5.png
[ImageService] Uploaded to: https://eivvjebsmxddrbbbnblr.supabase.co/storage/v1/object/public/covers/anime/Fl-2zQBQH37_ExzOGEB8V.webp
     ⏭️ Already exists: Seikimatsu★Darling
     ⏭️ Already exists: Voltage Fighter Gowcaizer
[ImageService] Processing: https://s4.anilist.co/file/anilistcdn/media/anime/cover/medium/1891.jpg
[ImageService] Uploaded to: https://eivvjebsmxddrbbbnblr.supabase.co/storage/v1/object/public/covers/anime/upkA3pygMPoLZAzg22cKE.webp
[ImageService] Processing: https://s4.anilist.co/file/anilistcdn/media/anime/cover/large/bx1900-sEoYK4Sz7qn5.jpg
     ⏭️ Already exists: Power Dolls
[ImageService] Uploaded to: https://eivvjebsmxddrbbbnblr.supabase.co/storage/v1/object/public/covers/anime/3F5tcmirxAfpBpbmKJMNl.webp
     ⏭️ Already exists: VS Knight Lamune & 40 Fire
     ⏭️ Already exists: Special Duty Combat Unit Shinesman
     ⏭️ Already exists: Twin Signal
     ⏭️ Already exists: YAT Anshin! Uchuu Ryokou
   📄 Year 1996 Page 3: 6 New, 19 Heal
[ImageService] Processing: https://s4.anilist.co/file/anilistcdn/media/anime/cover/medium/17621.jpg
[ImageService] Processing: https://s4.anilist.co/file/anilistcdn/media/anime/cover/large/bx1396-rO2GYtai0pI7.png
[ImageService] Uploaded to: https://eivvjebsmxddrbbbnblr.supabase.co/storage/v1/object/public/covers/anime/xLc7tDjhZNTnQ7cEk003x.webp
[ImageService] Uploaded to: https://eivvjebsmxddrbbbnblr.supabase.co/storage/v1/object/public/covers/anime/c9ZjoIVTdr_VateglxYsD.webp
[ImageService] Processing: https://s4.anilist.co/file/anilistcdn/media/anime/cover/large/bx10060-PNSiPgQEV0wr.png
[ImageService] Processing: https://s4.anilist.co/file/anilistcdn/media/anime/cover/medium/7639.jpg
[ImageService] Uploaded to: https://eivvjebsmxddrbbbnblr.supabase.co/storage/v1/object/public/covers/anime/1y3D_aNBIjrJQrjq6PMmT.webp
[ImageService] Uploaded to: https://eivvjebsmxddrbbbnblr.supabase.co/storage/v1/object/public/covers/anime/rn3CcZ9DKcAFgbVY6b7qb.webp
[ImageService] Processing: https://s4.anilist.co/file/anilistcdn/media/anime/cover/medium/b145475-onYmcpKcoY9I.png
[ImageService] Uploaded to: https://eivvjebsmxddrbbbnblr.supabase.co/storage/v1/object/public/covers/anime/lxia0wTuvizqXVLz28-N9.webp
     ⏭️ Already exists: Ultraman: Chou Toushi Gekiden - Suisei Senjin Tsuifon Toujou
[ImageService] Processing: https://s4.anilist.co/file/anilistcdn/media/anime/cover/medium/b182549-lmA8h9qd1F3D.png
[ImageService] Uploaded to: https://eivvjebsmxddrbbbnblr.supabase.co/storage/v1/object/public/covers/anime/w_cWvJ_5ZilB5RM5j-3uX.webp
     ⏭️ Already exists: Shounen Santa no Daibouken
     ⏭️ Already exists: Shin Seiki GPX Cyber Formula: EARLYDAYS RENEWAL
     ⏭️ Already exists: Sore Ike! Anpanman: Baikinman to 3-bai Punch
     ⏭️ Already exists: Sore Ike! Anpanman: Sora Tobu Ehon to Glass no Kutsu
     ⏭️ Already exists: Ultraman Company

📅 Processing Year: 1995
   📄 Year 1995 Page 1: 8 New, 0 Heal
[ImageService] Processing: https://s4.anilist.co/file/anilistcdn/media/anime/cover/large/bx2559-JURloxu6nxV8.jpg
[ImageService] Processing: https://s4.anilist.co/file/anilistcdn/media/anime/cover/large/bx2498-mCUC4VHfw0jU.png
[ImageService] Processing: https://s4.anilist.co/file/anilistcdn/media/anime/cover/large/nx585-5uq7j2xNNVmN.jpg
[ImageService] Processing: https://s4.anilist.co/file/anilistcdn/media/anime/cover/large/bx1240-kAKXTWVzFfOr.png
[ImageService] Processing: https://s4.anilist.co/file/anilistcdn/media/anime/cover/large/bx1239-bYf4KsFfsUhf.png
[ImageService] Uploaded to: https://eivvjebsmxddrbbbnblr.supabase.co/storage/v1/object/public/covers/anime/rcIRBDEujwV5zMHlrp_SR.webp
[ImageService] Uploaded to: https://eivvjebsmxddrbbbnblr.supabase.co/storage/v1/object/public/covers/anime/Exp308Wf1gf9l-z7NaDMe.webp
[ImageService] Uploaded to: https://eivvjebsmxddrbbbnblr.supabase.co/storage/v1/object/public/covers/anime/7IMFzki-t8rduGw1UOfxZ.webp
[ImageService] Uploaded to: https://eivvjebsmxddrbbbnblr.supabase.co/storage/v1/object/public/covers/anime/srsxxguzoj-_24_-GNaZa.webp
[ImageService] Uploaded to: https://eivvjebsmxddrbbbnblr.supabase.co/storage/v1/object/public/covers/anime/sZucYU-sZEt0590VVOurs.webp
     ⏭️ Already exists: Whisper of the Heart
[ImageService] Processing: https://s4.anilist.co/file/anilistcdn/media/anime/cover/medium/914.jpg
[ImageService] Uploaded to: https://eivvjebsmxddrbbbnblr.supabase.co/storage/v1/object/public/covers/anime/GqLtvaUvvsX5gAhDqc0Zi.webp
     ⏭️ Already exists: Sailor Moon SuperS
[ImageService] Processing: https://s4.anilist.co/file/anilistcdn/media/anime/cover/large/bx1573-EU4aCjsRcjjT.jpg
[ImageService] Uploaded to: https://eivvjebsmxddrbbbnblr.supabase.co/storage/v1/object/public/covers/anime/6VklqEM9Ov3Vd7_tdVFG6.webp
     ⏭️ Already exists: Slam Dunk: Shohoku Maximum Crisis! Burn Sakuragi Hanamichi
     ⏭️ Already exists: Sailor Moon SuperS the Movie: Black Dream Hole
[ImageService] Processing: https://s4.anilist.co/file/anilistcdn/media/anime/cover/large/nx3829-GOMKNkT4F6C8.jpg
[ImageService] Uploaded to: https://eivvjebsmxddrbbbnblr.supabase.co/storage/v1/object/public/covers/anime/oKJ_BpB_rQSx5gv1lYVlc.webp
     ⏭️ Already exists: Romeo's Blue Skies
     ⏭️ Already exists: Zenki
     ⏭️ Already exists: The Ping-Pong Club
     ⏭️ Already exists: The Diary of Anne Frank
   📄 Year 1995 Page 2: 5 New, 16 Heal
[ImageService] Processing: https://s4.anilist.co/file/anilistcdn/media/anime/cover/medium/b2529-sFqcEXUl20kc.jpg
[ImageService] Processing: https://s4.anilist.co/file/anilistcdn/media/anime/cover/large/bx3036-0MywYGWOr5RX.jpg
[ImageService] Processing: https://s4.anilist.co/file/anilistcdn/media/anime/cover/medium/b1938-snn4zFWdn5WP.jpg
[ImageService] Uploaded to: https://eivvjebsmxddrbbbnblr.supabase.co/storage/v1/object/public/covers/anime/9wuAfx1wrJkz61ik5DoVW.webp
[ImageService] Processing: https://s4.anilist.co/file/anilistcdn/media/anime/cover/large/bx9376-mNgCp1iA8DSI.jpg
[ImageService] Uploaded to: https://eivvjebsmxddrbbbnblr.supabase.co/storage/v1/object/public/covers/anime/fwax1i-gINLA9qyn9i8qJ.webp
[ImageService] Processing: https://s4.anilist.co/file/anilistcdn/media/anime/cover/medium/7245.jpg
[ImageService] Uploaded to: https://eivvjebsmxddrbbbnblr.supabase.co/storage/v1/object/public/covers/anime/ZZpIaZRrZ2S36BPpsD81-.webp
[ImageService] Uploaded to: https://eivvjebsmxddrbbbnblr.supabase.co/storage/v1/object/public/covers/anime/c9soBP4frM65KuzaQCGhT.webp
[ImageService] Uploaded to: https://eivvjebsmxddrbbbnblr.supabase.co/storage/v1/object/public/covers/anime/dJAv0WzuOeFUWNnP3DAXj.webp
     ⏭️ Already exists: The World's Most Famous Tales
     ⏭️ Already exists: Princess Minerva
     ⏭️ Already exists: Super Atragon
     ⏭️ Already exists: Yamato Takeru: After War
     ⏭️ Already exists: Soar High! Isami
   📄 Year 1995 Page 3: 4 New, 7 Heal
[ImageService] Processing: https://s4.anilist.co/file/anilistcdn/media/anime/cover/medium/17649.jpg
[ImageService] Processing: https://s4.anilist.co/file/anilistcdn/media/anime/cover/large/bx140022-mvsAM1cX7nDb.jpg
[ImageService] Processing: https://s4.anilist.co/file/anilistcdn/media/anime/cover/medium/b176873-JjpxUtJA71DJ.png
[ImageService] Processing: https://s4.anilist.co/file/anilistcdn/media/anime/cover/large/bx157801-wMx4YXUki9c5.png
[ImageService] Uploaded to: https://eivvjebsmxddrbbbnblr.supabase.co/storage/v1/object/public/covers/anime/KQaM0Bhi0rXZ4dNVQKj0f.webp
[ImageService] Uploaded to: https://eivvjebsmxddrbbbnblr.supabase.co/storage/v1/object/public/covers/anime/GRAZLYWsG74wwTpro0QUQ.webp
[ImageService] Uploaded to: https://eivvjebsmxddrbbbnblr.supabase.co/storage/v1/object/public/covers/anime/ZQia5j0lZAyGFZsHvOFmg.webp
[ImageService] Uploaded to: https://eivvjebsmxddrbbbnblr.supabase.co/storage/v1/object/public/covers/anime/Vp8OCoWm8l2lsYJc8xwuQ.webp
     ⏭️ Already exists: Sore Ike! Anpanman: Christmas da! Minna Atsumare
     ⏭️ Already exists: Youchien Sentai Genkids
     ⏭️ Already exists: Udauda Yatteru Hima wa Nee!
     ⏭️ Already exists: Yamiyo no Jidaigeki (OVA)

📅 Processing Year: 1994
   📄 Year 1994 Page 1: 5 New, 5 Heal
[ImageService] Processing: https://s4.anilist.co/file/anilistcdn/media/anime/cover/large/bx1010-lnoMM9Yc9osK.jpg
[ImageService] Processing: https://s4.anilist.co/file/anilistcdn/media/anime/cover/medium/2125.jpg
[ImageService] Processing: https://s4.anilist.co/file/anilistcdn/media/anime/cover/medium/540.jpg
[ImageService] Processing: https://s4.anilist.co/file/anilistcdn/media/anime/cover/large/bx1861-gLafT1OtdB9a.png
[ImageService] Uploaded to: https://eivvjebsmxddrbbbnblr.supabase.co/storage/v1/object/public/covers/anime/8nkyE9bbkoBU9621MmI7-.webp
[ImageService] Uploaded to: https://eivvjebsmxddrbbbnblr.supabase.co/storage/v1/object/public/covers/anime/egxx70v3McttMUkLFCBaf.webp
[ImageService] Uploaded to: https://eivvjebsmxddrbbbnblr.supabase.co/storage/v1/object/public/covers/anime/OSXraW3X0X-uExkTeKaig.webp
[ImageService] Uploaded to: https://eivvjebsmxddrbbbnblr.supabase.co/storage/v1/object/public/covers/anime/8mSl87BH6TGNmIC8s6Onw.webp
[ImageService] Processing: https://s4.anilist.co/file/anilistcdn/media/anime/cover/large/bx3512-ky8jOSegQXKj.jpg
[ImageService] Uploaded to: https://eivvjebsmxddrbbbnblr.supabase.co/storage/v1/object/public/covers/anime/VvIAvHs_YVLxo4P1mKdtY.webp
     ⏭️ Already exists: Tenchi Muyo! Ryo-Ohki Season 2
     ⏭️ Already exists: Slam Dunk: National Domination! Sakuragi Hanamichi
     ⏭️ Already exists: Ranma ½: One Flew Over the Kuno's Nest
     ⏭️ Already exists: Yu Yu Hakusho: Eizou Hakusho
     ⏭️ Already exists: Tenshi Nanka ja Nai
   📄 Year 1994 Page 2: 7 New, 15 Heal
[ImageService] Processing: https://s4.anilist.co/file/anilistcdn/media/anime/cover/large/bx2283-bAqkdMy9J9fc.jpg
[ImageService] Processing: https://s4.anilist.co/file/anilistcdn/media/anime/cover/medium/2591.jpg
[ImageService] Processing: https://s4.anilist.co/file/anilistcdn/media/anime/cover/large/bx1959-X4pwIz0gYarp.jpg
[ImageService] Uploaded to: https://eivvjebsmxddrbbbnblr.supabase.co/storage/v1/object/public/covers/anime/U7ziHI-mojiItbG5q7kk1.webp
[ImageService] Uploaded to: https://eivvjebsmxddrbbbnblr.supabase.co/storage/v1/object/public/covers/anime/ewv8URW8DFUvxqcKpnofl.webp
[ImageService] Processing: https://s4.anilist.co/file/anilistcdn/media/anime/cover/large/bx3913-q2oss1nugWmz.jpg
[ImageService] Processing: https://s4.anilist.co/file/anilistcdn/media/anime/cover/medium/b3809-x44N6HcaWfeA.jpg
[ImageService] Uploaded to: https://eivvjebsmxddrbbbnblr.supabase.co/storage/v1/object/public/covers/anime/vXajfJU4EqM4JdhNgGHFJ.webp
[ImageService] Uploaded to: https://eivvjebsmxddrbbbnblr.supabase.co/storage/v1/object/public/covers/anime/FU7ASM-m3XeUMBcUE4-eZ.webp
[ImageService] Uploaded to: https://eivvjebsmxddrbbbnblr.supabase.co/storage/v1/object/public/covers/anime/AXGVi-dbmIDI44X81ZrS-.webp
   ⚠️ Primary model refused "The Legend of Snow White". Switching to Grok...
     ⏭️ Already exists: Samurai Shodown The Motion Picture
[ImageService] Processing: https://s4.anilist.co/file/anilistcdn/media/anime/cover/medium/b2467-APhcxi6OTaQN.png
[ImageService] Uploaded to: https://eivvjebsmxddrbbbnblr.supabase.co/storage/v1/object/public/covers/anime/ycUNCuY-Z-DwlHkyjjyLJ.webp
     ⏭️ Already exists: Wild 7
     ⏭️ Already exists: Ogre Slayer
[ImageService] Processing: https://s4.anilist.co/file/anilistcdn/media/anime/cover/medium/7915.jpg
[ImageService] Uploaded to: https://eivvjebsmxddrbbbnblr.supabase.co/storage/v1/object/public/covers/anime/X_Sz5zxqMwuKqSkjp_6Qe.webp
     ⏭️ Already exists: Red Baron
     ⏭️ Already exists: The Legend of Snow White
     ⏭️ Already exists: TAMA of the 3rd District -Have You Seen My TAMA?
     ⏭️ Already exists: Otaku no Seiza
   📄 Year 1994 Page 3: 6 New, 13 Heal
[ImageService] Processing: https://s4.anilist.co/file/anilistcdn/media/anime/cover/medium/9768.jpg
[ImageService] Processing: https://s4.anilist.co/file/anilistcdn/media/anime/cover/medium/b15141-29Iya1S0memB.png
[ImageService] Uploaded to: https://eivvjebsmxddrbbbnblr.supabase.co/storage/v1/object/public/covers/anime/CW8F6YKyEIF_GxoK-AmS9.webp
[ImageService] Processing: https://s4.anilist.co/file/anilistcdn/media/anime/cover/medium/19731.jpg
[ImageService] Processing: https://s4.anilist.co/file/anilistcdn/media/anime/cover/large/bx17624-tk2ab6NHMzhN.jpg
[ImageService] Processing: https://s4.anilist.co/file/anilistcdn/media/anime/cover/medium/12861.jpg
[ImageService] Uploaded to: https://eivvjebsmxddrbbbnblr.supabase.co/storage/v1/object/public/covers/anime/8V8TMr_XIiKte6qh4GDpn.webp
[ImageService] Uploaded to: https://eivvjebsmxddrbbbnblr.supabase.co/storage/v1/object/public/covers/anime/1znhMy0oD1W4IHXjMufnn.webp
[ImageService] Uploaded to: https://eivvjebsmxddrbbbnblr.supabase.co/storage/v1/object/public/covers/anime/PwSEm0LporqKm6TyhxwVj.webp
[ImageService] Uploaded to: https://eivvjebsmxddrbbbnblr.supabase.co/storage/v1/object/public/covers/anime/xe0ARF3UPLCvFQqMFo1LG.webp
     ⏭️ Already exists: Shima Shima Tora no Shimajirou
[ImageService] Processing: https://s4.anilist.co/file/anilistcdn/media/anime/cover/medium/b143548-yvvQsbQfvz06.jpg
[ImageService] Uploaded to: https://eivvjebsmxddrbbbnblr.supabase.co/storage/v1/object/public/covers/anime/sck_-zMNbNLhfo4J7dbIb.webp
     ⏭️ Already exists: Osamu and Musashi
     ⏭️ Already exists: Yukiwatari
     ⏭️ Already exists: Omakase Scrappers
     ⏭️ Already exists: Umeboshi Denka: Uchuu no Hate kara Panparopan!
   ⚠️ Primary model refused "Sore Ike! Anpanman: Minna Atsumare! Anpanman World". Switching to Grok...
     ⏭️ Already exists: Sore Ike! Anpanman: Minna Atsumare! Anpanman World

📅 Processing Year: 1993
   📄 Year 1993 Page 1: 7 New, 8 Heal
[ImageService] Processing: https://s4.anilist.co/file/anilistcdn/media/anime/cover/large/bx2500-GqIx6Oz61vap.jpg
[ImageService] Processing: https://s4.anilist.co/file/anilistcdn/media/anime/cover/medium/1007-UPcDEzlonXK6.png
[ImageService] Processing: https://s4.anilist.co/file/anilistcdn/media/anime/cover/large/bx49-jv1G7rSP4lxg.png
[ImageService] Processing: https://s4.anilist.co/file/anilistcdn/media/anime/cover/large/bx740-XZhoxj6aJjNc.png
[ImageService] Processing: https://s4.anilist.co/file/anilistcdn/media/anime/cover/large/bx170-cmD8A0vZsp6g.jpg
[ImageService] Uploaded to: https://eivvjebsmxddrbbbnblr.supabase.co/storage/v1/object/public/covers/anime/_DPeeQTsYKZ6EuBV9gu8z.webp
[ImageService] Uploaded to: https://eivvjebsmxddrbbbnblr.supabase.co/storage/v1/object/public/covers/anime/6ZOXpQ0YIjCBgMa2Q94sE.webp
[ImageService] Uploaded to: https://eivvjebsmxddrbbbnblr.supabase.co/storage/v1/object/public/covers/anime/sz3ZlTeMf3Pkl6u0Yxy2U.webp
[ImageService] Uploaded to: https://eivvjebsmxddrbbbnblr.supabase.co/storage/v1/object/public/covers/anime/E8HqPhhtcFqglFkWdQtmg.webp
[ImageService] Uploaded to: https://eivvjebsmxddrbbbnblr.supabase.co/storage/v1/object/public/covers/anime/G_0ct1xiawtNnmuCuZH0P.webp
     ⏭️ Already exists: The Cockpit
[ImageService] Processing: https://s4.anilist.co/file/anilistcdn/media/anime/cover/medium/1146.jpg
[ImageService] Uploaded to: https://eivvjebsmxddrbbbnblr.supabase.co/storage/v1/object/public/covers/anime/Bjb2HTwaQzPwtW5Yraroz.webp
     ⏭️ Already exists: Ranma ½ (OVA)
     ⏭️ Already exists: Oh! My Goddess
[ImageService] Processing: https://s4.anilist.co/file/anilistcdn/media/anime/cover/large/bx3486-4rN0JJRd8pOd.jpg
     ⏭️ Already exists: Slam Dunk
[ImageService] Uploaded to: https://eivvjebsmxddrbbbnblr.supabase.co/storage/v1/object/public/covers/anime/anDlEysIsy_xMD13AEl7-.webp
     ⏭️ Already exists: Sailor Moon R
     ⏭️ Already exists: Tenchi Muyo! Ryo-Ohki: The Night Before The Carnival!
     ⏭️ Already exists: Yuusha Tokkyuu Might Gaine
   📄 Year 1993 Page 2: 7 New, 20 Heal
[ImageService] Processing: https://s4.anilist.co/file/anilistcdn/media/anime/cover/medium/2101.jpg
[ImageService] Processing: https://s4.anilist.co/file/anilistcdn/media/anime/cover/medium/3735.jpg
[ImageService] Processing: https://s4.anilist.co/file/anilistcdn/media/anime/cover/medium/14181.jpg
[ImageService] Uploaded to: https://eivvjebsmxddrbbbnblr.supabase.co/storage/v1/object/public/covers/anime/2hNUYK07OkabvrZ0thoQI.webp
[ImageService] Uploaded to: https://eivvjebsmxddrbbbnblr.supabase.co/storage/v1/object/public/covers/anime/vIxjvI8dy-TAjNUbAj_Os.webp
[ImageService] Uploaded to: https://eivvjebsmxddrbbbnblr.supabase.co/storage/v1/object/public/covers/anime/sIacWdX_oTiU_gLZ-EJLB.webp
[ImageService] Processing: https://s4.anilist.co/file/anilistcdn/media/anime/cover/medium/2091.jpg
[ImageService] Uploaded to: https://eivvjebsmxddrbbbnblr.supabase.co/storage/v1/object/public/covers/anime/VTUD8rZ5il2lIjqG2XybZ.webp
[ImageService] Processing: https://s4.anilist.co/file/anilistcdn/media/anime/cover/large/bx3764-wIAvSYtUKz8u.jpg
[ImageService] Uploaded to: https://eivvjebsmxddrbbbnblr.supabase.co/storage/v1/object/public/covers/anime/DFnw-nZjMdCtsAH_4jlJw.webp
     ⏭️ Already exists: SINGLES
[ImageService] Processing: https://s4.anilist.co/file/anilistcdn/media/anime/cover/medium/5917.jpg
[ImageService] Uploaded to: https://eivvjebsmxddrbbbnblr.supabase.co/storage/v1/object/public/covers/anime/CJGJhKsUVOMgT_W5eiNGA.webp
     ⏭️ Already exists: The Fashion Boy is Cool
[ImageService] Processing: https://s4.anilist.co/file/anilistcdn/media/anime/cover/medium/b130530-lgWmdiasc9q1.jpg
     ⏭️ Already exists: Sonic Soldier Borgman II: New Century 2058
[ImageService] Uploaded to: https://eivvjebsmxddrbbbnblr.supabase.co/storage/v1/object/public/covers/anime/j5A2dDlUac6yn-nefPOPJ.webp
     ⏭️ Already exists: Oedo wa Nemurenai!
     ⏭️ Already exists: Shooting Star Gakusaver
     ⏭️ Already exists: On A Paper Crane: Tomoko's Adventure
     ⏭️ Already exists: Sanrio Sekai Meisaku Eigakan
   📄 Year 1993 Page 3: 2 New, 17 Heal
[ImageService] Processing: https://s4.anilist.co/file/anilistcdn/media/anime/cover/medium/10943.jpg
[ImageService] Processing: https://s4.anilist.co/file/anilistcdn/media/anime/cover/large/bx184371-3ato4RXPUB46.jpg
[ImageService] Uploaded to: https://eivvjebsmxddrbbbnblr.supabase.co/storage/v1/object/public/covers/anime/YAvthqFvIIlCZMZ0Aavbh.webp
[ImageService] Uploaded to: https://eivvjebsmxddrbbbnblr.supabase.co/storage/v1/object/public/covers/anime/BM_CopG4M1qIzlDC9bxCk.webp
     ⏭️ Already exists: Tsuyoshi Shikkari Shinasai: Tsuyoshi no Time Machine de Shikkari Shinasai
     ⏭️ Already exists: Sam to Chip no Hachamecha Dai Race

📅 Processing Year: 1992
   📄 Year 1992 Page 1: 12 New, 8 Heal
[ImageService] Processing: https://s4.anilist.co/file/anilistcdn/media/anime/cover/large/bx416-oO8Tts2dQtuv.jpg
[ImageService] Processing: https://s4.anilist.co/file/anilistcdn/media/anime/cover/large/bx530-O8q6KpJ244Qk.jpg
[ImageService] Processing: https://s4.anilist.co/file/anilistcdn/media/anime/cover/large/bx392-z90299zIvYmx.png
[ImageService] Processing: https://s4.anilist.co/file/anilistcdn/media/anime/cover/large/bx201-mrWfPJpsOwUH.jpg
[ImageService] Processing: https://s4.anilist.co/file/anilistcdn/media/anime/cover/medium/b966-QUCdKAk4ls9J.jpg
[ImageService] Uploaded to: https://eivvjebsmxddrbbbnblr.supabase.co/storage/v1/object/public/covers/anime/4GnS_O9_NtYKUFlLdARhg.webp
[ImageService] Uploaded to: https://eivvjebsmxddrbbbnblr.supabase.co/storage/v1/object/public/covers/anime/Zxdaj-wq41dgfkj6Q9Uim.webp
[ImageService] Uploaded to: https://eivvjebsmxddrbbbnblr.supabase.co/storage/v1/object/public/covers/anime/-q_YqFMjKFbzVxBcVBqbX.webp
[ImageService] Uploaded to: https://eivvjebsmxddrbbbnblr.supabase.co/storage/v1/object/public/covers/anime/4rQXl0o42a9RTm8kg-c2p.webp
[ImageService] Uploaded to: https://eivvjebsmxddrbbbnblr.supabase.co/storage/v1/object/public/covers/anime/AQzv2lT9cXWs3NcAqygBA.webp
   ⚠️ Primary model refused "Video Girl Ai". Switching to Grok...
     ⏭️ Already exists: Porco Rosso
[ImageService] Processing: https://s4.anilist.co/file/anilistcdn/media/anime/cover/large/bx792-38rjJ2pXILwU.png
     ⏭️ Already exists: Shin Chan
[ImageService] Processing: https://s4.anilist.co/file/anilistcdn/media/anime/cover/large/nx1262-tGQ9fvpQ4PJg.jpg
[ImageService] Uploaded to: https://eivvjebsmxddrbbbnblr.supabase.co/storage/v1/object/public/covers/anime/PZxQbe8aY4CHxH-SfuRfC.webp
     ⏭️ Already exists: Sailor Moon
[ImageService] Uploaded to: https://eivvjebsmxddrbbbnblr.supabase.co/storage/v1/object/public/covers/anime/Vg2Oq2VEX85EAkxF98Cui.webp
[ImageService] Processing: https://s4.anilist.co/file/anilistcdn/media/anime/cover/large/bx1777-O4bzZO1KgLKl.png
     ⏭️ Already exists: Yu Yu Hakusho: Ghostfiles
[ImageService] Uploaded to: https://eivvjebsmxddrbbbnblr.supabase.co/storage/v1/object/public/covers/anime/pwnMejKkGiz81NVq0vWTL.webp
[ImageService] Processing: https://s4.anilist.co/file/anilistcdn/media/anime/cover/large/bx9077-01xMm9Epjj6w.jpg
[ImageService] Uploaded to: https://eivvjebsmxddrbbbnblr.supabase.co/storage/v1/object/public/covers/anime/6LiZ2PT4NOFu-mchha9Aj.webp
     ⏭️ Already exists: Video Girl Ai
[ImageService] Processing: https://s4.anilist.co/file/anilistcdn/media/anime/cover/medium/3110.jpg
[ImageService] Uploaded to: https://eivvjebsmxddrbbbnblr.supabase.co/storage/v1/object/public/covers/anime/7wbTLNvXc0bt63qG12Qln.webp
     ⏭️ Already exists: The Super Dimension Fortress Macross II: Lovers Again
[ImageService] Processing: https://s4.anilist.co/file/anilistcdn/media/anime/cover/medium/2913.jpg
[ImageService] Uploaded to: https://eivvjebsmxddrbbbnblr.supabase.co/storage/v1/object/public/covers/anime/0CdUpPb2Q0Do-C5Q32Zeu.webp
     ⏭️ Already exists: Rokudenashi BLUES
     ⏭️ Already exists: The Weathering Continent
[ImageService] Processing: https://s4.anilist.co/file/anilistcdn/media/anime/cover/medium/2008.jpg
[ImageService] Uploaded to: https://eivvjebsmxddrbbbnblr.supabase.co/storage/v1/object/public/covers/anime/a3rLmCzdRimcn6G_Fe_wL.webp
     ⏭️ Already exists: Ranma ½: Nihao My Concubine
     ⏭️ Already exists: The Bush Baby
     ⏭️ Already exists: The Girl in the Wind: Jeanie with the Light Brown Hair
     ⏭️ Already exists: YAWARA! Sore Yuke Koshinuke Kids!!
   📄 Year 1992 Page 2: 11 New, 23 Heal
[ImageService] Processing: https://s4.anilist.co/file/anilistcdn/media/anime/cover/medium/2466.jpg
[ImageService] Processing: https://s4.anilist.co/file/anilistcdn/media/anime/cover/medium/b2785-cQcKJawWcBKz.jpg
[ImageService] Processing: https://s4.anilist.co/file/anilistcdn/media/anime/cover/medium/3605.jpg
[ImageService] Uploaded to: https://eivvjebsmxddrbbbnblr.supabase.co/storage/v1/object/public/covers/anime/_NRgaeJvLdy0lCrIMPYbY.webp
[ImageService] Uploaded to: https://eivvjebsmxddrbbbnblr.supabase.co/storage/v1/object/public/covers/anime/FTNmnWqTZvmq9A9zftgRJ.webp
[ImageService] Uploaded to: https://eivvjebsmxddrbbbnblr.supabase.co/storage/v1/object/public/covers/anime/G5Rwst8POcQcYjxXVPklj.webp
[ImageService] Processing: https://s4.anilist.co/file/anilistcdn/media/anime/cover/medium/18703.jpg
[ImageService] Processing: https://s4.anilist.co/file/anilistcdn/media/anime/cover/medium/b7696-zeqXdzeqyeSr.png
[ImageService] Uploaded to: https://eivvjebsmxddrbbbnblr.supabase.co/storage/v1/object/public/covers/anime/7maC1ZmH9LVjRbd8XTQpS.webp
[ImageService] Uploaded to: https://eivvjebsmxddrbbbnblr.supabase.co/storage/v1/object/public/covers/anime/AyRbBfYzITJSq6GOTIWqY.webp
     ⏭️ Already exists: Star Dust
[ImageService] Processing: https://s4.anilist.co/file/anilistcdn/media/anime/cover/medium/8745.jpg
[ImageService] Uploaded to: https://eivvjebsmxddrbbbnblr.supabase.co/storage/v1/object/public/covers/anime/ns_U2aWII36elz79FgqIO.webp
     ⏭️ Already exists: OZ
     ⏭️ Already exists: Scramble Wars: Tsuppashire! Genom Trophy Rally
     ⏭️ Already exists: Princess Army: Wedding Combat
[ImageService] Processing: https://s4.anilist.co/file/anilistcdn/media/anime/cover/medium/9212.jpg
[ImageService] Processing: https://s4.anilist.co/file/anilistcdn/media/anime/cover/medium/5201.jpg
[ImageService] Processing: https://s4.anilist.co/file/anilistcdn/media/anime/cover/medium/b6091-373artBOmxfy.png
[ImageService] Uploaded to: https://eivvjebsmxddrbbbnblr.supabase.co/storage/v1/object/public/covers/anime/n9f06jCXLUPfVEh6RXlET.webp
[ImageService] Uploaded to: https://eivvjebsmxddrbbbnblr.supabase.co/storage/v1/object/public/covers/anime/IWJDgzvin35E0LIwLiB8K.webp
[ImageService] Uploaded to: https://eivvjebsmxddrbbbnblr.supabase.co/storage/v1/object/public/covers/anime/FuEOh9M8N6-dymGyPhRno.webp
     ⏭️ Already exists: Sangokushi Daiichibu Eiyuutachi no Yoake
[ImageService] Processing: https://s4.anilist.co/file/anilistcdn/media/anime/cover/medium/10059.jpg
[ImageService] Uploaded to: https://eivvjebsmxddrbbbnblr.supabase.co/storage/v1/object/public/covers/anime/7011iyeE-q4aRoXFxRm81.webp
     ⏭️ Already exists: Ruriiro Princess
[ImageService] Processing: https://s4.anilist.co/file/anilistcdn/media/anime/cover/large/bx9759-zBlE5K3TkKuX.png
     ⏭️ Already exists: Seikima II HUMANE SOCIETY: Jinrui Ai ni Michita Shakai
[ImageService] Uploaded to: https://eivvjebsmxddrbbbnblr.supabase.co/storage/v1/object/public/covers/anime/KSjk2mTISl0Nkvf0-XFrP.webp
     ⏭️ Already exists: Sore Ike! Anpanman: Tsumikijou no Himitsu
     ⏭️ Already exists: Tomatoman
     ⏭️ Already exists: Shiritsu Tantei: Toki Shouzou Trouble Note - Hard & Loose
     ⏭️ Already exists: Shin Seiki GPX Cyber Formula Graffiti
   📄 Year 1992 Page 3: 6 New, 17 Heal
[ImageService] Processing: https://s4.anilist.co/file/anilistcdn/media/anime/cover/medium/b121832-ibpMW76RvgHm.jpg
[ImageService] Processing: https://s4.anilist.co/file/anilistcdn/media/anime/cover/medium/b120265-dvuCjqx2LSJO.jpg
[ImageService] Uploaded to: https://eivvjebsmxddrbbbnblr.supabase.co/storage/v1/object/public/covers/anime/vHYhIkYMDdHIAb9iMejpK.webp
[ImageService] Processing: https://s4.anilist.co/file/anilistcdn/media/anime/cover/medium/3451.jpg
[ImageService] Uploaded to: https://eivvjebsmxddrbbbnblr.supabase.co/storage/v1/object/public/covers/anime/IwcBaIe37Q6POBcmz3WqY.webp
[ImageService] Processing: https://s4.anilist.co/file/anilistcdn/media/anime/cover/medium/19717.jpg
[ImageService] Uploaded to: https://eivvjebsmxddrbbbnblr.supabase.co/storage/v1/object/public/covers/anime/XGDf1QgPWYyucBQv8yjsc.webp
[ImageService] Uploaded to: https://eivvjebsmxddrbbbnblr.supabase.co/storage/v1/object/public/covers/anime/SNZfb1-GaQSCrtlBcxuD3.webp
[ImageService] Processing: https://s4.anilist.co/file/anilistcdn/media/anime/cover/medium/b150846-rD0j3O84gRBx.jpg
[ImageService] Uploaded to: https://eivvjebsmxddrbbbnblr.supabase.co/storage/v1/object/public/covers/anime/BUcBxLpIukPlWi2thnu9s.webp
     ⏭️ Already exists: Sore Ike! Anpanman: Anpanman to Yukai na Nakama-tachi
[ImageService] Processing: https://s4.anilist.co/file/anilistcdn/media/anime/cover/medium/b169510-ZAdBckCMXkv0.jpg
[ImageService] Uploaded to: https://eivvjebsmxddrbbbnblr.supabase.co/storage/v1/object/public/covers/anime/r-umSS8NA5L9qOcthj2IP.webp
     ⏭️ Already exists: TWO ON THE ROAD: Itsumo Futari de
     ⏭️ Already exists: Zoku Naniwa Yuukyouden
     ⏭️ Already exists: Youkai Ningen Bem: Part II
     ⏭️ Already exists: The Galaxy Adventures of Oz
     ⏭️ Already exists: Shika to Kanta

📅 Processing Year: 1991
   📄 Year 1991 Page 1: 9 New, 6 Heal
[ImageService] Processing: https://s4.anilist.co/file/anilistcdn/media/anime/cover/large/bx2000-BFVMqByhjMNW.jpg
[ImageService] Processing: https://s4.anilist.co/file/anilistcdn/media/anime/cover/large/bx1762-acu1YWRQB4QA.jpg
[ImageService] Processing: https://s4.anilist.co/file/anilistcdn/media/anime/cover/large/bx1925-t4wSF5Q1MAEF.png
[ImageService] Uploaded to: https://eivvjebsmxddrbbbnblr.supabase.co/storage/v1/object/public/covers/anime/zS73uf4WkoC1w6Efv2Xy3.webp
[ImageService] Uploaded to: https://eivvjebsmxddrbbbnblr.supabase.co/storage/v1/object/public/covers/anime/JH5WYNZ5H0N8BoKyL-z73.webp
[ImageService] Processing: https://s4.anilist.co/file/anilistcdn/media/anime/cover/medium/2557-jLHlIopf1kXN.png
[ImageService] Processing: https://s4.anilist.co/file/anilistcdn/media/anime/cover/large/bx1336-xHgX3rWZXZWD.jpg
[ImageService] Uploaded to: https://eivvjebsmxddrbbbnblr.supabase.co/storage/v1/object/public/covers/anime/5RAwieiSHlLjhmFE8l4bt.webp
[ImageService] Uploaded to: https://eivvjebsmxddrbbbnblr.supabase.co/storage/v1/object/public/covers/anime/_8DP091Y1j4rt49fgM4wU.webp
[ImageService] Uploaded to: https://eivvjebsmxddrbbbnblr.supabase.co/storage/v1/object/public/covers/anime/aiM3-bI7k-bRaOe3ojRK9.webp
     ⏭️ Already exists: The Guyver: Bio-Booster Armor
[ImageService] Processing: https://s4.anilist.co/file/anilistcdn/media/anime/cover/large/bx5712-CfznnIZexohI.jpg
[ImageService] Uploaded to: https://eivvjebsmxddrbbbnblr.supabase.co/storage/v1/object/public/covers/anime/uUq1shtgsxp1N8N1stWMy.webp
     ⏭️ Already exists: The Trapp Family Story
[ImageService] Processing: https://s4.anilist.co/file/anilistcdn/media/anime/cover/medium/970-doUTAQp8zx9m.png
[ImageService] Uploaded to: https://eivvjebsmxddrbbbnblr.supabase.co/storage/v1/object/public/covers/anime/ZSC9xLsRzU-MwyJbuzFMl.webp
     ⏭️ Already exists: Urusei Yatsura Movie 6: Always My Darling
     ⏭️ Already exists: Roujin Z
[ImageService] Processing: https://s4.anilist.co/file/anilistcdn/media/anime/cover/medium/1345.jpg
[ImageService] Uploaded to: https://eivvjebsmxddrbbbnblr.supabase.co/storage/v1/object/public/covers/anime/6DvtbxhhHMcdohKLZjzL9.webp
[ImageService] Processing: https://s4.anilist.co/file/anilistcdn/media/anime/cover/medium/b305-Y7RNWKeCUoaQ.jpg
[ImageService] Uploaded to: https://eivvjebsmxddrbbbnblr.supabase.co/storage/v1/object/public/covers/anime/oh-7tvpNv8bI0zfTUeWiR.webp
     ⏭️ Already exists: The Heroic Legend of Arslan: Age of Heroes
     ⏭️ Already exists: Tanoshii Moomin Ikka Bouken Nikki
     ⏭️ Already exists: Psychic Wars
     ⏭️ Already exists: Yokoyama Mitsuteru Sangokushi
     ⏭️ Already exists: The Abashiri Family
   📄 Year 1991 Page 2: 10 New, 23 Heal
[ImageService] Processing: https://s4.anilist.co/file/anilistcdn/media/anime/cover/medium/3438.jpg
[ImageService] Processing: https://s4.anilist.co/file/anilistcdn/media/anime/cover/medium/2570.jpg
[ImageService] Uploaded to: https://eivvjebsmxddrbbbnblr.supabase.co/storage/v1/object/public/covers/anime/nt5XEvvrQGr0J_4_DZKnt.webp
[ImageService] Uploaded to: https://eivvjebsmxddrbbbnblr.supabase.co/storage/v1/object/public/covers/anime/vO9iettfSxLNOHW5ibooW.webp
[ImageService] Processing: https://s4.anilist.co/file/anilistcdn/media/anime/cover/medium/15961.jpg
[ImageService] Processing: https://s4.anilist.co/file/anilistcdn/media/anime/cover/medium/12905.jpg
[ImageService] Uploaded to: https://eivvjebsmxddrbbbnblr.supabase.co/storage/v1/object/public/covers/anime/yLsSirCB62zIyZPQIaGKV.webp
[ImageService] Uploaded to: https://eivvjebsmxddrbbbnblr.supabase.co/storage/v1/object/public/covers/anime/hR6UrfZxTFpMkv1oGSNT3.webp
[ImageService] Processing: https://s4.anilist.co/file/anilistcdn/media/anime/cover/medium/1267.jpg
[ImageService] Uploaded to: https://eivvjebsmxddrbbbnblr.supabase.co/storage/v1/object/public/covers/anime/T86KrX0VIXiNOqeOYRyCS.webp
     ⏭️ Already exists: The Mischevious Twins
[ImageService] Processing: https://s4.anilist.co/file/anilistcdn/media/anime/cover/medium/b2114-dM3ecRW1f9Vu.jpg
[ImageService] Uploaded to: https://eivvjebsmxddrbbbnblr.supabase.co/storage/v1/object/public/covers/anime/7jOIDs5dPeBZznWSsduf9.webp
     ⏭️ Already exists: Top Striker
     ⏭️ Already exists: Shakotan★Boogie
[ImageService] Processing: https://s4.anilist.co/file/anilistcdn/media/anime/cover/medium/b8215-U7x0dSSsrnnQ.png
[ImageService] Processing: https://s4.anilist.co/file/anilistcdn/media/anime/cover/medium/10481.jpg
[ImageService] Uploaded to: https://eivvjebsmxddrbbbnblr.supabase.co/storage/v1/object/public/covers/anime/I57I5H5RDW2r8MCK7iVAZ.webp
[ImageService] Uploaded to: https://eivvjebsmxddrbbbnblr.supabase.co/storage/v1/object/public/covers/anime/LaktIqtyoyfkuSkbqSWlE.webp
     ⏭️ Already exists: Tsuki ga Noboru made ni
     ⏭️ Already exists: Ronin Warriors: Message
[ImageService] Processing: https://s4.anilist.co/file/anilistcdn/media/anime/cover/medium/10466.jpg
[ImageService] Uploaded to: https://eivvjebsmxddrbbbnblr.supabase.co/storage/v1/object/public/covers/anime/RimDifRl9lkVmBZ0wQ-Ri.webp
[ImageService] Processing: https://s4.anilist.co/file/anilistcdn/media/anime/cover/medium/10353.jpg
[ImageService] Uploaded to: https://eivvjebsmxddrbbbnblr.supabase.co/storage/v1/object/public/covers/anime/q8xvDoKMDEgWIOuvn3cym.webp
     ⏭️ Already exists: Phantom Yuusha Densetsu
     ⏭️ Already exists: Tenkuu Senki Shurato: Sousei e no Anto
     ⏭️ Already exists: Okama Hakusho
     ⏭️ Already exists: Otohime CONNECTION
     ⏭️ Already exists: Story from Genji Agedama
   📄 Year 1991 Page 3: 11 New, 20 Heal
[ImageService] Processing: https://s4.anilist.co/file/anilistcdn/media/anime/cover/medium/9993.jpg
[ImageService] Processing: https://s4.anilist.co/file/anilistcdn/media/anime/cover/medium/b3194-j0jG0dnCBZaO.jpg
[ImageService] Uploaded to: https://eivvjebsmxddrbbbnblr.supabase.co/storage/v1/object/public/covers/anime/v2EFc1QHaLuFw6Xs-gKHD.webp
[ImageService] Uploaded to: https://eivvjebsmxddrbbbnblr.supabase.co/storage/v1/object/public/covers/anime/ONcsKOMugQ7MBYbuR7BCP.webp
[ImageService] Processing: https://s4.anilist.co/file/anilistcdn/media/anime/cover/large/bx4504-34WD7uOzTVL7.png
[ImageService] Processing: https://s4.anilist.co/file/anilistcdn/media/anime/cover/medium/8753.jpg
[ImageService] Processing: https://s4.anilist.co/file/anilistcdn/media/anime/cover/medium/10113.jpg
[ImageService] Uploaded to: https://eivvjebsmxddrbbbnblr.supabase.co/storage/v1/object/public/covers/anime/MFNIsz590BYvbTUw9599H.webp
[ImageService] Uploaded to: https://eivvjebsmxddrbbbnblr.supabase.co/storage/v1/object/public/covers/anime/ZpXPkENlbFoh5Vz8dQ7U1.webp
[ImageService] Uploaded to: https://eivvjebsmxddrbbbnblr.supabase.co/storage/v1/object/public/covers/anime/kpes1erZk9gEd4xfzjWal.webp
     ⏭️ Already exists: Ultraman Kids Looking for Mother for 30000000 Light Years
[ImageService] Processing: https://s4.anilist.co/file/anilistcdn/media/anime/cover/medium/16970.jpg
[ImageService] Uploaded to: https://eivvjebsmxddrbbbnblr.supabase.co/storage/v1/object/public/covers/anime/qbb1rjQqZaaAnHPz1NOsb.webp
     ⏭️ Already exists: Saban's Adventures of the Little Mermaid
     ⏭️ Already exists: Samuraider
[ImageService] Processing: https://s4.anilist.co/file/anilistcdn/media/anime/cover/medium/10057.jpg
[ImageService] Uploaded to: https://eivvjebsmxddrbbbnblr.supabase.co/storage/v1/object/public/covers/anime/9SKIzMqBc_tnojCo68V32.webp
[ImageService] Processing: https://s4.anilist.co/file/anilistcdn/media/anime/cover/medium/9965.jpg
[ImageService] Uploaded to: https://eivvjebsmxddrbbbnblr.supabase.co/storage/v1/object/public/covers/anime/6ylAVncEwsV5dJDTdjUMP.webp
     ⏭️ Already exists: Yokohama Meibutsu: Otoko Katayama-gumi!
[ImageService] Processing: https://s4.anilist.co/file/anilistcdn/media/anime/cover/medium/12899.jpg
[ImageService] Uploaded to: https://eivvjebsmxddrbbbnblr.supabase.co/storage/v1/object/public/covers/anime/OLAiVtquEstmbVroSkwOr.webp
     ⏭️ Already exists: THE RESCUE KIDS
[ImageService] Processing: https://s4.anilist.co/file/anilistcdn/media/anime/cover/medium/b126620-bhQTtsCeVNX2.jpg
[ImageService] Uploaded to: https://eivvjebsmxddrbbbnblr.supabase.co/storage/v1/object/public/covers/anime/b9l0kP0_vDri6jjbLegBH.webp
     ⏭️ Already exists: Nyuuin Bokki Monogatari: Odaijini!
[ImageService] Processing: https://s4.anilist.co/file/anilistcdn/media/anime/cover/large/bx19517-PfLVf5LzWjEd.jpg
[ImageService] Uploaded to: https://eivvjebsmxddrbbbnblr.supabase.co/storage/v1/object/public/covers/anime/jI-Kc-9AiS3ji590B1TdU.webp
     ⏭️ Already exists: Sore Ike! Anpanman: Tobe! Tobe! Chibigon
     ⏭️ Already exists: Ucchare Goshogawara
     ⏭️ Already exists: Soukou Kyoshin Z-Knight
     ⏭️ Already exists: OH! MY Konbu
     ⏭️ Already exists: Taabou no Ryuuguusei Daitanken

📅 Processing Year: 1990
   📄 Year 1990 Page 1: 5 New, 12 Heal
[ImageService] Processing: https://s4.anilist.co/file/anilistcdn/media/anime/cover/medium/1443.jpg
[ImageService] Processing: https://s4.anilist.co/file/anilistcdn/media/anime/cover/large/bx1261-nsSWUSKoqaDr.jpg
[ImageService] Processing: https://s4.anilist.co/file/anilistcdn/media/anime/cover/large/bx2543-60SVluvBkiC8.jpg
[ImageService] Uploaded to: https://eivvjebsmxddrbbbnblr.supabase.co/storage/v1/object/public/covers/anime/Ut6WPUHW0Z2W9WsR_4qis.webp
[ImageService] Uploaded to: https://eivvjebsmxddrbbbnblr.supabase.co/storage/v1/object/public/covers/anime/ma2qCizmnQp3-iUv4-e1H.webp
[ImageService] Uploaded to: https://eivvjebsmxddrbbbnblr.supabase.co/storage/v1/object/public/covers/anime/r6_yXrAiRLdip9iIGPRwy.webp
[ImageService] Processing: https://s4.anilist.co/file/anilistcdn/media/anime/cover/medium/1295.jpg
[ImageService] Uploaded to: https://eivvjebsmxddrbbbnblr.supabase.co/storage/v1/object/public/covers/anime/U9SkAJaOXWF2FQQOAoTaN.webp
[ImageService] Processing: https://s4.anilist.co/file/anilistcdn/media/anime/cover/medium/b1966-0HBVQa89ONvJ.jpg
[ImageService] Uploaded to: https://eivvjebsmxddrbbbnblr.supabase.co/storage/v1/object/public/covers/anime/zv_8tM5mo6APXmF7rzoaA.webp
     ⏭️ Already exists: The Great Adventures of Robin Hood
     ⏭️ Already exists: SOL BIANCA
     ⏭️ Already exists: Samurai Pizza Cats
     ⏭️ Already exists: Project A-ko: Uncivil Wars
     ⏭️ Already exists: The Dark Myth
   📄 Year 1990 Page 2: 9 New, 22 Heal
[ImageService] Processing: https://s4.anilist.co/file/anilistcdn/media/anime/cover/medium/4537.jpg
[ImageService] Processing: https://s4.anilist.co/file/anilistcdn/media/anime/cover/medium/b6031-BInHOWoq97Cr.jpg
[ImageService] Uploaded to: https://eivvjebsmxddrbbbnblr.supabase.co/storage/v1/object/public/covers/anime/oEBhQm3Po5Ef8dsNoBmuD.webp
[ImageService] Uploaded to: https://eivvjebsmxddrbbbnblr.supabase.co/storage/v1/object/public/covers/anime/rBVFSM_KEbCAy0f-4-q0_.webp
[ImageService] Processing: https://s4.anilist.co/file/anilistcdn/media/anime/cover/medium/17991.jpg
[ImageService] Processing: https://s4.anilist.co/file/anilistcdn/media/anime/cover/medium/b5629-5siz8NepKmz6.png
[ImageService] Uploaded to: https://eivvjebsmxddrbbbnblr.supabase.co/storage/v1/object/public/covers/anime/onb8JAP3ndk0NPxH_0jYj.webp
[ImageService] Uploaded to: https://eivvjebsmxddrbbbnblr.supabase.co/storage/v1/object/public/covers/anime/-H9Q_mJ0Xi15cMdyj3KXS.webp
[ImageService] Processing: https://s4.anilist.co/file/anilistcdn/media/anime/cover/medium/5923.jpg
[ImageService] Uploaded to: https://eivvjebsmxddrbbbnblr.supabase.co/storage/v1/object/public/covers/anime/-MIIZ7hUM5i862xDRHfkZ.webp
     ⏭️ Already exists: Osu!! Karate Bu
     ⏭️ Already exists: Super Real Mahjong: Kasumi Miki Shouko no Hajimemashite
[ImageService] Processing: https://s4.anilist.co/file/anilistcdn/media/anime/cover/medium/20821.jpg
[ImageService] Processing: https://s4.anilist.co/file/anilistcdn/media/anime/cover/medium/17989.jpg
[ImageService] Uploaded to: https://eivvjebsmxddrbbbnblr.supabase.co/storage/v1/object/public/covers/anime/9fDx5ayX897QAgt2qDUoe.webp
[ImageService] Uploaded to: https://eivvjebsmxddrbbbnblr.supabase.co/storage/v1/object/public/covers/anime/biGSogjS9DTsVc6rDMXOf.webp
     ⏭️ Already exists: Yagami-kun no Katei no Jijou
     ⏭️ Already exists: Super Bestial Machine God Dancougar: Blazing Epilogue
[ImageService] Processing: https://s4.anilist.co/file/anilistcdn/media/anime/cover/medium/9061.jpg
[ImageService] Uploaded to: https://eivvjebsmxddrbbbnblr.supabase.co/storage/v1/object/public/covers/anime/NLf8veFfXL7VBOjulakw-.webp
[ImageService] Processing: https://s4.anilist.co/file/anilistcdn/media/anime/cover/medium/18567.jpg
[ImageService] Uploaded to: https://eivvjebsmxddrbbbnblr.supabase.co/storage/v1/object/public/covers/anime/VNeTxHPF13PsGJcCDTXGL.webp
     ⏭️ Already exists: Utsunomiko: Tenjou-hen
     ⏭️ Already exists: Super Real Mahjong: Mahjong Battle Scramble - Konran-teki Sento Mahjong
     ⏭️ Already exists: Sonic Soldier Borgman: Lover's Rain
     ⏭️ Already exists: Taiman Blues: Ladies-hen - Mayumi
     ⏭️ Already exists: RPG Densetsu Hepoi
   📄 Year 1990 Page 3: 4 New, 22 Heal
[ImageService] Processing: https://s4.anilist.co/file/anilistcdn/media/anime/cover/medium/11695.jpg
[ImageService] Uploaded to: https://eivvjebsmxddrbbbnblr.supabase.co/storage/v1/object/public/covers/anime/AFboulsCaQikCzT8zCkrE.webp
[ImageService] Processing: https://s4.anilist.co/file/anilistcdn/media/anime/cover/medium/5986.jpg
[ImageService] Processing: https://s4.anilist.co/file/anilistcdn/media/anime/cover/medium/17903.jpg
[ImageService] Processing: https://s4.anilist.co/file/anilistcdn/media/anime/cover/medium/16458.jpg
[ImageService] Uploaded to: https://eivvjebsmxddrbbbnblr.supabase.co/storage/v1/object/public/covers/anime/toXOVUyqVfUshzOwyrytS.webp
[ImageService] Uploaded to: https://eivvjebsmxddrbbbnblr.supabase.co/storage/v1/object/public/covers/anime/mUggfOWjxFkQ2P-6M6wpi.webp
[ImageService] Uploaded to: https://eivvjebsmxddrbbbnblr.supabase.co/storage/v1/object/public/covers/anime/M9nlC5YzohTf2261uRDpt.webp
     ⏭️ Already exists: Ultraman Graffiti
     ⏭️ Already exists: Perrine Monogatari Movie
     ⏭️ Already exists: Tengai Makyou: Ziria Oboro-hen
     ⏭️ Already exists: Otokogi

📅 Processing Year: 1989
   📄 Year 1989 Page 1: 7 New, 6 Heal
[ImageService] Processing: https://s4.anilist.co/file/anilistcdn/media/anime/cover/medium/1276-QgLf8WBFQ5NX.png
[ImageService] Processing: https://s4.anilist.co/file/anilistcdn/media/anime/cover/medium/2117.jpg
[ImageService] Processing: https://s4.anilist.co/file/anilistcdn/media/anime/cover/large/bx1095-uHF4BmIHLzbG.png
[ImageService] Uploaded to: https://eivvjebsmxddrbbbnblr.supabase.co/storage/v1/object/public/covers/anime/8BzxFjlDVW_x-EbBgxQgP.webp
[ImageService] Uploaded to: https://eivvjebsmxddrbbbnblr.supabase.co/storage/v1/object/public/covers/anime/w06Ugw1Yb9nEB2NtxVquj.webp
[ImageService] Processing: https://s4.anilist.co/file/anilistcdn/media/anime/cover/medium/2569.jpg
[ImageService] Uploaded to: https://eivvjebsmxddrbbbnblr.supabase.co/storage/v1/object/public/covers/anime/O83hv0RF1ME9kuOiJw3m6.webp
[ImageService] Uploaded to: https://eivvjebsmxddrbbbnblr.supabase.co/storage/v1/object/public/covers/anime/Twyd9vwDTjNJgfrIEIlos.webp
[ImageService] Processing: https://s4.anilist.co/file/anilistcdn/media/anime/cover/large/bx1638-SblTYgtSBs0x.jpg
[ImageService] Uploaded to: https://eivvjebsmxddrbbbnblr.supabase.co/storage/v1/object/public/covers/anime/ZWMU-HjQrnv3cHAHZZfFG.webp
     ⏭️ Already exists: The Jungle Book
[ImageService] Processing: https://s4.anilist.co/file/anilistcdn/media/anime/cover/medium/b2063-iQkYEFMrr2kE.jpg
     ⏭️ Already exists: Shin Captain Tsubasa
[ImageService] Uploaded to: https://eivvjebsmxddrbbbnblr.supabase.co/storage/v1/object/public/covers/anime/3YQ022ehYfn14YHje99nv.webp
     ⏭️ Already exists: Peter Pan & Wendy
[ImageService] Processing: https://s4.anilist.co/file/anilistcdn/media/anime/cover/large/bx2556-5hxl9W0Qi4xd.png
     ⏭️ Already exists: Ys
[ImageService] Uploaded to: https://eivvjebsmxddrbbbnblr.supabase.co/storage/v1/object/public/covers/anime/xVn8MtO2IkgGMWNbuQUBp.webp
     ⏭️ Already exists: Patlabor: The Movie
     ⏭️ Already exists: The New Adventures of Kimba The White Lion
     ⏭️ Already exists: Rhea Gall Force
   📄 Year 1989 Page 2: 5 New, 18 Heal
[ImageService] Processing: https://s4.anilist.co/file/anilistcdn/media/anime/cover/large/nx1227-pTx6nWdjBH2J.jpg
[ImageService] Processing: https://s4.anilist.co/file/anilistcdn/media/anime/cover/medium/b12795-iifVk0VkmHB4.jpg
[ImageService] Processing: https://s4.anilist.co/file/anilistcdn/media/anime/cover/large/bx1266-sXvjA0kEMwql.png
[ImageService] Uploaded to: https://eivvjebsmxddrbbbnblr.supabase.co/storage/v1/object/public/covers/anime/NCOBD9E8lQHlISrnn4G9w.webp
[ImageService] Uploaded to: https://eivvjebsmxddrbbbnblr.supabase.co/storage/v1/object/public/covers/anime/HJ0R9pHSHaEId3g-wzaGL.webp
[ImageService] Uploaded to: https://eivvjebsmxddrbbbnblr.supabase.co/storage/v1/object/public/covers/anime/-vWDDPNa_h1An43nWRRp7.webp
[ImageService] Processing: https://s4.anilist.co/file/anilistcdn/media/anime/cover/medium/12791.jpg
[ImageService] Uploaded to: https://eivvjebsmxddrbbbnblr.supabase.co/storage/v1/object/public/covers/anime/Af76vDi4QeFapKaUw8OZt.webp
[ImageService] Processing: https://s4.anilist.co/file/anilistcdn/media/anime/cover/medium/9403.jpg
[ImageService] Uploaded to: https://eivvjebsmxddrbbbnblr.supabase.co/storage/v1/object/public/covers/anime/EA3QH20tl1ISDyfW27KL5.webp
     ⏭️ Already exists: Yajikita Gakuen Douchuuki
     ⏭️ Already exists: Shin Mashin Eiyuuden Wataru Majinzan
     ⏭️ Already exists: Shuten Doji - The Star Hand Kid
     ⏭️ Already exists: Yankee Reppuu Tai
     ⏭️ Already exists: Ronin Warriors: Legend of the Inferno Armor
   📄 Year 1989 Page 3: 3 New, 15 Heal
[ImageService] Processing: https://s4.anilist.co/file/anilistcdn/media/anime/cover/medium/19879.jpg
[ImageService] Processing: https://s4.anilist.co/file/anilistcdn/media/anime/cover/medium/9885.jpg
[ImageService] Uploaded to: https://eivvjebsmxddrbbbnblr.supabase.co/storage/v1/object/public/covers/anime/Gce-TBm5p0jy3Mwxag2xY.webp
[ImageService] Processing: https://s4.anilist.co/file/anilistcdn/media/anime/cover/medium/7419.jpg
[ImageService] Uploaded to: https://eivvjebsmxddrbbbnblr.supabase.co/storage/v1/object/public/covers/anime/L9OyE2aA5GHSaMjXW9XRw.webp
[ImageService] Uploaded to: https://eivvjebsmxddrbbbnblr.supabase.co/storage/v1/object/public/covers/anime/x-ljzgmBF1G9qKcHn8ouQ.webp
     ⏭️ Already exists: Osomatsu-kun: Suika no Hoshi kara Konnichiwa zansu!
     ⏭️ Already exists: Shin Bikkuriman
     ⏭️ Already exists: Wrestler Gundan Seisenshi Robin Jr.

📅 Processing Year: 1988
   📄 Year 1988 Page 1: 12 New, 2 Heal
[ImageService] Processing: https://s4.anilist.co/file/anilistcdn/media/anime/cover/medium/b1093-oNUjFBdNsYlU.jpg
[ImageService] Processing: https://s4.anilist.co/file/anilistcdn/media/anime/cover/large/bx2516-mcKzqZjrgF1t.jpg
[ImageService] Processing: https://s4.anilist.co/file/anilistcdn/media/anime/cover/large/bx1384-BQKMLYCYwKjc.png
[ImageService] Processing: https://s4.anilist.co/file/anilistcdn/media/anime/cover/large/bx1264-sIhmsUTxzL3h.jpg
[ImageService] Processing: https://s4.anilist.co/file/anilistcdn/media/anime/cover/medium/1297.jpg
[ImageService] Uploaded to: https://eivvjebsmxddrbbbnblr.supabase.co/storage/v1/object/public/covers/anime/4IduRf2hPMl-ssNfQI5jO.webp
[ImageService] Uploaded to: https://eivvjebsmxddrbbbnblr.supabase.co/storage/v1/object/public/covers/anime/4v84cpwZ7r5aQXMrARUBY.webp
[ImageService] Uploaded to: https://eivvjebsmxddrbbbnblr.supabase.co/storage/v1/object/public/covers/anime/XzgaG_bIgceSiXf1e7xkb.webp
[ImageService] Uploaded to: https://eivvjebsmxddrbbbnblr.supabase.co/storage/v1/object/public/covers/anime/3HqQnBqYV2cLyl_QcJP28.webp
[ImageService] Uploaded to: https://eivvjebsmxddrbbbnblr.supabase.co/storage/v1/object/public/covers/anime/2iiyvslAJ1lyIWkSGTitx.webp
     ⏭️ Already exists: Vampire Princess Miyu
[ImageService] Processing: https://s4.anilist.co/file/anilistcdn/media/anime/cover/large/bx9883-EHMEDXA2uL4Q.jpg
[ImageService] Uploaded to: https://eivvjebsmxddrbbbnblr.supabase.co/storage/v1/object/public/covers/anime/RfXy4p3aCJCPT6AZf4ojk.webp
     ⏭️ Already exists: Uchuu no Senshi
[ImageService] Processing: https://s4.anilist.co/file/anilistcdn/media/anime/cover/medium/2780.jpg
[ImageService] Uploaded to: https://eivvjebsmxddrbbbnblr.supabase.co/storage/v1/object/public/covers/anime/k4Bk4XvtxuZuu4Eg1b_Jj.webp
     ⏭️ Already exists: Oishinbo
[ImageService] Processing: https://s4.anilist.co/file/anilistcdn/media/anime/cover/large/bx4533-9EJbRoh7eBU8.jpg
[ImageService] Uploaded to: https://eivvjebsmxddrbbbnblr.supabase.co/storage/v1/object/public/covers/anime/ix3_9vjsk46gdk-nSmIDN.webp
     ⏭️ Already exists: Project A-Ko 3: Cinderella Rhapsody
[ImageService] Processing: https://s4.anilist.co/file/anilistcdn/media/anime/cover/medium/2998.jpg
[ImageService] Uploaded to: https://eivvjebsmxddrbbbnblr.supabase.co/storage/v1/object/public/covers/anime/Jo_jT5AVumfDUODkZ-YPW.webp
     ⏭️ Already exists: Ronin Warriors
[ImageService] Processing: https://s4.anilist.co/file/anilistcdn/media/anime/cover/large/bx1960-ueSmUxBXWuFK.jpg
[ImageService] Uploaded to: https://eivvjebsmxddrbbbnblr.supabase.co/storage/v1/object/public/covers/anime/nCbTK5LOuYJZZ49dwcUWp.webp
     ⏭️ Already exists: Osomatsu-kun (1988)
[ImageService] Processing: https://s4.anilist.co/file/anilistcdn/media/anime/cover/medium/b5372-P6Eg46HNeXFE.png
[ImageService] Uploaded to: https://eivvjebsmxddrbbbnblr.supabase.co/storage/v1/object/public/covers/anime/qWWd9NeqahXXIV0SNkC5C.webp
     ⏭️ Already exists: Uchuu Kazoku Carlvinson
     ⏭️ Already exists: The Phoenix -Space-
[ImageService] Processing: https://s4.anilist.co/file/anilistcdn/media/anime/cover/large/bx2003-azIJOB6ZSPjI.jpg
[ImageService] Uploaded to: https://eivvjebsmxddrbbbnblr.supabase.co/storage/v1/object/public/covers/anime/JnO4JGx2U7YxqkW4zC1r6.webp
     ⏭️ Already exists: Ultimate Teacher
     ⏭️ Already exists: Sore Ike! Anpanman
     ⏭️ Already exists: Seisenshi Dunbine: New Story of AURA BATTLER Dunbine
     ⏭️ Already exists: The Tokyo Project
   📄 Year 1988 Page 2: 21 New, 12 Heal
[ImageService] Processing: https://s4.anilist.co/file/anilistcdn/media/anime/cover/medium/924.jpg
[ImageService] Processing: https://s4.anilist.co/file/anilistcdn/media/anime/cover/large/nx3595-ntLB1xyB50ms.jpg
[ImageService] Processing: https://s4.anilist.co/file/anilistcdn/media/anime/cover/medium/b5920-T6G2Vn2UXKvh.jpg
[ImageService] Processing: https://s4.anilist.co/file/anilistcdn/media/anime/cover/medium/4031.jpg
[ImageService] Uploaded to: https://eivvjebsmxddrbbbnblr.supabase.co/storage/v1/object/public/covers/anime/7gSEx3_loToU166a7VZ4h.webp
[ImageService] Processing: https://s4.anilist.co/file/anilistcdn/media/anime/cover/medium/b6067-LKRnsiebGOck.jpg
[ImageService] Uploaded to: https://eivvjebsmxddrbbbnblr.supabase.co/storage/v1/object/public/covers/anime/fpTZ1mzC7NeydWHfHJ--z.webp
[ImageService] Uploaded to: https://eivvjebsmxddrbbbnblr.supabase.co/storage/v1/object/public/covers/anime/TGwTM7L7e-tIfjr8u0TXu.webp
[ImageService] Uploaded to: https://eivvjebsmxddrbbbnblr.supabase.co/storage/v1/object/public/covers/anime/1ASLWRfnxrjQUDzd_hCfN.webp
[ImageService] Uploaded to: https://eivvjebsmxddrbbbnblr.supabase.co/storage/v1/object/public/covers/anime/C0hISVJiuOTpCgvIKs8bU.webp
     ⏭️ Already exists: Spirit Warrior
[ImageService] Processing: https://s4.anilist.co/file/anilistcdn/media/anime/cover/medium/6331.jpg
[ImageService] Uploaded to: https://eivvjebsmxddrbbbnblr.supabase.co/storage/v1/object/public/covers/anime/49A9X3VXSDWC62Q8GikYb.webp
     ⏭️ Already exists: Sakigake!! Otokojuku (Movie)
     ⏭️ Already exists: XANADU Dragonslayer Densetsu
[ImageService] Processing: https://s4.anilist.co/file/anilistcdn/media/anime/cover/medium/b2689-IJZ8PVBAp783.png
[ImageService] Processing: https://s4.anilist.co/file/anilistcdn/media/anime/cover/medium/b1552-vuZ5K04nffMA.png
[ImageService] Uploaded to: https://eivvjebsmxddrbbbnblr.supabase.co/storage/v1/object/public/covers/anime/507B7etdjzfNX2cbGs36y.webp
[ImageService] Uploaded to: https://eivvjebsmxddrbbbnblr.supabase.co/storage/v1/object/public/covers/anime/Rs40wTWoiDQVE233holey.webp
     ⏭️ Already exists: The Burning Wild Man
[ImageService] Processing: https://s4.anilist.co/file/anilistcdn/media/anime/cover/medium/4584.jpg
[ImageService] Uploaded to: https://eivvjebsmxddrbbbnblr.supabase.co/storage/v1/object/public/covers/anime/vcvZWAheRDLsACE8JYJOZ.webp
     ⏭️ Already exists: Transformers Super-God Masterforce
[ImageService] Processing: https://s4.anilist.co/file/anilistcdn/media/anime/cover/medium/2814.jpg
[ImageService] Uploaded to: https://eivvjebsmxddrbbbnblr.supabase.co/storage/v1/object/public/covers/anime/37T7pkiGUbaiqaRnYpE5D.webp
     ⏭️ Already exists: The Ten Little Gall Force
[ImageService] Processing: https://s4.anilist.co/file/anilistcdn/media/anime/cover/medium/4521.jpg
[ImageService] Uploaded to: https://eivvjebsmxddrbbbnblr.supabase.co/storage/v1/object/public/covers/anime/N8yb2Pk7uQzXwSmxL6ghw.webp
     ⏭️ Already exists: Topo Gigio
     ⏭️ Already exists: Zillion: Burning Night
[ImageService] Processing: https://s4.anilist.co/file/anilistcdn/media/anime/cover/medium/12037.jpg
     ⏭️ Already exists: Wowser
[ImageService] Processing: https://s4.anilist.co/file/anilistcdn/media/anime/cover/large/bx12399-ivMb94EWXOUo.png
[ImageService] Processing: https://s4.anilist.co/file/anilistcdn/media/anime/cover/medium/b12039-SvxY1Wjvnkqa.png
[ImageService] Uploaded to: https://eivvjebsmxddrbbbnblr.supabase.co/storage/v1/object/public/covers/anime/haGAx5M6q-5dwrWHpOeCZ.webp
[ImageService] Uploaded to: https://eivvjebsmxddrbbbnblr.supabase.co/storage/v1/object/public/covers/anime/X4U39gk7Je23MtdtZzaNm.webp
[ImageService] Uploaded to: https://eivvjebsmxddrbbbnblr.supabase.co/storage/v1/object/public/covers/anime/UTBKGeFOHC3ir833qH5Su.webp
     ⏭️ Already exists: Sunny Ryoko! You Were There in a Dream
[ImageService] Processing: https://s4.anilist.co/file/anilistcdn/media/anime/cover/medium/16728.jpg
[ImageService] Uploaded to: https://eivvjebsmxddrbbbnblr.supabase.co/storage/v1/object/public/covers/anime/UYuqPspTdXigQQRgOzoDI.webp
     ⏭️ Already exists: Watt Poe
[ImageService] Processing: https://s4.anilist.co/file/anilistcdn/media/anime/cover/medium/7052.jpg
[ImageService] Uploaded to: https://eivvjebsmxddrbbbnblr.supabase.co/storage/v1/object/public/covers/anime/2uBAOhLRTduUAn-3HIDxh.webp
     ⏭️ Already exists: What's Michael? 2
[ImageService] Processing: https://s4.anilist.co/file/anilistcdn/media/anime/cover/medium/4616.jpg
[ImageService] Uploaded to: https://eivvjebsmxddrbbbnblr.supabase.co/storage/v1/object/public/covers/anime/fF1hfmYU9Od60vEFsPOTi.webp
     ⏭️ Already exists: What's Michael? (TV)
[ImageService] Processing: https://s4.anilist.co/file/anilistcdn/media/anime/cover/medium/10244.jpg
[ImageService] Uploaded to: https://eivvjebsmxddrbbbnblr.supabase.co/storage/v1/object/public/covers/anime/5GqSrYqxkeSLhc9UY97LR.webp
     ⏭️ Already exists: Tatakae!! Ramenman (Movie)
[ImageService] Processing: https://s4.anilist.co/file/anilistcdn/media/anime/cover/medium/18967.jpg
[ImageService] Uploaded to: https://eivvjebsmxddrbbbnblr.supabase.co/storage/v1/object/public/covers/anime/J8g68QcjgtUgZGSE1Niyk.webp
     ⏭️ Already exists: Tooyamazakura Uchuuchou: Yatsu no Na wa Gold
[ImageService] Processing: https://s4.anilist.co/file/anilistcdn/media/anime/cover/medium/17315.jpg
[ImageService] Uploaded to: https://eivvjebsmxddrbbbnblr.supabase.co/storage/v1/object/public/covers/anime/751hRebgH2Fe6t39zw9OI.webp
     ⏭️ Already exists: Yumemiru Topo Gigio
[ImageService] Processing: https://s4.anilist.co/file/anilistcdn/media/anime/cover/medium/9546.jpg
[ImageService] Uploaded to: https://eivvjebsmxddrbbbnblr.supabase.co/storage/v1/object/public/covers/anime/Es1tYOMGHWlH8FT9JWNEl.webp
     ⏭️ Already exists: Ultra B: Black Hole kara no Dokusaisha BB!!
     ⏭️ Already exists: Zukkoke Sannin-gumi: Zukkoke Jikuu Bouken
     ⏭️ Already exists: Shinshuu Sudama-hen
     ⏭️ Already exists: Shin Pro Golfer Saru
     ⏭️ Already exists: Shirahata no Shoujo Ryuuko
   📄 Year 1988 Page 3: 2 New, 4 Heal
[ImageService] Processing: https://s4.anilist.co/file/anilistcdn/media/anime/cover/medium/b151763-0I4HVCv4erd0.jpg
[ImageService] Processing: https://s4.anilist.co/file/anilistcdn/media/anime/cover/medium/b182551-jxUWaIW9As1N.png
[ImageService] Uploaded to: https://eivvjebsmxddrbbbnblr.supabase.co/storage/v1/object/public/covers/anime/wp8VT6IvaOWu28JnGiVHw.webp
[ImageService] Uploaded to: https://eivvjebsmxddrbbbnblr.supabase.co/storage/v1/object/public/covers/anime/fWvxuZCXGlEMoRQWvGmrq.webp
     ⏭️ Already exists: TAMA & FRIENDS: 3 Choume Monogatari
     ⏭️ Already exists: Video Ehon-kan Nihon Otogibanashi

📅 Processing Year: 1987
   📄 Year 1987 Page 1: 17 New, 3 Heal
[ImageService] Processing: https://s4.anilist.co/file/anilistcdn/media/anime/cover/large/bx2182-jq5JLynVUl6X.jpg
[ImageService] Processing: https://s4.anilist.co/file/anilistcdn/media/anime/cover/large/bx1034-MaTXyGHuFvbu.png
[ImageService] Processing: https://s4.anilist.co/file/anilistcdn/media/anime/cover/large/nx1637-tvLm2NJfmuid.jpg
[ImageService] Processing: https://s4.anilist.co/file/anilistcdn/media/anime/cover/large/nx1107-YRi1VB2Y80g3.png
[ImageService] Uploaded to: https://eivvjebsmxddrbbbnblr.supabase.co/storage/v1/object/public/covers/anime/YzLauXyAHDxiX7XKfwKGp.webp
[ImageService] Uploaded to: https://eivvjebsmxddrbbbnblr.supabase.co/storage/v1/object/public/covers/anime/Qnu-2Wkx8yMyl-M641PlV.webp
[ImageService] Uploaded to: https://eivvjebsmxddrbbbnblr.supabase.co/storage/v1/object/public/covers/anime/XeufnMh568vUicl2c-eJk.webp
[ImageService] Uploaded to: https://eivvjebsmxddrbbbnblr.supabase.co/storage/v1/object/public/covers/anime/7_PV_qHtIQCWCc4UUZZP8.webp
     ⏭️ Already exists: Royal Space Force: The Wings of Honnêamise
[ImageService] Processing: https://s4.anilist.co/file/anilistcdn/media/anime/cover/medium/1981.jpg
[ImageService] Uploaded to: https://eivvjebsmxddrbbbnblr.supabase.co/storage/v1/object/public/covers/anime/1lwvjtu2Q2-ESnYn5Nv8R.webp
     ⏭️ Already exists: The Poem of Wind and Trees
     ⏭️ Already exists: Robot Carnival
[ImageService] Processing: https://s4.anilist.co/file/anilistcdn/media/anime/cover/medium/b2548-hTF8lyM7Tqq3.jpg
[ImageService] Processing: https://s4.anilist.co/file/anilistcdn/media/anime/cover/large/nx1504-D0FjhoonS0Fk.jpg
[ImageService] Uploaded to: https://eivvjebsmxddrbbbnblr.supabase.co/storage/v1/object/public/covers/anime/PYa_nXYx-mYs3IikpFdqE.webp
[ImageService] Uploaded to: https://eivvjebsmxddrbbbnblr.supabase.co/storage/v1/object/public/covers/anime/4TqK9DwEfxq1bXjieTLDq.webp
     ⏭️ Already exists: Wicked City
[ImageService] Processing: https://s4.anilist.co/file/anilistcdn/media/anime/cover/medium/1296.jpg
[ImageService] Uploaded to: https://eivvjebsmxddrbbbnblr.supabase.co/storage/v1/object/public/covers/anime/Fji3BnCYmQ-Vw6Rdx9jki.webp
[ImageService] Processing: https://s4.anilist.co/file/anilistcdn/media/anime/cover/large/bx1256-hOj9i3AIVFlt.jpg
[ImageService] Uploaded to: https://eivvjebsmxddrbbbnblr.supabase.co/storage/v1/object/public/covers/anime/50KXqliEcuTOL7YvcHJQ6.webp
     ⏭️ Already exists: Twilight Q
[ImageService] Processing: https://s4.anilist.co/file/anilistcdn/media/anime/cover/large/bx1973-EsznsB6Vrb7Y.jpg
[ImageService] Uploaded to: https://eivvjebsmxddrbbbnblr.supabase.co/storage/v1/object/public/covers/anime/x8TXoFjKyHN8yJEKjoK2A.webp
     ⏭️ Already exists: Tales of Little Women
[ImageService] Processing: https://s4.anilist.co/file/anilistcdn/media/anime/cover/medium/2688.jpg
[ImageService] Uploaded to: https://eivvjebsmxddrbbbnblr.supabase.co/storage/v1/object/public/covers/anime/8lNNZ2Qfeb-yv8t4VuPqU.webp
     ⏭️ Already exists: Project A-Ko 2: The Plot of the Daitokuji Financial Group
[ImageService] Processing: https://s4.anilist.co/file/anilistcdn/media/anime/cover/large/bx729-PPuU5qAjDF9F.png
[ImageService] Uploaded to: https://eivvjebsmxddrbbbnblr.supabase.co/storage/v1/object/public/covers/anime/UQ5vUAibKUPYPxs5XJ4jR.webp
     ⏭️ Already exists: The Super Dimension Fortress Macross: Flash Back 2012
[ImageService] Processing: https://s4.anilist.co/file/anilistcdn/media/anime/cover/medium/2103.jpg
[ImageService] Uploaded to: https://eivvjebsmxddrbbbnblr.supabase.co/storage/v1/object/public/covers/anime/44uL3frayDQOzyl0v99So.webp
     ⏭️ Already exists: Saint Seiya: Evil Goddess Eris
[ImageService] Processing: https://s4.anilist.co/file/anilistcdn/media/anime/cover/medium/2333.jpg
[ImageService] Uploaded to: https://eivvjebsmxddrbbbnblr.supabase.co/storage/v1/object/public/covers/anime/WX_qSdiwfkOyH5xOHkc6Z.webp
     ⏭️ Already exists: X Densha de Ikou
[ImageService] Processing: https://s4.anilist.co/file/anilistcdn/media/anime/cover/large/bx3760-KHrIZc00oMvo.jpg
[ImageService] Uploaded to: https://eivvjebsmxddrbbbnblr.supabase.co/storage/v1/object/public/covers/anime/zRpuJxQ34D0_Z0Xvga_m2.webp
     ⏭️ Already exists: Sunny Ryoko
[ImageService] Processing: https://s4.anilist.co/file/anilistcdn/media/anime/cover/medium/1662.jpg
[ImageService] Uploaded to: https://eivvjebsmxddrbbbnblr.supabase.co/storage/v1/object/public/covers/anime/o5m8NaYUirvavYQCltmDC.webp
     ⏭️ Already exists: Zillion
[ImageService] Processing: https://s4.anilist.co/file/anilistcdn/media/anime/cover/medium/2094.jpg
[ImageService] Uploaded to: https://eivvjebsmxddrbbbnblr.supabase.co/storage/v1/object/public/covers/anime/LnyoBB8_6ihAyZJ6icnMx.webp
     ⏭️ Already exists: TO-Y
   ⚠️ Primary model refused "The Golden Bird". Switching to Grok...
     ⏭️ Already exists: The Three Musketeers
     ⏭️ Already exists: Relic Armor LEGACIAM
     ⏭️ Already exists: Space Fantasia 2001 Nights
     ⏭️ Already exists: The Golden Bird
   📄 Year 1987 Page 2: 24 New, 11 Heal
[ImageService] Processing: https://s4.anilist.co/file/anilistcdn/media/anime/cover/medium/1452.jpg
[ImageService] Processing: https://s4.anilist.co/file/anilistcdn/media/anime/cover/large/nx7482-6rcpernAoNMa.jpg
[ImageService] Processing: https://s4.anilist.co/file/anilistcdn/media/anime/cover/medium/3868.jpg
[ImageService] Processing: https://s4.anilist.co/file/anilistcdn/media/anime/cover/medium/2999.jpg
[ImageService] Processing: https://s4.anilist.co/file/anilistcdn/media/anime/cover/large/bx925-mILHWW1omhSb.jpg
[ImageService] Uploaded to: https://eivvjebsmxddrbbbnblr.supabase.co/storage/v1/object/public/covers/anime/EfPNbgIwldcR8jaSdc2Vs.webp
[ImageService] Uploaded to: https://eivvjebsmxddrbbbnblr.supabase.co/storage/v1/object/public/covers/anime/R1t2IRMCT-_lbZJjBQ6OZ.webp
[ImageService] Uploaded to: https://eivvjebsmxddrbbbnblr.supabase.co/storage/v1/object/public/covers/anime/fzb39Mb2ApQaONCmQT-JS.webp
[ImageService] Uploaded to: https://eivvjebsmxddrbbbnblr.supabase.co/storage/v1/object/public/covers/anime/9udmXeQN8FnJF3OQGh9ZX.webp
[ImageService] Uploaded to: https://eivvjebsmxddrbbbnblr.supabase.co/storage/v1/object/public/covers/anime/7-cNXEKtHY3vWMcE1vOQv.webp
     ⏭️ Already exists: Versailles no Bara: Seimei Aru Kagiri Aishite
[ImageService] Processing: https://s4.anilist.co/file/anilistcdn/media/anime/cover/medium/17221.jpg
[ImageService] Uploaded to: https://eivvjebsmxddrbbbnblr.supabase.co/storage/v1/object/public/covers/anime/rkq9UMRFquDXyEUdDsopN.webp
     ⏭️ Already exists: Yume kara, Samenai
[ImageService] Processing: https://s4.anilist.co/file/anilistcdn/media/anime/cover/large/bx3600-ywIjIotacxgD.jpg
[ImageService] Uploaded to: https://eivvjebsmxddrbbbnblr.supabase.co/storage/v1/object/public/covers/anime/6y8aYYg97KE0epmOb6SzJ.webp
     ⏭️ Already exists: The Samurai
     ⏭️ Already exists: Transformers The Headmasters
[ImageService] Processing: https://s4.anilist.co/file/anilistcdn/media/anime/cover/medium/b3474-IfwOMkDvBtYB.png
[ImageService] Processing: https://s4.anilist.co/file/anilistcdn/media/anime/cover/medium/4210.jpg
[ImageService] Uploaded to: https://eivvjebsmxddrbbbnblr.supabase.co/storage/v1/object/public/covers/anime/_73876MW6P9hQ_y8xjbD8.webp
[ImageService] Uploaded to: https://eivvjebsmxddrbbbnblr.supabase.co/storage/v1/object/public/covers/anime/SaU1mW1kaZwDTybeH7uKE.webp
     ⏭️ Already exists: The Phoenix: Chapter of Yamato
[ImageService] Processing: https://s4.anilist.co/file/anilistcdn/media/anime/cover/medium/2493.jpg
[ImageService] Uploaded to: https://eivvjebsmxddrbbbnblr.supabase.co/storage/v1/object/public/covers/anime/gW7TiGQ1Z38yHS-cZNOU0.webp
     ⏭️ Already exists: Shin Kabukichou Story Hana no Asukagumi!
[ImageService] Processing: https://s4.anilist.co/file/anilistcdn/media/anime/cover/medium/10250.jpg
[ImageService] Uploaded to: https://eivvjebsmxddrbbbnblr.supabase.co/storage/v1/object/public/covers/anime/FGCseplxx6Zxy84Yc_o30.webp
     ⏭️ Already exists: Yotoden: Chronicle of the Warlord Period
     ⏭️ Already exists: Twilight of the Cockroaches
[ImageService] Processing: https://s4.anilist.co/file/anilistcdn/media/anime/cover/medium/2095.jpg
[ImageService] Uploaded to: https://eivvjebsmxddrbbbnblr.supabase.co/storage/v1/object/public/covers/anime/KOJ3FsFSkm0e5ad8aoU6o.webp
     ⏭️ Already exists: Push
[ImageService] Processing: https://s4.anilist.co/file/anilistcdn/media/anime/cover/medium/9239.jpg
[ImageService] Processing: https://s4.anilist.co/file/anilistcdn/media/anime/cover/medium/5203.jpg
[ImageService] Uploaded to: https://eivvjebsmxddrbbbnblr.supabase.co/storage/v1/object/public/covers/anime/-u2Qt6lDGavDNacr_P37f.webp
[ImageService] Uploaded to: https://eivvjebsmxddrbbbnblr.supabase.co/storage/v1/object/public/covers/anime/rblhEwd_mqdJdMuBWvPw7.webp
     ⏭️ Already exists: Ultra B
     ⏭️ Already exists: Touch 3: Kimi ga Toorisugita Ato ni - DON'T PASS ME BY
[ImageService] Processing: https://s4.anilist.co/file/anilistcdn/media/anime/cover/medium/b17339-gmbVIwFcbRvd.png
[ImageService] Uploaded to: https://eivvjebsmxddrbbbnblr.supabase.co/storage/v1/object/public/covers/anime/HLfKx-DJB1P2l9sYfcLdS.webp
[ImageService] Processing: https://s4.anilist.co/file/anilistcdn/media/anime/cover/medium/2815.jpg
[ImageService] Uploaded to: https://eivvjebsmxddrbbbnblr.supabase.co/storage/v1/object/public/covers/anime/u8fxsp0xbU2OBlVVXXAql.webp
     ⏭️ Already exists: Palm Town
[ImageService] Processing: https://s4.anilist.co/file/anilistcdn/media/anime/cover/medium/b6917-RChcvXKDRSnH.jpg
[ImageService] Uploaded to: https://eivvjebsmxddrbbbnblr.supabase.co/storage/v1/object/public/covers/anime/Qj--gR8h3GlceiKDP5SCd.webp
     ⏭️ Already exists: Salamander
[ImageService] Processing: https://s4.anilist.co/file/anilistcdn/media/anime/cover/medium/16393-0RMHnSnSV1WV.png
[ImageService] Uploaded to: https://eivvjebsmxddrbbbnblr.supabase.co/storage/v1/object/public/covers/anime/-_y34RxqiSAMifPuwrWXp.webp
     ⏭️ Already exists: Scoopers
[ImageService] Processing: https://s4.anilist.co/file/anilistcdn/media/anime/cover/medium/11873.jpg
[ImageService] Uploaded to: https://eivvjebsmxddrbbbnblr.supabase.co/storage/v1/object/public/covers/anime/KVxqHYG881gD0XATPoLKt.webp
     ⏭️ Already exists: Ox Tales
[ImageService] Processing: https://s4.anilist.co/file/anilistcdn/media/anime/cover/medium/b18569-roslP1P3v787.png
[ImageService] Uploaded to: https://eivvjebsmxddrbbbnblr.supabase.co/storage/v1/object/public/covers/anime/ErO2H9OKyXwf33Xx6N89F.webp
     ⏭️ Already exists: The Legend of Kentauros
[ImageService] Processing: https://s4.anilist.co/file/anilistcdn/media/anime/cover/medium/12901.jpg
[ImageService] Uploaded to: https://eivvjebsmxddrbbbnblr.supabase.co/storage/v1/object/public/covers/anime/7yxf73pitGM-d83W6qGlN.webp
     ⏭️ Already exists: Tsuide ni Tonchinkan
[ImageService] Processing: https://s4.anilist.co/file/anilistcdn/media/anime/cover/medium/b11049-lU6PF3kQOaKR.jpg
[ImageService] Uploaded to: https://eivvjebsmxddrbbbnblr.supabase.co/storage/v1/object/public/covers/anime/CQqoJiR0uBQaMm2txCbGC.webp
     ⏭️ Already exists: Norakuro-kun
[ImageService] Processing: https://s4.anilist.co/file/anilistcdn/media/anime/cover/medium/19887.jpg
[ImageService] Uploaded to: https://eivvjebsmxddrbbbnblr.supabase.co/storage/v1/object/public/covers/anime/PKE7ywAZeSxa71fw8COHm.webp
     ⏭️ Already exists: Oraa Guzura Dado (1987)
[ImageService] Processing: https://s4.anilist.co/file/anilistcdn/media/anime/cover/medium/17321.jpg
[ImageService] Uploaded to: https://eivvjebsmxddrbbbnblr.supabase.co/storage/v1/object/public/covers/anime/rbGNXnzps3zZ13wFbBx2Y.webp
     ⏭️ Already exists: Taiman Blues: Shimizu Naoto-hen
     ⏭️ Already exists: TWD EXPRESS Rolling Takeoff
     ⏭️ Already exists: Shin Maple Town Monogatari: Palm Town-hen - Konnichiwa! Atarashii Machi
     ⏭️ Already exists: Shouri Toushu
     ⏭️ Already exists: Pro Golfer Saru: Kouga Hikyou! Kage no Ninpou Golfer Sanjou!

📅 Processing Year: 1986
   📄 Year 1986 Page 1: 13 New, 11 Heal
[ImageService] Processing: https://s4.anilist.co/file/anilistcdn/media/anime/cover/large/nx212-SSB2S3cbIumn.jpg
[ImageService] Processing: https://s4.anilist.co/file/anilistcdn/media/anime/cover/medium/1901.jpg
[ImageService] Processing: https://s4.anilist.co/file/anilistcdn/media/anime/cover/large/nx1940-YnTDiD43H3mI.jpg
[ImageService] Uploaded to: https://eivvjebsmxddrbbbnblr.supabase.co/storage/v1/object/public/covers/anime/Qz1XVOuWBpyHMqFcz3FDZ.webp
[ImageService] Processing: https://s4.anilist.co/file/anilistcdn/media/anime/cover/large/bx2463-ri3SqhF6RRaz.jpg
[ImageService] Uploaded to: https://eivvjebsmxddrbbbnblr.supabase.co/storage/v1/object/public/covers/anime/nELDrOkCNS0vCRYidZdL7.webp
[ImageService] Processing: https://s4.anilist.co/file/anilistcdn/media/anime/cover/medium/1341.jpg
[ImageService] Uploaded to: https://eivvjebsmxddrbbbnblr.supabase.co/storage/v1/object/public/covers/anime/D5UMK9JsrWL_YEcarGKsp.webp
[ImageService] Uploaded to: https://eivvjebsmxddrbbbnblr.supabase.co/storage/v1/object/public/covers/anime/CflXFkW5RgANaOEWarCT2.webp
[ImageService] Uploaded to: https://eivvjebsmxddrbbbnblr.supabase.co/storage/v1/object/public/covers/anime/__V8hDhJmG81FKYFk-Wel.webp
     ⏭️ Already exists: Violence Jack: Slumking
     ⏭️ Already exists: They Were 11
     ⏭️ Already exists: Shounan Bakusouzoku
[ImageService] Processing: https://s4.anilist.co/file/anilistcdn/media/anime/cover/medium/1130.jpg
[ImageService] Processing: https://s4.anilist.co/file/anilistcdn/media/anime/cover/medium/1923-F2EGuJX0bBJg.png
[ImageService] Processing: https://s4.anilist.co/file/anilistcdn/media/anime/cover/large/bx2265-uGaMUjSpJVWa.png
[ImageService] Uploaded to: https://eivvjebsmxddrbbbnblr.supabase.co/storage/v1/object/public/covers/anime/1jOihdB7tiyo1dadEPvIS.webp
[ImageService] Uploaded to: https://eivvjebsmxddrbbbnblr.supabase.co/storage/v1/object/public/covers/anime/8imWPvfp4B3jgHY2GlvHh.webp
[ImageService] Uploaded to: https://eivvjebsmxddrbbbnblr.supabase.co/storage/v1/object/public/covers/anime/GXy3z2kqMTUhBrVaYmKaw.webp
     ⏭️ Already exists: OUTLANDERS
[ImageService] Processing: https://s4.anilist.co/file/anilistcdn/media/anime/cover/large/bx3115-vpfG4MOoPMne.png
[ImageService] Uploaded to: https://eivvjebsmxddrbbbnblr.supabase.co/storage/v1/object/public/covers/anime/dJkaEG9XNi7UlA6-PJ3eg.webp
     ⏭️ Already exists: Project A-ko
[ImageService] Processing: https://s4.anilist.co/file/anilistcdn/media/anime/cover/large/bx3660-YeCzkQL20L5O.png
[ImageService] Uploaded to: https://eivvjebsmxddrbbbnblr.supabase.co/storage/v1/object/public/covers/anime/-o_GPJXKAJgyi2xh_QvFq.webp
     ⏭️ Already exists: Urusei Yatsura Movie 4: Lum The Forever
[ImageService] Processing: https://s4.anilist.co/file/anilistcdn/media/anime/cover/large/nx4176-q8YNIwLqyqeT.jpg
[ImageService] Uploaded to: https://eivvjebsmxddrbbbnblr.supabase.co/storage/v1/object/public/covers/anime/PCvj5fkwNPbVIbRtLU1tV.webp
     ⏭️ Already exists: Once Upon A Time
     ⏭️ Already exists: Toki no Tabibito: Time Stranger
[ImageService] Processing: https://s4.anilist.co/file/anilistcdn/media/anime/cover/medium/2250.jpg
[ImageService] Uploaded to: https://eivvjebsmxddrbbbnblr.supabase.co/storage/v1/object/public/covers/anime/VHbUVHqdbcxMrULAFziP4.webp
[ImageService] Processing: https://s4.anilist.co/file/anilistcdn/media/anime/cover/large/bx3192-OFCSpJwlHo6O.png
[ImageService] Uploaded to: https://eivvjebsmxddrbbbnblr.supabase.co/storage/v1/object/public/covers/anime/wgGFxW_hN1nJytJhu15Dj.webp
     ⏭️ Already exists: The Transformers: The Movie
     ⏭️ Already exists: Pastel Yumi, the Magic Idol
     ⏭️ Already exists: Roots Search
     ⏭️ Already exists: Wanna-Be's
     ⏭️ Already exists: Open the Door
   📄 Year 1986 Page 2: 14 New, 21 Heal
[ImageService] Processing: https://s4.anilist.co/file/anilistcdn/media/anime/cover/medium/b2690-gCHclZuRZJZN.jpg
[ImageService] Processing: https://s4.anilist.co/file/anilistcdn/media/anime/cover/medium/2491.jpg
[ImageService] Processing: https://s4.anilist.co/file/anilistcdn/media/anime/cover/large/bx3064-E92BJpoEeC95.png
[ImageService] Uploaded to: https://eivvjebsmxddrbbbnblr.supabase.co/storage/v1/object/public/covers/anime/fpca9HOIAlbKgaxApSs8I.webp
[ImageService] Uploaded to: https://eivvjebsmxddrbbbnblr.supabase.co/storage/v1/object/public/covers/anime/g0opSThDxGSKRFCTdkIMg.webp
[ImageService] Processing: https://s4.anilist.co/file/anilistcdn/media/anime/cover/medium/10355.jpg
[ImageService] Uploaded to: https://eivvjebsmxddrbbbnblr.supabase.co/storage/v1/object/public/covers/anime/yS6WP5n53h00Kn3cSz582.webp
[ImageService] Uploaded to: https://eivvjebsmxddrbbbnblr.supabase.co/storage/v1/object/public/covers/anime/I6w23xONuF7E-olEdgRi_.webp
[ImageService] Processing: https://s4.anilist.co/file/anilistcdn/media/anime/cover/large/nx6800-wx8Kb04Of48e.jpg
[ImageService] Uploaded to: https://eivvjebsmxddrbbbnblr.supabase.co/storage/v1/object/public/covers/anime/9YRNcnmIWqmi5qEfF2fKU.webp
     ⏭️ Already exists: Urban Square: Kohaku no Tsuigeki
     ⏭️ Already exists: Twinkle Heart: Gingakei made Todokanai
     ⏭️ Already exists: Transformers: Scramble City
[ImageService] Processing: https://s4.anilist.co/file/anilistcdn/media/anime/cover/medium/3317.jpg
[ImageService] Processing: https://s4.anilist.co/file/anilistcdn/media/anime/cover/medium/b7575-ooaAtbWxV0oJ.jpg
[ImageService] Processing: https://s4.anilist.co/file/anilistcdn/media/anime/cover/medium/b6093-Z6xZwPa5Xm2y.png
     ⏭️ Already exists: Touch: Sebangou no Nai Ace
[ImageService] Uploaded to: https://eivvjebsmxddrbbbnblr.supabase.co/storage/v1/object/public/covers/anime/_U9be_djedWrswPKoMHAG.webp
[ImageService] Uploaded to: https://eivvjebsmxddrbbbnblr.supabase.co/storage/v1/object/public/covers/anime/yvDu9ema1pQRRJlwRhcPE.webp
[ImageService] Uploaded to: https://eivvjebsmxddrbbbnblr.supabase.co/storage/v1/object/public/covers/anime/U0Yp-MQ2chh70KMMxf7cp.webp
[ImageService] Processing: https://s4.anilist.co/file/anilistcdn/media/anime/cover/medium/8324.jpg
[ImageService] Uploaded to: https://eivvjebsmxddrbbbnblr.supabase.co/storage/v1/object/public/covers/anime/eZvEYW5IbqHp_TtrUIwKF.webp
     ⏭️ Already exists: Wounded Man
[ImageService] Processing: https://s4.anilist.co/file/anilistcdn/media/anime/cover/medium/4083.jpg
[ImageService] Uploaded to: https://eivvjebsmxddrbbbnblr.supabase.co/storage/v1/object/public/covers/anime/OxJYbWIwWgIjmWMGGFGls.webp
     ⏭️ Already exists: Princess Anmitsu
[ImageService] Processing: https://s4.anilist.co/file/anilistcdn/media/anime/cover/medium/8154.jpg
[ImageService] Uploaded to: https://eivvjebsmxddrbbbnblr.supabase.co/storage/v1/object/public/covers/anime/J95WgfssfVRKurR16anM2.webp
     ⏭️ Already exists: Oh! Family
     ⏭️ Already exists: Uchuusen Sagittarius
[ImageService] Processing: https://s4.anilist.co/file/anilistcdn/media/anime/cover/medium/6731.jpg
[ImageService] Uploaded to: https://eivvjebsmxddrbbbnblr.supabase.co/storage/v1/object/public/covers/anime/jqIrNTE7j6pV67Z6q43ge.webp
     ⏭️ Already exists: Pelican Road: Club Caroucha
[ImageService] Processing: https://s4.anilist.co/file/anilistcdn/media/anime/cover/large/bx10653-Quc4n4jbAkH6.png
[ImageService] Uploaded to: https://eivvjebsmxddrbbbnblr.supabase.co/storage/v1/object/public/covers/anime/wA5TA5h95wBr7lgpDQKEc.webp
[ImageService] Processing: https://s4.anilist.co/file/anilistcdn/media/anime/cover/medium/17317.jpg
[ImageService] Uploaded to: https://eivvjebsmxddrbbbnblr.supabase.co/storage/v1/object/public/covers/anime/Hz-poCPzddVfk6ahuRGHt.webp
     ⏭️ Already exists: Wonder Beat Scramble
     ⏭️ Already exists: Pro Golfer Saru: Super GOLF World e no Chousen!!
     ⏭️ Already exists: Spooky Kitarou: The Strongest Ghost Army! Landing in Japan!!
     ⏭️ Already exists: Ultraman Kids' Proverb Stories
     ⏭️ Already exists: RUNNING Boy: Star Soldier no Himitsu

📅 Processing Year: 1985
   📄 Year 1985 Page 1: 6 New, 13 Heal
[ImageService] Processing: https://s4.anilist.co/file/anilistcdn/media/anime/cover/large/bx2088-hdzr9fhFGJ5X.png
[ImageService] Processing: https://s4.anilist.co/file/anilistcdn/media/anime/cover/large/bx1065-kwtHZDN5cAOG.jpg
[ImageService] Processing: https://s4.anilist.co/file/anilistcdn/media/anime/cover/large/bx496-8nSr61EBRxA6.jpg
[ImageService] Processing: https://s4.anilist.co/file/anilistcdn/media/anime/cover/large/bx732-dksIxsja9LX7.png
[ImageService] Uploaded to: https://eivvjebsmxddrbbbnblr.supabase.co/storage/v1/object/public/covers/anime/Kdfg2sIWNhOO0m9Ml52G_.webp
[ImageService] Uploaded to: https://eivvjebsmxddrbbbnblr.supabase.co/storage/v1/object/public/covers/anime/OOPaMQnyZr5flc4NyHkIt.webp
[ImageService] Uploaded to: https://eivvjebsmxddrbbbnblr.supabase.co/storage/v1/object/public/covers/anime/WFFE8XuowUAH7KV2Mbvw8.webp
[ImageService] Uploaded to: https://eivvjebsmxddrbbbnblr.supabase.co/storage/v1/object/public/covers/anime/wq7kmiapXHMsQRqw9n1xC.webp
[ImageService] Processing: https://s4.anilist.co/file/anilistcdn/media/anime/cover/medium/5622-TdNjMGPKQMAT.png
[ImageService] Uploaded to: https://eivvjebsmxddrbbbnblr.supabase.co/storage/v1/object/public/covers/anime/_aDha6tq-ynjd7GVsL5pF.webp
   ⚠️ Primary model refused "Touch". Switching to Grok...
     ⏭️ Already exists: The Dagger of Kamui
     ⏭️ Already exists: VAMPIRE HUNTER D
[ImageService] Processing: https://s4.anilist.co/file/anilistcdn/media/anime/cover/medium/12005.jpg
[ImageService] Uploaded to: https://eivvjebsmxddrbbbnblr.supabase.co/storage/v1/object/public/covers/anime/zXR5ezD0qAGWJwLx-y8zY.webp
     ⏭️ Already exists: Nora
     ⏭️ Already exists: The Chocolate Panic Picture Show
   ❌ All models refused "Touch". Using original description.
     ⏭️ Already exists: Touch
     ⏭️ Already exists: What's Michael?
   📄 Year 1985 Page 2: 5 New, 14 Heal
[ImageService] Processing: https://s4.anilist.co/file/anilistcdn/media/anime/cover/medium/11357.jpg
[ImageService] Processing: https://s4.anilist.co/file/anilistcdn/media/anime/cover/large/nx12441-icWLxd8h77gf.jpg
[ImageService] Processing: https://s4.anilist.co/file/anilistcdn/media/anime/cover/medium/2805.jpg
[ImageService] Uploaded to: https://eivvjebsmxddrbbbnblr.supabase.co/storage/v1/object/public/covers/anime/iQKH8rI-uNC4K6mCihqmd.webp
[ImageService] Processing: https://s4.anilist.co/file/anilistcdn/media/anime/cover/medium/8152.jpg
[ImageService] Uploaded to: https://eivvjebsmxddrbbbnblr.supabase.co/storage/v1/object/public/covers/anime/GntChu9ClpdDCnQ5o5iMx.webp
[ImageService] Uploaded to: https://eivvjebsmxddrbbbnblr.supabase.co/storage/v1/object/public/covers/anime/B2zC4zSIzk6-2ZgyG1RjO.webp
[ImageService] Uploaded to: https://eivvjebsmxddrbbbnblr.supabase.co/storage/v1/object/public/covers/anime/ZuMPWKGluE8XJH9wEZ6_j.webp
[ImageService] Processing: https://s4.anilist.co/file/anilistcdn/media/anime/cover/medium/16650.jpg
[ImageService] Uploaded to: https://eivvjebsmxddrbbbnblr.supabase.co/storage/v1/object/public/covers/anime/PCU3rWEeRDxBbQeXwnoKi.webp
     ⏭️ Already exists: Soukou Kihei Votoms: VOL.II HIGHLITS OF THE A.T. VOTOMS
     ⏭️ Already exists: Space Transformers
     ⏭️ Already exists: Pro Golfer Saru (1985)
     ⏭️ Already exists: Onegai! Samia Don

📅 Processing Year: 1984
   📄 Year 1984 Page 1: 11 New, 12 Heal
[ImageService] Processing: https://s4.anilist.co/file/anilistcdn/media/anime/cover/medium/2268.jpg
[ImageService] Processing: https://s4.anilist.co/file/anilistcdn/media/anime/cover/large/bx11221-1m1uCP08c3z9.jpg
[ImageService] Processing: https://s4.anilist.co/file/anilistcdn/media/anime/cover/large/bx1921-YYKPVDPdHXbH.png
[ImageService] Processing: https://s4.anilist.co/file/anilistcdn/media/anime/cover/large/bx1207-YMCmETpgZhkC.jpg
[ImageService] Uploaded to: https://eivvjebsmxddrbbbnblr.supabase.co/storage/v1/object/public/covers/anime/t4QAHkIJ8Cvl2nVAu1fyd.webp
[ImageService] Processing: https://s4.anilist.co/file/anilistcdn/media/anime/cover/large/bx2361-sCJBIIT8LZXY.png
[ImageService] Uploaded to: https://eivvjebsmxddrbbbnblr.supabase.co/storage/v1/object/public/covers/anime/pUDXOEAHFlYK65eNLOPl6.webp
[ImageService] Uploaded to: https://eivvjebsmxddrbbbnblr.supabase.co/storage/v1/object/public/covers/anime/DxsePpPaC1zseBws9Du11.webp
[ImageService] Uploaded to: https://eivvjebsmxddrbbbnblr.supabase.co/storage/v1/object/public/covers/anime/KO70je3WTdzeDIkFMdzdg.webp
[ImageService] Uploaded to: https://eivvjebsmxddrbbbnblr.supabase.co/storage/v1/object/public/covers/anime/jOKZ7IDKtEvptHLdIzaAM.webp
     ⏭️ Already exists: Urusei Yatsura Movie 2: Beautiful Dreamer
[ImageService] Processing: https://s4.anilist.co/file/anilistcdn/media/anime/cover/large/bx3021-bs3eQdhySVV0.jpg
     ⏭️ Already exists: Transformers Generation 1
[ImageService] Uploaded to: https://eivvjebsmxddrbbbnblr.supabase.co/storage/v1/object/public/covers/anime/Q3JXUGMg_51Y1g2HSrzl0.webp
[ImageService] Processing: https://s4.anilist.co/file/anilistcdn/media/anime/cover/medium/b3754-RP5ACc7zQrm7.jpg
     ⏭️ Already exists: Radio City Fantasy: Machikado no Märchen
[ImageService] Uploaded to: https://eivvjebsmxddrbbbnblr.supabase.co/storage/v1/object/public/covers/anime/goEwvAy3suWQo45_FLlHZ.webp
[ImageService] Processing: https://s4.anilist.co/file/anilistcdn/media/anime/cover/large/bx6636-B6cJus0tnRL8.png
[ImageService] Uploaded to: https://eivvjebsmxddrbbbnblr.supabase.co/storage/v1/object/public/covers/anime/FHGKDOU0rl_t-3IsNDAn3.webp
     ⏭️ Already exists: Star Musketeer Bismark
     ⏭️ Already exists: The Star of Cottonland
[ImageService] Processing: https://s4.anilist.co/file/anilistcdn/media/anime/cover/large/bx6672-whEI4o0GATVE.png
[ImageService] Processing: https://s4.anilist.co/file/anilistcdn/media/anime/cover/large/bx16526-uD2D5BgXVsGv.jpg
[ImageService] Uploaded to: https://eivvjebsmxddrbbbnblr.supabase.co/storage/v1/object/public/covers/anime/nykJetSBPQxlUUZwkYW1g.webp
[ImageService] Uploaded to: https://eivvjebsmxddrbbbnblr.supabase.co/storage/v1/object/public/covers/anime/1DmHiCFX7xhMkyczRQMGl.webp
     ⏭️ Already exists: Wingman
     ⏭️ Already exists: Tongari Boushi no Memole
     ⏭️ Already exists: Super High Speed Galvion
[ImageService] Processing: https://s4.anilist.co/file/anilistcdn/media/anime/cover/medium/1333.jpg
[ImageService] Uploaded to: https://eivvjebsmxddrbbbnblr.supabase.co/storage/v1/object/public/covers/anime/7vLa4hk8MQSqkvQxJthLs.webp
     ⏭️ Already exists: Video Warrior Laserion
     ⏭️ Already exists: Ranpou
     ⏭️ Already exists: Noozles
   📄 Year 1984 Page 2: 2 New, 7 Heal
[ImageService] Processing: https://s4.anilist.co/file/anilistcdn/media/anime/cover/medium/17619.jpg
[ImageService] Uploaded to: https://eivvjebsmxddrbbbnblr.supabase.co/storage/v1/object/public/covers/anime/INVoM3hqYyuxAnQhPJFNr.webp
[ImageService] Processing: https://s4.anilist.co/file/anilistcdn/media/anime/cover/medium/18341.jpg
[ImageService] Uploaded to: https://eivvjebsmxddrbbbnblr.supabase.co/storage/v1/object/public/covers/anime/BjxB0umVDRBcq4QSFyNWK.webp
     ⏭️ Already exists: Pro Yakyuu wo 10-bai Tanoshiku Miru Houhou PART 2
     ⏭️ Already exists: Souya Monogatari

📅 Processing Year: 1983
   📄 Year 1983 Page 1: 2 New, 18 Heal
[ImageService] Processing: https://s4.anilist.co/file/anilistcdn/media/anime/cover/large/bx2933-yGgn0Udwm3fm.jpg
[ImageService] Uploaded to: https://eivvjebsmxddrbbbnblr.supabase.co/storage/v1/object/public/covers/anime/vtaW2n0YZ4rjjIqkRDI6c.webp
[ImageService] Processing: https://s4.anilist.co/file/anilistcdn/media/anime/cover/large/bx5303-yiVmUCm5D5ZZ.jpg
[ImageService] Uploaded to: https://eivvjebsmxddrbbbnblr.supabase.co/storage/v1/object/public/covers/anime/nTQUzMU0h-Fo0LBz6_W3w.webp
     ⏭️ Already exists: Xabungle Graffiti
     ⏭️ Already exists: Urashiman
   📄 Year 1983 Page 2: 0 New, 8 Heal

📅 Processing Year: 1982
   📄 Year 1982 Page 1: 4 New, 21 Heal
[ImageService] Processing: https://s4.anilist.co/file/anilistcdn/media/anime/cover/large/bx4853-VOtqmz5nuG6t.jpg
[ImageService] Processing: https://s4.anilist.co/file/anilistcdn/media/anime/cover/large/bx3159-rHQnUe7czWUx.jpg
[ImageService] Processing: https://s4.anilist.co/file/anilistcdn/media/anime/cover/large/nx2761-3hWAkJ69gBKL.jpg
[ImageService] Uploaded to: https://eivvjebsmxddrbbbnblr.supabase.co/storage/v1/object/public/covers/anime/LAJD0qumZdZ_71BlP8cZ6.webp
[ImageService] Uploaded to: https://eivvjebsmxddrbbbnblr.supabase.co/storage/v1/object/public/covers/anime/9bqJHFauhSVJc--4Tv2m6.webp
[ImageService] Uploaded to: https://eivvjebsmxddrbbbnblr.supabase.co/storage/v1/object/public/covers/anime/66DYxD3SWijRw_7PRy5dW.webp
[ImageService] Processing: https://s4.anilist.co/file/anilistcdn/media/anime/cover/large/bx8011-jWIwRTYsZb9G.png
[ImageService] Uploaded to: https://eivvjebsmxddrbbbnblr.supabase.co/storage/v1/object/public/covers/anime/eEK5fxm0HKNlzjiDG0cUW.webp
   ⚠️ Primary model refused "The♥Kabocha Wine". Switching to Grok...
     ⏭️ Already exists: The Ideon: Be Invoked
     ⏭️ Already exists: Time Bokan Series: Gyakuten Ippatsu-man
   ❌ All models refused "The♥Kabocha Wine". Using original description.
     ⏭️ Already exists: Tezuka Osamu no Don Dracula
     ⏭️ Already exists: The♥Kabocha Wine
   📄 Year 1982 Page 2: 0 New, 3 Heal

📅 Processing Year: 1981
   📄 Year 1981 Page 1: 10 New, 14 Heal
[ImageService] Processing: https://s4.anilist.co/file/anilistcdn/media/anime/cover/large/bx1293-xohJFutZXimo.jpg
[ImageService] Processing: https://s4.anilist.co/file/anilistcdn/media/anime/cover/large/bx2922-LvUB8Ny8EHyw.png
[ImageService] Processing: https://s4.anilist.co/file/anilistcdn/media/anime/cover/medium/b2331-240yHFHhjinJ.jpg
[ImageService] Processing: https://s4.anilist.co/file/anilistcdn/media/anime/cover/large/bx2029-DZm3iwKmvBRi.jpg
[ImageService] Processing: https://s4.anilist.co/file/anilistcdn/media/anime/cover/medium/b1548-lgNWG433PyKs.jpg
[ImageService] Uploaded to: https://eivvjebsmxddrbbbnblr.supabase.co/storage/v1/object/public/covers/anime/1RPzbCAr0eR4lJ1pe7BfR.webp
[ImageService] Uploaded to: https://eivvjebsmxddrbbbnblr.supabase.co/storage/v1/object/public/covers/anime/TQZgZtYnQxCufVMAGXmO_.webp
[ImageService] Uploaded to: https://eivvjebsmxddrbbbnblr.supabase.co/storage/v1/object/public/covers/anime/Cgt4Cmiaa7Uz5kg0_sCIy.webp
[ImageService] Uploaded to: https://eivvjebsmxddrbbbnblr.supabase.co/storage/v1/object/public/covers/anime/VRP3STVXtR-EB8yI6DnLB.webp
[ImageService] Uploaded to: https://eivvjebsmxddrbbbnblr.supabase.co/storage/v1/object/public/covers/anime/eI5-VMjH5xXytIohx79VX.webp
     ⏭️ Already exists: Tomorrow's Joe 2 the Movie
[ImageService] Processing: https://s4.anilist.co/file/anilistcdn/media/anime/cover/large/bx5832-6di0YSEHyF3v.png
[ImageService] Uploaded to: https://eivvjebsmxddrbbbnblr.supabase.co/storage/v1/object/public/covers/anime/COZYTwOC6yT7ONvFwXb0e.webp
     ⏭️ Already exists: Urusei Yatsura
     ⏭️ Already exists: Queen Millennia
[ImageService] Processing: https://s4.anilist.co/file/anilistcdn/media/anime/cover/medium/3186.jpg
[ImageService] Uploaded to: https://eivvjebsmxddrbbbnblr.supabase.co/storage/v1/object/public/covers/anime/OwfYkjsClvHGZyooGQ5BL.webp
     ⏭️ Already exists: Sea Prince and the Fire Child
[ImageService] Processing: https://s4.anilist.co/file/anilistcdn/media/anime/cover/medium/8598.jpg
[ImageService] Processing: https://s4.anilist.co/file/anilistcdn/media/anime/cover/large/bx4371-9jgl0twrjFJK.png
[ImageService] Uploaded to: https://eivvjebsmxddrbbbnblr.supabase.co/storage/v1/object/public/covers/anime/_PXXJDDYT7TlNV7GtiMHa.webp
[ImageService] Uploaded to: https://eivvjebsmxddrbbbnblr.supabase.co/storage/v1/object/public/covers/anime/aegnjR_qVQobv0-bmfaqG.webp
     ⏭️ Already exists: Ulysses 31
[ImageService] Processing: https://s4.anilist.co/file/anilistcdn/media/anime/cover/medium/7473.jpg
[ImageService] Uploaded to: https://eivvjebsmxddrbbbnblr.supabase.co/storage/v1/object/public/covers/anime/WH3CRRXaXViqnkcYppMGA.webp
     ⏭️ Already exists: Swan Lake
     ⏭️ Already exists: Space Warrior Baldios (Movie)
     ⏭️ Already exists: Tiger Mask Nisei
     ⏭️ Already exists: Rennyo and His Mother
     ⏭️ Already exists: Yuki: Snow Fairy
   📄 Year 1981 Page 2: 0 New, 4 Heal

📅 Processing Year: 1980
   📄 Year 1980 Page 1: 5 New, 16 Heal
[ImageService] Processing: https://s4.anilist.co/file/anilistcdn/media/anime/cover/large/bx3137-uWbwNUazQS65.jpg
[ImageService] Processing: https://s4.anilist.co/file/anilistcdn/media/anime/cover/large/bx930-q5HD8fnAiRQD.jpg
[ImageService] Uploaded to: https://eivvjebsmxddrbbbnblr.supabase.co/storage/v1/object/public/covers/anime/uWUwQ45wsfw2iTEOZp1fo.webp
[ImageService] Uploaded to: https://eivvjebsmxddrbbbnblr.supabase.co/storage/v1/object/public/covers/anime/C8RiOWjaV3V2TEjGTYban.webp
[ImageService] Processing: https://s4.anilist.co/file/anilistcdn/media/anime/cover/medium/b3810-iEtQ5lCANjEu.png
[ImageService] Uploaded to: https://eivvjebsmxddrbbbnblr.supabase.co/storage/v1/object/public/covers/anime/xa1EoIG722XNFXwP4mOmW.webp
[ImageService] Processing: https://s4.anilist.co/file/anilistcdn/media/anime/cover/medium/16530.jpg
[ImageService] Processing: https://s4.anilist.co/file/anilistcdn/media/anime/cover/medium/n12091-o2IwqTlCHTkS.jpg
[ImageService] Uploaded to: https://eivvjebsmxddrbbbnblr.supabase.co/storage/v1/object/public/covers/anime/AmRRCPVkRXbaFy2LoJrZ3.webp
[ImageService] Uploaded to: https://eivvjebsmxddrbbbnblr.supabase.co/storage/v1/object/public/covers/anime/_cKqPlgqTXR6RLodgsPAO.webp
     ⏭️ Already exists: Tsurikichi Sanpei
     ⏭️ Already exists: The Littl' Bits
     ⏭️ Already exists: Ojamanga Yamada-kun
     ⏭️ Already exists: Space Runaway Ideon
     ⏭️ Already exists: Star Fleet

📅 Processing Year: 1979
   📄 Year 1979 Page 1: 15 New, 12 Heal
[ImageService] Processing: https://s4.anilist.co/file/anilistcdn/media/anime/cover/large/bx3879-7mTBMB3eZldx.png
[ImageService] Processing: https://s4.anilist.co/file/anilistcdn/media/anime/cover/medium/b3444-8dXzcjNcyDpL.png
[ImageService] Processing: https://s4.anilist.co/file/anilistcdn/media/anime/cover/medium/9547.jpg
[ImageService] Processing: https://s4.anilist.co/file/anilistcdn/media/anime/cover/medium/b2428-e8F4KGpxCWXc.jpg
[ImageService] Processing: https://s4.anilist.co/file/anilistcdn/media/anime/cover/medium/b1208-EQA4mkdpQ3YI.jpg
[ImageService] Uploaded to: https://eivvjebsmxddrbbbnblr.supabase.co/storage/v1/object/public/covers/anime/FR5gxEaJ2YSKBWcWbbgHM.webp
[ImageService] Uploaded to: https://eivvjebsmxddrbbbnblr.supabase.co/storage/v1/object/public/covers/anime/D77ziNUuBpHNPMmZQjofa.webp
[ImageService] Uploaded to: https://eivvjebsmxddrbbbnblr.supabase.co/storage/v1/object/public/covers/anime/i6uUhnSBUibfLC8NWppa2.webp
[ImageService] Uploaded to: https://eivvjebsmxddrbbbnblr.supabase.co/storage/v1/object/public/covers/anime/44OuPPQ9OiJhjwMlseycz.webp
[ImageService] Uploaded to: https://eivvjebsmxddrbbbnblr.supabase.co/storage/v1/object/public/covers/anime/UhkehaK1CiZkAzNGGTyFY.webp
     ⏭️ Already exists: Taro the Dragon's Son
[ImageService] Processing: https://s4.anilist.co/file/anilistcdn/media/anime/cover/large/bx5763-Q9gTzIfM3mOT.jpg
[ImageService] Uploaded to: https://eivvjebsmxddrbbbnblr.supabase.co/storage/v1/object/public/covers/anime/YEub9sksLdCJMlW0TpfOE.webp
     ⏭️ Already exists: Unico: Black Rain and White Feather
     ⏭️ Already exists: The☆Ultraman
[ImageService] Processing: https://s4.anilist.co/file/anilistcdn/media/anime/cover/medium/b7376-Yygz7y2N1Uq9.jpg
[ImageService] Uploaded to: https://eivvjebsmxddrbbbnblr.supabase.co/storage/v1/object/public/covers/anime/zVk2-L5gJzhNBKVLD-d1z.webp
[ImageService] Processing: https://s4.anilist.co/file/anilistcdn/media/anime/cover/large/bx6889-jeN51g3uoHnK.png
[ImageService] Uploaded to: https://eivvjebsmxddrbbbnblr.supabase.co/storage/v1/object/public/covers/anime/XwDigAp-4JhgyuQHT9Qfz.webp
     ⏭️ Already exists: Paris no Isabelle
[ImageService] Processing: https://s4.anilist.co/file/anilistcdn/media/anime/cover/medium/b5272-xhPx7inHv34N.jpg
[ImageService] Uploaded to: https://eivvjebsmxddrbbbnblr.supabase.co/storage/v1/object/public/covers/anime/7DbTkByBfqrYA544RJiP9.webp
     ⏭️ Already exists: The Story of Heidi
[ImageService] Processing: https://s4.anilist.co/file/anilistcdn/media/anime/cover/medium/7626.jpg
[ImageService] Uploaded to: https://eivvjebsmxddrbbbnblr.supabase.co/storage/v1/object/public/covers/anime/f-54L669Grm7TL0mTkgY0.webp
     ⏭️ Already exists: Space Carrier Blue Noah
[ImageService] Processing: https://s4.anilist.co/file/anilistcdn/media/anime/cover/medium/b16486-08tLkeKhIiCQ.jpg
[ImageService] Uploaded to: https://eivvjebsmxddrbbbnblr.supabase.co/storage/v1/object/public/covers/anime/k5Z7ajmtMtt3-k62vdfK6.webp
     ⏭️ Already exists: Time Bokan Series: Zenderman
[ImageService] Processing: https://s4.anilist.co/file/anilistcdn/media/anime/cover/medium/17165.jpg
[ImageService] Uploaded to: https://eivvjebsmxddrbbbnblr.supabase.co/storage/v1/object/public/covers/anime/o5AMoXH-YVJulpaNehB6H.webp
     ⏭️ Already exists: Nutcracker Fantasy
[ImageService] Processing: https://s4.anilist.co/file/anilistcdn/media/anime/cover/medium/10563.jpg
[ImageService] Uploaded to: https://eivvjebsmxddrbbbnblr.supabase.co/storage/v1/object/public/covers/anime/hQ5F5kwLWR8MMqZb-ii2T.webp
     ⏭️ Already exists: The Legend of Manxmouse
[ImageService] Processing: https://s4.anilist.co/file/anilistcdn/media/anime/cover/medium/6671.jpg
[ImageService] Uploaded to: https://eivvjebsmxddrbbbnblr.supabase.co/storage/v1/object/public/covers/anime/BzQMTA0V5Xood3ROqxBhU.webp
     ⏭️ Already exists: Shin Kyojin no Hoshi II
[ImageService] Processing: https://s4.anilist.co/file/anilistcdn/media/anime/cover/medium/17407.jpg
[ImageService] Uploaded to: https://eivvjebsmxddrbbbnblr.supabase.co/storage/v1/object/public/covers/anime/aHkHB1x4Jbn7JxOMdBbYa.webp
     ⏭️ Already exists: SF Saiyuuki Starzinger (Movie)
     ⏭️ Already exists: Umi no Triton (Movie)
     ⏭️ Already exists: Space Three Musketeers
     ⏭️ Already exists: Toushou Daimos (Movie)
     ⏭️ Already exists: Yakyuukyou no Uta: Kita no Ookami Minami no Tora

📅 Processing Year: 1978
   📄 Year 1978 Page 1: 13 New, 9 Heal
[ImageService] Processing: https://s4.anilist.co/file/anilistcdn/media/anime/cover/large/bx2549-WDtJc8bdvgrC.jpg
[ImageService] Processing: https://s4.anilist.co/file/anilistcdn/media/anime/cover/medium/2618-guJAqUkp0pyT.png
[ImageService] Processing: https://s4.anilist.co/file/anilistcdn/media/anime/cover/medium/2199-hVNhx6t9mHb0.png
[ImageService] Processing: https://s4.anilist.co/file/anilistcdn/media/anime/cover/large/bx3335-jXiEf0WKtHxK.png
[ImageService] Processing: https://s4.anilist.co/file/anilistcdn/media/anime/cover/medium/1651-AVojwgPHoiuH.png
[ImageService] Uploaded to: https://eivvjebsmxddrbbbnblr.supabase.co/storage/v1/object/public/covers/anime/93UZ_Hqq0H6C6wXbfNcsN.webp
[ImageService] Uploaded to: https://eivvjebsmxddrbbbnblr.supabase.co/storage/v1/object/public/covers/anime/0kJ_Vh_CRl9IgTPnb1NlM.webp
[ImageService] Uploaded to: https://eivvjebsmxddrbbbnblr.supabase.co/storage/v1/object/public/covers/anime/YdvEZ-ycWgUc9Bjww9hvt.webp
[ImageService] Uploaded to: https://eivvjebsmxddrbbbnblr.supabase.co/storage/v1/object/public/covers/anime/SwkFQvLf5zEUiHw2LssTv.webp
[ImageService] Uploaded to: https://eivvjebsmxddrbbbnblr.supabase.co/storage/v1/object/public/covers/anime/OfPOV9tGaV8w58LY_bNtL.webp
     ⏭️ Already exists: Smart-san
[ImageService] Processing: https://s4.anilist.co/file/anilistcdn/media/anime/cover/medium/2470-t0BnhV4HTPeU.png
[ImageService] Uploaded to: https://eivvjebsmxddrbbbnblr.supabase.co/storage/v1/object/public/covers/anime/jxnkeV8kI2J6L2rAlC-OQ.webp
     ⏭️ Already exists: Ringing Bell
     ⏭️ Already exists: Star Blazers: The Comet Empire
[ImageService] Processing: https://s4.anilist.co/file/anilistcdn/media/anime/cover/large/bx8542-sPIpsV4N33tp.jpg
[ImageService] Processing: https://s4.anilist.co/file/anilistcdn/media/anime/cover/large/bx3811-0Yf9CYEQ607n.jpg
[ImageService] Uploaded to: https://eivvjebsmxddrbbbnblr.supabase.co/storage/v1/object/public/covers/anime/fqMMA_mt4mQLGcdWJ3iQF.webp
[ImageService] Uploaded to: https://eivvjebsmxddrbbbnblr.supabase.co/storage/v1/object/public/covers/anime/dA24zzmThPMuV0SGz-Y9O.webp
     ⏭️ Already exists: Perrine Monogatari
[ImageService] Processing: https://s4.anilist.co/file/anilistcdn/media/anime/cover/medium/1236.jpg
[ImageService] Uploaded to: https://eivvjebsmxddrbbbnblr.supabase.co/storage/v1/object/public/covers/anime/mcUpr4ZmPmWdzVryMy7x_.webp
     ⏭️ Already exists: Treasure Island
[ImageService] Processing: https://s4.anilist.co/file/anilistcdn/media/anime/cover/large/bx10224-AD8kuVw38DMg.jpg
[ImageService] Uploaded to: https://eivvjebsmxddrbbbnblr.supabase.co/storage/v1/object/public/covers/anime/RMu8TL4Q-LBT4zvRWTG46.webp
     ⏭️ Already exists: Shin Aim for the Ace!
[ImageService] Processing: https://s4.anilist.co/file/anilistcdn/media/anime/cover/large/nx2876-ZKFgxHQOYrUg.jpg
[ImageService] Uploaded to: https://eivvjebsmxddrbbbnblr.supabase.co/storage/v1/object/public/covers/anime/s5LTk1ejiA1-hdo6BjFkw.webp
     ⏭️ Already exists: Space Pirate Captain Harlock: Riddle of the Arcadia Episode
[ImageService] Processing: https://s4.anilist.co/file/anilistcdn/media/anime/cover/medium/3755.jpg
[ImageService] Uploaded to: https://eivvjebsmxddrbbbnblr.supabase.co/storage/v1/object/public/covers/anime/-mXbQ7DG5Ke79Lw5X_XyG.webp
     ⏭️ Already exists: Spaceketeers
[ImageService] Processing: https://s4.anilist.co/file/anilistcdn/media/anime/cover/medium/b17423-E1KDabS9O0oc.png
     ⏭️ Already exists: The Adventures of the Little Prince
[ImageService] Uploaded to: https://eivvjebsmxddrbbbnblr.supabase.co/storage/v1/object/public/covers/anime/C1_eZbb8pQI-nwUKNEpYx.webp
     ⏭️ Already exists: Uchuu Majin Daikengou
     ⏭️ Already exists: Winds of Change
     ⏭️ Already exists: World's Famous Stories for Children: Thumb Princess
     ⏭️ Already exists: Pink Lady Monogatari: Eikou no Tenshi-tachi

📅 Processing Year: 1977
   📄 Year 1977 Page 1: 11 New, 10 Heal
[ImageService] Processing: https://s4.anilist.co/file/anilistcdn/media/anime/cover/large/bx3008-J4Jig7p2VfiD.png
[ImageService] Processing: https://s4.anilist.co/file/anilistcdn/media/anime/cover/medium/3196.jpg
[ImageService] Processing: https://s4.anilist.co/file/anilistcdn/media/anime/cover/large/bx711-lZXWwNclsCxo.jpg
[ImageService] Processing: https://s4.anilist.co/file/anilistcdn/media/anime/cover/large/bx1069-bNxKpwG1m9JQ.jpg
[ImageService] Processing: https://s4.anilist.co/file/anilistcdn/media/anime/cover/medium/2576.jpg
[ImageService] Uploaded to: https://eivvjebsmxddrbbbnblr.supabase.co/storage/v1/object/public/covers/anime/75rq6lvVr5C481v3hGnlU.webp
[ImageService] Uploaded to: https://eivvjebsmxddrbbbnblr.supabase.co/storage/v1/object/public/covers/anime/9B6YLgFCEPuH6btQ4mdWE.webp
[ImageService] Uploaded to: https://eivvjebsmxddrbbbnblr.supabase.co/storage/v1/object/public/covers/anime/Rstk5P2PS2JRvPrUfGuV4.webp
[ImageService] Uploaded to: https://eivvjebsmxddrbbbnblr.supabase.co/storage/v1/object/public/covers/anime/CpK4SpJCpqm95zWQzB4KY.webp
[ImageService] Uploaded to: https://eivvjebsmxddrbbbnblr.supabase.co/storage/v1/object/public/covers/anime/PmDOOnROMVf9_hFHC05k_.webp
     ⏭️ Already exists: Raccoon Rascal
     ⏭️ Already exists: VOLTES V
     ⏭️ Already exists: Space Battleship Yamato
[ImageService] Processing: https://s4.anilist.co/file/anilistcdn/media/anime/cover/medium/10554.jpg
[ImageService] Uploaded to: https://eivvjebsmxddrbbbnblr.supabase.co/storage/v1/object/public/covers/anime/atXm_ThaxiR5NdKuPydfA.webp
     ⏭️ Already exists: Time Bokan Series: Yatterman
[ImageService] Processing: https://s4.anilist.co/file/anilistcdn/media/anime/cover/large/bx3827-zt8XZfzdq0Dv.png
[ImageService] Processing: https://s4.anilist.co/file/anilistcdn/media/anime/cover/medium/3847.jpg
[ImageService] Uploaded to: https://eivvjebsmxddrbbbnblr.supabase.co/storage/v1/object/public/covers/anime/64n282mEdoehzrbufLxgn.webp
[ImageService] Uploaded to: https://eivvjebsmxddrbbbnblr.supabase.co/storage/v1/object/public/covers/anime/msHvmNa92be5-Xt-ObvJy.webp
[ImageService] Processing: https://s4.anilist.co/file/anilistcdn/media/anime/cover/medium/b15875-fHKpLH4wvdTo.jpg
[ImageService] Uploaded to: https://eivvjebsmxddrbbbnblr.supabase.co/storage/v1/object/public/covers/anime/wQr0ArBQNnXPd4vOU2lfT.webp
     ⏭️ Already exists: Wakakusa no Charlotte
[ImageService] Processing: https://s4.anilist.co/file/anilistcdn/media/anime/cover/medium/8707.jpg
[ImageService] Uploaded to: https://eivvjebsmxddrbbbnblr.supabase.co/storage/v1/object/public/covers/anime/P4dR0lf8XikhrmKJFdyPd.webp
     ⏭️ Already exists: Ore wa Teppei
     ⏭️ Already exists: Yakyuukyou no Uta
     ⏭️ Already exists: Shin Kyojin no Hoshi
[ImageService] Processing: https://s4.anilist.co/file/anilistcdn/media/anime/cover/medium/20125.jpg
[ImageService] Uploaded to: https://eivvjebsmxddrbbbnblr.supabase.co/storage/v1/object/public/covers/anime/ip5sRuWBzj7Aq9Fz02cVP.webp
     ⏭️ Already exists: Planetary Robot Danguard Ace vs. the Army of Insect Robots
     ⏭️ Already exists: The Wild Swans
     ⏭️ Already exists: Tobidase! Machine Hiryuu

📅 Processing Year: 1976
   📄 Year 1976 Page 1: 11 New, 9 Heal
[ImageService] Processing: https://s4.anilist.co/file/anilistcdn/media/anime/cover/medium/4387.jpg
[ImageService] Processing: https://s4.anilist.co/file/anilistcdn/media/anime/cover/medium/b2567-yNFXDPM3k9ZW.jpg
[ImageService] Uploaded to: https://eivvjebsmxddrbbbnblr.supabase.co/storage/v1/object/public/covers/anime/hYltFPHrLiSP_iqEvT6jg.webp
[ImageService] Processing: https://s4.anilist.co/file/anilistcdn/media/anime/cover/large/bx3361-HdDEnl2B8gKI.jpg
[ImageService] Uploaded to: https://eivvjebsmxddrbbbnblr.supabase.co/storage/v1/object/public/covers/anime/SzZZZefpI00Q0kStvQ22G.webp
[ImageService] Processing: https://s4.anilist.co/file/anilistcdn/media/anime/cover/medium/3752.jpg
[ImageService] Uploaded to: https://eivvjebsmxddrbbbnblr.supabase.co/storage/v1/object/public/covers/anime/JYAGLMr_OkHq_uxfPdJHi.webp
[ImageService] Uploaded to: https://eivvjebsmxddrbbbnblr.supabase.co/storage/v1/object/public/covers/anime/_5Lr1w5E48XBF1yLcaybf.webp
[ImageService] Processing: https://s4.anilist.co/file/anilistcdn/media/anime/cover/medium/9978.jpg
[ImageService] Uploaded to: https://eivvjebsmxddrbbbnblr.supabase.co/storage/v1/object/public/covers/anime/ij-AwNzcBbs1gEPWXdYp1.webp
     ⏭️ Already exists: Pinocchio yori Piccolino no Bouken
     ⏭️ Already exists: UFO Robo Grendizer tai Great Mazinger
[ImageService] Processing: https://s4.anilist.co/file/anilistcdn/media/anime/cover/large/bx4013-Bh13RLZn9N8D.png
[ImageService] Processing: https://s4.anilist.co/file/anilistcdn/media/anime/cover/medium/3823.jpg
[ImageService] Uploaded to: https://eivvjebsmxddrbbbnblr.supabase.co/storage/v1/object/public/covers/anime/kzIiREH7YltUO4eNNDkzo.webp
[ImageService] Uploaded to: https://eivvjebsmxddrbbbnblr.supabase.co/storage/v1/object/public/covers/anime/sI626Z7pwUaJwW7mxlFkl.webp
     ⏭️ Already exists: Puss-in-Boots: Travels Around the World in 80 Days
[ImageService] Processing: https://s4.anilist.co/file/anilistcdn/media/anime/cover/medium/10815.jpg
[ImageService] Uploaded to: https://eivvjebsmxddrbbbnblr.supabase.co/storage/v1/object/public/covers/anime/jjIEQ1mrCVoxugK3UgEk7.webp
     ⏭️ Already exists: UFO Senshi Dai Apolon
[ImageService] Processing: https://s4.anilist.co/file/anilistcdn/media/anime/cover/medium/20147.jpg
[ImageService] Uploaded to: https://eivvjebsmxddrbbbnblr.supabase.co/storage/v1/object/public/covers/anime/2T5D4-Q-sEWRbmKyx84JY.webp
     ⏭️ Already exists: Return of the Dinosaurs
[ImageService] Processing: https://s4.anilist.co/file/anilistcdn/media/anime/cover/medium/b126438-Un3tJmox9Omv.jpg
[ImageService] Uploaded to: https://eivvjebsmxddrbbbnblr.supabase.co/storage/v1/object/public/covers/anime/C5JuDRWJGngdb1hDlzE_K.webp
     ⏭️ Already exists: Paul's Miracle Strategy Plan
[ImageService] Processing: https://s4.anilist.co/file/anilistcdn/media/anime/cover/medium/7839.jpg
[ImageService] Uploaded to: https://eivvjebsmxddrbbbnblr.supabase.co/storage/v1/object/public/covers/anime/Swl3BvyHEd4mdkL272og2.webp
     ⏭️ Already exists: The Adventures of Little Lulu and Tubby
     ⏭️ Already exists: Robokko Beeton
     ⏭️ Already exists: UFO Senshi Dai Apolon II
     ⏭️ Already exists: Shin Don Chuck Monogatari
     ⏭️ Already exists: UFO Robo Grendizer: Confrontation in the Red Setting Sun

📅 Processing Year: 1975
   📄 Year 1975 Page 1: 8 New, 7 Heal
[ImageService] Processing: https://s4.anilist.co/file/anilistcdn/media/anime/cover/large/bx1985-BB32YokamiRs.jpg
[ImageService] Processing: https://s4.anilist.co/file/anilistcdn/media/anime/cover/large/bx2128-NMJR7X2Wku9q.jpg
[ImageService] Processing: https://s4.anilist.co/file/anilistcdn/media/anime/cover/large/bx1458-KYkrFAIi5vvb.png
[ImageService] Processing: https://s4.anilist.co/file/anilistcdn/media/anime/cover/medium/b2825-c16jgjs9qzEE.png
[ImageService] Uploaded to: https://eivvjebsmxddrbbbnblr.supabase.co/storage/v1/object/public/covers/anime/qgS6vVJT5lBziRmedVkm3.webp
[ImageService] Uploaded to: https://eivvjebsmxddrbbbnblr.supabase.co/storage/v1/object/public/covers/anime/6Z2XrkttCWHNy2x6cvEya.webp
[ImageService] Uploaded to: https://eivvjebsmxddrbbbnblr.supabase.co/storage/v1/object/public/covers/anime/9Wa9JoEskVTLVkD_oKkJe.webp
[ImageService] Uploaded to: https://eivvjebsmxddrbbbnblr.supabase.co/storage/v1/object/public/covers/anime/staUpWMYGi8iqjupi9EUY.webp
[ImageService] Processing: https://s4.anilist.co/file/anilistcdn/media/anime/cover/large/bx3915-BII6vD2PH911.jpg
[ImageService] Uploaded to: https://eivvjebsmxddrbbbnblr.supabase.co/storage/v1/object/public/covers/anime/ci2nUHkXhpvahRRa6Vnor.webp
     ⏭️ Already exists: UFO Robo Grendizer
[ImageService] Processing: https://s4.anilist.co/file/anilistcdn/media/anime/cover/medium/5620.jpg
[ImageService] Uploaded to: https://eivvjebsmxddrbbbnblr.supabase.co/storage/v1/object/public/covers/anime/mXpn8CLGrHer8zYUR58EP.webp
     ⏭️ Already exists: Sinbad the Sailor
[ImageService] Processing: https://s4.anilist.co/file/anilistcdn/media/anime/cover/medium/b4250-rDqfsBQsdF6B.jpg
     ⏭️ Already exists: Space Knight Tekkaman
[ImageService] Uploaded to: https://eivvjebsmxddrbbbnblr.supabase.co/storage/v1/object/public/covers/anime/jTGiW14OlVDTKzo0VVYix.webp
[ImageService] Processing: https://s4.anilist.co/file/anilistcdn/media/anime/cover/medium/20223.jpg
[ImageService] Uploaded to: https://eivvjebsmxddrbbbnblr.supabase.co/storage/v1/object/public/covers/anime/gLZ4dWdcAt84gTK8dMevz.webp
     ⏭️ Already exists: Yuusha Raideen
     ⏭️ Already exists: Uchuu Enban Dai-Sensou
     ⏭️ Already exists: Time Fighters
     ⏭️ Already exists: That is an UFO! The Flying Saucer
     ⏭️ Already exists: Shounen Tokugawa Ieyasu

📅 Processing Year: 1974
   📄 Year 1974 Page 1: 6 New, 8 Heal
[ImageService] Processing: https://s4.anilist.co/file/anilistcdn/media/anime/cover/medium/3388-v9JkMF78blEv.png
[ImageService] Processing: https://s4.anilist.co/file/anilistcdn/media/anime/cover/medium/2836.jpg
[ImageService] Processing: https://s4.anilist.co/file/anilistcdn/media/anime/cover/large/nx1650-v2eMjvOfnLCc.jpg
[ImageService] Uploaded to: https://eivvjebsmxddrbbbnblr.supabase.co/storage/v1/object/public/covers/anime/RVVSkvAwyFdDGP23A3uFw.webp
[ImageService] Uploaded to: https://eivvjebsmxddrbbbnblr.supabase.co/storage/v1/object/public/covers/anime/BzD2T_ku8-JFQaOJkuAPN.webp
[ImageService] Processing: https://s4.anilist.co/file/anilistcdn/media/anime/cover/large/bx6397-AY0XHTvT3lsn.png
[ImageService] Processing: https://s4.anilist.co/file/anilistcdn/media/anime/cover/large/bx8139-x2GE5Y4Tr6Lq.png
[ImageService] Uploaded to: https://eivvjebsmxddrbbbnblr.supabase.co/storage/v1/object/public/covers/anime/kv4I_W4VB-pjeZtU2ZZUS.webp
[ImageService] Uploaded to: https://eivvjebsmxddrbbbnblr.supabase.co/storage/v1/object/public/covers/anime/zCVwpx9okMht-doxuvXC-.webp
[ImageService] Uploaded to: https://eivvjebsmxddrbbbnblr.supabase.co/storage/v1/object/public/covers/anime/QqC6VNmcGmq6qxEVQ5B1Y.webp
     ⏭️ Already exists: The New Adventures of Hutch the Honeybee
[ImageService] Processing: https://s4.anilist.co/file/anilistcdn/media/anime/cover/medium/9522.jpg
[ImageService] Uploaded to: https://eivvjebsmxddrbbbnblr.supabase.co/storage/v1/object/public/covers/anime/DyBiLmQOSzzEY03FGVogB.webp
     ⏭️ Already exists: Star Blazers: The Quest for Iscandar
     ⏭️ Already exists: Vicky the Viking
     ⏭️ Already exists: Witch Girl Meg
     ⏭️ Already exists: Tentou Mushi no Uta
     ⏭️ Already exists: Zero Tester: Chikyuu wo Mamore!

📅 Processing Year: 1973
   📄 Year 1973 Page 1: 12 New, 3 Heal
[ImageService] Processing: https://s4.anilist.co/file/anilistcdn/media/anime/cover/medium/9916.jpg
[ImageService] Processing: https://s4.anilist.co/file/anilistcdn/media/anime/cover/large/bx111954-glCYChpDcPs6.png
[ImageService] Processing: https://s4.anilist.co/file/anilistcdn/media/anime/cover/medium/307.jpg
[ImageService] Processing: https://s4.anilist.co/file/anilistcdn/media/anime/cover/medium/b4597-BDkCvZQf8kcx.png
[ImageService] Processing: https://s4.anilist.co/file/anilistcdn/media/anime/cover/medium/9520.jpg
[ImageService] Uploaded to: https://eivvjebsmxddrbbbnblr.supabase.co/storage/v1/object/public/covers/anime/vbcbDxw8Gd9BwBnCA3RdN.webp
[ImageService] Uploaded to: https://eivvjebsmxddrbbbnblr.supabase.co/storage/v1/object/public/covers/anime/MJXQxAbhznM-kPycsZSwA.webp
[ImageService] Uploaded to: https://eivvjebsmxddrbbbnblr.supabase.co/storage/v1/object/public/covers/anime/aP5zenUoyUUvKkb796c1L.webp
[ImageService] Uploaded to: https://eivvjebsmxddrbbbnblr.supabase.co/storage/v1/object/public/covers/anime/sXx03cXc4tdOOTyEPTNtZ.webp
[ImageService] Uploaded to: https://eivvjebsmxddrbbbnblr.supabase.co/storage/v1/object/public/covers/anime/YurLDZA_G9Hs_X88fhmrY.webp
     ⏭️ Already exists: Zero Tester
[ImageService] Processing: https://s4.anilist.co/file/anilistcdn/media/anime/cover/large/bx3630-lYU2oKPQnyU3.png
     ⏭️ Already exists: Samurai Giants
[ImageService] Processing: https://s4.anilist.co/file/anilistcdn/media/anime/cover/large/bx6868-Q0KOW5EwRLBp.png
[ImageService] Uploaded to: https://eivvjebsmxddrbbbnblr.supabase.co/storage/v1/object/public/covers/anime/6nbPlNXGFJFuZgz3Tu99D.webp
[ImageService] Uploaded to: https://eivvjebsmxddrbbbnblr.supabase.co/storage/v1/object/public/covers/anime/1bLPosSRIu0a7vX7t--oA.webp
     ⏭️ Already exists: Kerokko Demetan
[ImageService] Processing: https://s4.anilist.co/file/anilistcdn/media/anime/cover/medium/3846.jpg
[ImageService] Uploaded to: https://eivvjebsmxddrbbbnblr.supabase.co/storage/v1/object/public/covers/anime/q_mZ4oXm-n4ROvSt-BmjP.webp
     ⏭️ Already exists: Panda! Go, Panda!: Rainy Day Circus
[ImageService] Processing: https://s4.anilist.co/file/anilistcdn/media/anime/cover/medium/3758.jpg
     ⏭️ Already exists: Kouya no Shounen Isamu
[ImageService] Processing: https://s4.anilist.co/file/anilistcdn/media/anime/cover/medium/4097.jpg
[ImageService] Uploaded to: https://eivvjebsmxddrbbbnblr.supabase.co/storage/v1/object/public/covers/anime/UxxUcRAbK9MMV3ZvT4xzE.webp
[ImageService] Uploaded to: https://eivvjebsmxddrbbbnblr.supabase.co/storage/v1/object/public/covers/anime/avD94vTCtSeod0gcHOupB.webp
     ⏭️ Already exists: Microid S
[ImageService] Processing: https://s4.anilist.co/file/anilistcdn/media/anime/cover/medium/b10889-z1rnbudf6bKX.png
[ImageService] Uploaded to: https://eivvjebsmxddrbbbnblr.supabase.co/storage/v1/object/public/covers/anime/cvqfvnEoSarccF340Y9xh.webp
     ⏭️ Already exists: Panda no Daibouken
[ImageService] Processing: https://s4.anilist.co/file/anilistcdn/media/anime/cover/large/bx8183-CiFjkPKhmJck.png
[ImageService] Uploaded to: https://eivvjebsmxddrbbbnblr.supabase.co/storage/v1/object/public/covers/anime/Iq8d2agNxLpIFZIR8XpEm.webp
     ⏭️ Already exists: Wansa-kun
     ⏭️ Already exists: Miracle Shoujo Limit-chan
     ⏭️ Already exists: Nanmu Ichibyou Sokusai
     ⏭️ Already exists: Bouken Korobokkuru
     ⏭️ Already exists: Jungle Kurobee

📅 Processing Year: 1972
   📄 Year 1972 Page 1: 16 New, 0 Heal
[ImageService] Processing: https://s4.anilist.co/file/anilistcdn/media/anime/cover/medium/b2252-j7TwAtCwqYuY.png
[ImageService] Processing: https://s4.anilist.co/file/anilistcdn/media/anime/cover/medium/8235.jpg
[ImageService] Processing: https://s4.anilist.co/file/anilistcdn/media/anime/cover/large/bx2253-nS4Os86CPB5a.png
[ImageService] Processing: https://s4.anilist.co/file/anilistcdn/media/anime/cover/large/bx5618-y1q6PqL5uRuc.jpg
[ImageService] Processing: https://s4.anilist.co/file/anilistcdn/media/anime/cover/medium/b2611-ZF5KS3QolIse.png
[ImageService] Uploaded to: https://eivvjebsmxddrbbbnblr.supabase.co/storage/v1/object/public/covers/anime/Zn5VD6c6zy22UTw-CqHV0.webp
[ImageService] Uploaded to: https://eivvjebsmxddrbbbnblr.supabase.co/storage/v1/object/public/covers/anime/VO7pvS-HMh_tGvOqskg5c.webp
[ImageService] Uploaded to: https://eivvjebsmxddrbbbnblr.supabase.co/storage/v1/object/public/covers/anime/NjRLmKY7eb5Fbfft9ZX-J.webp
[ImageService] Uploaded to: https://eivvjebsmxddrbbbnblr.supabase.co/storage/v1/object/public/covers/anime/gQHN56OhZi_Z8apYLMQ_J.webp
[ImageService] Uploaded to: https://eivvjebsmxddrbbbnblr.supabase.co/storage/v1/object/public/covers/anime/gzbIhOBhXJ5rd-FvFfs35.webp
     ⏭️ Already exists: Moomin (1972)
[ImageService] Processing: https://s4.anilist.co/file/anilistcdn/media/anime/cover/large/nx2718-Qdil2ZoGPFfL.jpg
[ImageService] Uploaded to: https://eivvjebsmxddrbbbnblr.supabase.co/storage/v1/object/public/covers/anime/wLpph8WRK39R-ap_s-Grt.webp
     ⏭️ Already exists: Panda! Go Panda!
[ImageService] Processing: https://s4.anilist.co/file/anilistcdn/media/anime/cover/medium/2574.jpg
     ⏭️ Already exists: Devilman
     ⏭️ Already exists: Mazinger Z
[ImageService] Uploaded to: https://eivvjebsmxddrbbbnblr.supabase.co/storage/v1/object/public/covers/anime/6p_F3CbZy4OVVnmE2_0rd.webp
[ImageService] Processing: https://s4.anilist.co/file/anilistcdn/media/anime/cover/medium/5006.jpg
[ImageService] Processing: https://s4.anilist.co/file/anilistcdn/media/anime/cover/large/bx5311-vucBt7dCx23C.jpg
[ImageService] Uploaded to: https://eivvjebsmxddrbbbnblr.supabase.co/storage/v1/object/public/covers/anime/HswjxrFc7WDXJKDFXz8A6.webp
[ImageService] Uploaded to: https://eivvjebsmxddrbbbnblr.supabase.co/storage/v1/object/public/covers/anime/zRPr9-1he93FwWMzpIbGm.webp
     ⏭️ Already exists: The Gutsy Frog
[ImageService] Processing: https://s4.anilist.co/file/anilistcdn/media/anime/cover/medium/3845.jpg
[ImageService] Uploaded to: https://eivvjebsmxddrbbbnblr.supabase.co/storage/v1/object/public/covers/anime/pL0bMC8CeEWLLRfufaxXk.webp
     ⏭️ Already exists: Triton of the Sea
[ImageService] Processing: https://s4.anilist.co/file/anilistcdn/media/anime/cover/medium/4332.jpg
     ⏭️ Already exists: Kashi no Ki Mokku
     ⏭️ Already exists: Mahou Tsukai Chappy
[ImageService] Processing: https://s4.anilist.co/file/anilistcdn/media/anime/cover/large/bx11269-GoqJXD0DCE4e.jpg
[ImageService] Processing: https://s4.anilist.co/file/anilistcdn/media/anime/cover/medium/b11275-WoK4QA81ovVg.png
[ImageService] Uploaded to: https://eivvjebsmxddrbbbnblr.supabase.co/storage/v1/object/public/covers/anime/U9mDoLm19qGQ5evuV5NeA.webp
[ImageService] Uploaded to: https://eivvjebsmxddrbbbnblr.supabase.co/storage/v1/object/public/covers/anime/TNBgc1CaxzfkMEqqxjn3s.webp
[ImageService] Uploaded to: https://eivvjebsmxddrbbbnblr.supabase.co/storage/v1/object/public/covers/anime/c0jNDsqRfxv3v_BK4n75A.webp
     ⏭️ Already exists: Nagagutsu Sanjuushi
[ImageService] Processing: https://s4.anilist.co/file/anilistcdn/media/anime/cover/medium/20237.jpg
     ⏭️ Already exists: Astroganger
[ImageService] Processing: https://s4.anilist.co/file/anilistcdn/media/anime/cover/large/bx8685-kIU1hMdBcM9O.png
[ImageService] Uploaded to: https://eivvjebsmxddrbbbnblr.supabase.co/storage/v1/object/public/covers/anime/RwvA8aRf5HmvRQkkY7yKT.webp
[ImageService] Uploaded to: https://eivvjebsmxddrbbbnblr.supabase.co/storage/v1/object/public/covers/anime/9IIwMW8nXxaS3irG_hPcv.webp
     ⏭️ Already exists: Akadou Suzunosuke
[ImageService] Processing: https://s4.anilist.co/file/anilistcdn/media/anime/cover/large/bx130052-yJ7TaOr705fe.jpg
[ImageService] Uploaded to: https://eivvjebsmxddrbbbnblr.supabase.co/storage/v1/object/public/covers/anime/xifl7S5AaBLnGD7FN0Axh.webp
     ⏭️ Already exists: Ryuuichi Manga Gekijou: Onbu Obake
     ⏭️ Already exists: Maken Liner 0011 Henshin Seyo!
     ⏭️ Already exists: Anime Document: München e no Michi
     ⏭️ Already exists: Seigi wo Aisuru Mono Gekkou Kamen
     ⏭️ Already exists: Hazedon

📅 Processing Year: 1971
   📄 Year 1971 Page 1: 19 New, 0 Heal
[ImageService] Processing: https://s4.anilist.co/file/anilistcdn/media/anime/cover/medium/b3819-jlc3y5Nz90Sz.png
[ImageService] Processing: https://s4.anilist.co/file/anilistcdn/media/anime/cover/medium/b5476-2WYjUDeEGhIg.jpg
[ImageService] Processing: https://s4.anilist.co/file/anilistcdn/media/anime/cover/large/bx3842-ZyFg07J2Jdb8.jpg
[ImageService] Processing: https://s4.anilist.co/file/anilistcdn/media/anime/cover/medium/1537.jpg
[ImageService] Processing: https://s4.anilist.co/file/anilistcdn/media/anime/cover/large/nx1412-70kA9bzDoleV.jpg
[ImageService] Uploaded to: https://eivvjebsmxddrbbbnblr.supabase.co/storage/v1/object/public/covers/anime/7xxd_Qf46cb8rDPrCi1oH.webp
[ImageService] Uploaded to: https://eivvjebsmxddrbbbnblr.supabase.co/storage/v1/object/public/covers/anime/X0iDQ5YXj0XKOvmixaQiB.webp
[ImageService] Uploaded to: https://eivvjebsmxddrbbbnblr.supabase.co/storage/v1/object/public/covers/anime/bg9fZi2MWXrGndKbk2V2J.webp
[ImageService] Uploaded to: https://eivvjebsmxddrbbbnblr.supabase.co/storage/v1/object/public/covers/anime/aj-gCTK3aMjoFjHbdJZeR.webp
[ImageService] Uploaded to: https://eivvjebsmxddrbbbnblr.supabase.co/storage/v1/object/public/covers/anime/VJ3ZnB7UY489rrbmwg6HF.webp
     ⏭️ Already exists: Fushigi na Melmo
[ImageService] Processing: https://s4.anilist.co/file/anilistcdn/media/anime/cover/medium/6971.jpg
[ImageService] Uploaded to: https://eivvjebsmxddrbbbnblr.supabase.co/storage/v1/object/public/covers/anime/1o6UggRpln3v_cbEt6r7U.webp
     ⏭️ Already exists: Animal Treasure Island
     ⏭️ Already exists: Sasurai no Taiyou
[ImageService] Processing: https://s4.anilist.co/file/anilistcdn/media/anime/cover/medium/b8436-bZ9fpaqc1tEv.png
[ImageService] Processing: https://s4.anilist.co/file/anilistcdn/media/anime/cover/medium/3843.jpg
     ⏭️ Already exists: Lupin the 3rd
     ⏭️ Already exists: Ryu the Primitive Boy
[ImageService] Processing: https://s4.anilist.co/file/anilistcdn/media/anime/cover/medium/6468.jpg
[ImageService] Uploaded to: https://eivvjebsmxddrbbbnblr.supabase.co/storage/v1/object/public/covers/anime/Ufl8BatqnjcHGruZ6-toI.webp
[ImageService] Processing: https://s4.anilist.co/file/anilistcdn/media/anime/cover/medium/b3844-pKT3KKJJ71xj.jpg
[ImageService] Uploaded to: https://eivvjebsmxddrbbbnblr.supabase.co/storage/v1/object/public/covers/anime/1TBxLieC5KXeJUMuTXUOm.webp
[ImageService] Uploaded to: https://eivvjebsmxddrbbbnblr.supabase.co/storage/v1/object/public/covers/anime/eONpXk5j9zy2rJfosTgIn.webp
[ImageService] Uploaded to: https://eivvjebsmxddrbbbnblr.supabase.co/storage/v1/object/public/covers/anime/RmV5Ss1nAPNvkfIptU36p.webp
     ⏭️ Already exists: Tensai Bakabon
[ImageService] Processing: https://s4.anilist.co/file/anilistcdn/media/anime/cover/medium/b6311-nNaboHQrPhS9.jpg
[ImageService] Uploaded to: https://eivvjebsmxddrbbbnblr.supabase.co/storage/v1/object/public/covers/anime/0GjWoOp6rBmso9Tu3zX5Z.webp
     ⏭️ Already exists: Gegege no Kitarou (1971)
[ImageService] Processing: https://s4.anilist.co/file/anilistcdn/media/anime/cover/medium/b7779-XGr6aZLX4i7F.jpg
[ImageService] Uploaded to: https://eivvjebsmxddrbbbnblr.supabase.co/storage/v1/object/public/covers/anime/Ls4xO_P3eS7n-8H7MwjbS.webp
     ⏭️ Already exists: Apache Baseball Team
[ImageService] Processing: https://s4.anilist.co/file/anilistcdn/media/anime/cover/medium/9164.jpg
     ⏭️ Already exists: Ali Baba and the Forty Thieves
[ImageService] Processing: https://s4.anilist.co/file/anilistcdn/media/anime/cover/medium/17669.jpg
[ImageService] Uploaded to: https://eivvjebsmxddrbbbnblr.supabase.co/storage/v1/object/public/covers/anime/cmg06mPlF_zdUAzYx3CiV.webp
[ImageService] Uploaded to: https://eivvjebsmxddrbbbnblr.supabase.co/storage/v1/object/public/covers/anime/x5qDikzGjyYkU5uXAUdxg.webp
     ⏭️ Already exists: Ketsudan
[ImageService] Processing: https://s4.anilist.co/file/anilistcdn/media/anime/cover/medium/7980.jpg
[ImageService] Uploaded to: https://eivvjebsmxddrbbbnblr.supabase.co/storage/v1/object/public/covers/anime/FGXvlZupyvmoHvOBriZxa.webp
     ⏭️ Already exists: Sarutobi Ecchan
     ⏭️ Already exists: Hans Christian Andersen Stories
[ImageService] Processing: https://s4.anilist.co/file/anilistcdn/media/anime/cover/medium/17457.jpg
[ImageService] Processing: https://s4.anilist.co/file/anilistcdn/media/anime/cover/medium/b138804-spnGwpsuUpLE.jpg
[ImageService] Uploaded to: https://eivvjebsmxddrbbbnblr.supabase.co/storage/v1/object/public/covers/anime/1GbTlvXakqy-GVieYER84.webp
[ImageService] Uploaded to: https://eivvjebsmxddrbbbnblr.supabase.co/storage/v1/object/public/covers/anime/l0fn4516hb_lOov4mVRZw.webp
     ⏭️ Already exists: Attack No.1: Namida no Fushichou
[ImageService] Processing: https://s4.anilist.co/file/anilistcdn/media/anime/cover/medium/19683.jpg
[ImageService] Uploaded to: https://eivvjebsmxddrbbbnblr.supabase.co/storage/v1/object/public/covers/anime/5kKa9L0836Fycn2iIguP7.webp
     ⏭️ Already exists: Shin Obake no Q-tarou
[ImageService] Processing: https://s4.anilist.co/file/anilistcdn/media/anime/cover/medium/b185119-lpH4TDwMUGiM.png
[ImageService] Uploaded to: https://eivvjebsmxddrbbbnblr.supabase.co/storage/v1/object/public/covers/anime/mGKsb3q-rpt046Ud6bQLB.webp
     ⏭️ Already exists: Kunimatsu-sama no Otoridai
     ⏭️ Already exists: Ninpuu Kamui Gaiden: Tsukihigai no Maki
     ⏭️ Already exists: Chingou Muchabee
     ⏭️ Already exists: Kick no Oni (1971)
     ⏭️ Already exists: Shin Skyers 5

📅 Processing Year: 1970
   📄 Year 1970 Page 1: 20 New, 1 Heal
[ImageService] Processing: https://s4.anilist.co/file/anilistcdn/media/anime/cover/medium/2316.jpg
[ImageService] Processing: https://s4.anilist.co/file/anilistcdn/media/anime/cover/medium/12789.jpg
[ImageService] Processing: https://s4.anilist.co/file/anilistcdn/media/anime/cover/medium/b4113-NSBUUxTahMYk.png
[ImageService] Processing: https://s4.anilist.co/file/anilistcdn/media/anime/cover/large/bx3858-dEpXfLaIAFak.png
[ImageService] Uploaded to: https://eivvjebsmxddrbbbnblr.supabase.co/storage/v1/object/public/covers/anime/Pe4ouyNfxtm4BXBtM-9zw.webp
[ImageService] Uploaded to: https://eivvjebsmxddrbbbnblr.supabase.co/storage/v1/object/public/covers/anime/YKfrwvkXWh9viEKSIaC0P.webp
[ImageService] Processing: https://s4.anilist.co/file/anilistcdn/media/anime/cover/medium/9172.jpg
[ImageService] Uploaded to: https://eivvjebsmxddrbbbnblr.supabase.co/storage/v1/object/public/covers/anime/tzZG9M_L3aPzltJG8yzUk.webp
[ImageService] Uploaded to: https://eivvjebsmxddrbbbnblr.supabase.co/storage/v1/object/public/covers/anime/bKN48TDsGaK_JmkZ3orMj.webp
[ImageService] Uploaded to: https://eivvjebsmxddrbbbnblr.supabase.co/storage/v1/object/public/covers/anime/TAITf6z-OyKxVr08zlX_W.webp
     ⏭️ Already exists: Mahou no Mako-chan
[ImageService] Processing: https://s4.anilist.co/file/anilistcdn/media/anime/cover/large/nx9163-bboxjZaVCcOx.jpg
[ImageService] Uploaded to: https://eivvjebsmxddrbbbnblr.supabase.co/storage/v1/object/public/covers/anime/qM153xmDYk0Kgnz0l_nxj.webp
     ⏭️ Already exists: Akakichi no Eleven
[ImageService] Processing: https://s4.anilist.co/file/anilistcdn/media/anime/cover/medium/b3870-KHOm8NbnchKI.jpg
     ⏭️ Already exists: The Adventures of Hutch the Honeybee
[ImageService] Uploaded to: https://eivvjebsmxddrbbbnblr.supabase.co/storage/v1/object/public/covers/anime/SmmdMDjwSXYNaFUwO9UG6.webp
[ImageService] Processing: https://s4.anilist.co/file/anilistcdn/media/anime/cover/medium/b2830-liUdwHvMbwb9.jpg
     ⏭️ Already exists: Yasashii Lion
[ImageService] Uploaded to: https://eivvjebsmxddrbbbnblr.supabase.co/storage/v1/object/public/covers/anime/IPjBggzfteYf9hzhdcFC5.webp
[ImageService] Processing: https://s4.anilist.co/file/anilistcdn/media/anime/cover/medium/8786.jpg
[ImageService] Uploaded to: https://eivvjebsmxddrbbbnblr.supabase.co/storage/v1/object/public/covers/anime/6Dt7CAxVEJgc6sCYHpxs7.webp
     ⏭️ Already exists: Kaitei Sanman Mile
[ImageService] Processing: https://s4.anilist.co/file/anilistcdn/media/anime/cover/medium/18061.jpg
[ImageService] Uploaded to: https://eivvjebsmxddrbbbnblr.supabase.co/storage/v1/object/public/covers/anime/QLpj-3LpzGj-H-mSv6Ec6.webp
     ⏭️ Already exists: Chibikko Remi to Meiken Kapi
[ImageService] Processing: https://s4.anilist.co/file/anilistcdn/media/anime/cover/large/bx9284-Wl8Z7wu0i118.jpg
[ImageService] Uploaded to: https://eivvjebsmxddrbbbnblr.supabase.co/storage/v1/object/public/covers/anime/p060u4uQAqKq2njNCZdQ4.webp
     ⏭️ Already exists: Attack No.1 (1970)
[ImageService] Processing: https://s4.anilist.co/file/anilistcdn/media/anime/cover/medium/18063.jpg
[ImageService] Uploaded to: https://eivvjebsmxddrbbbnblr.supabase.co/storage/v1/object/public/covers/anime/HfvXQBzc6k3dYM5zqA53r.webp
     ⏭️ Already exists: Tiger Mask (Movie)
[ImageService] Processing: https://s4.anilist.co/file/anilistcdn/media/anime/cover/medium/9165.jpg
[ImageService] Uploaded to: https://eivvjebsmxddrbbbnblr.supabase.co/storage/v1/object/public/covers/anime/T0WqFBQeVSnjJO_4fkm7_.webp
     ⏭️ Already exists: General Inakappe
     ⏭️ Already exists: Demon of the Kick
[ImageService] Processing: https://s4.anilist.co/file/anilistcdn/media/anime/cover/medium/9166.jpg
[ImageService] Processing: https://s4.anilist.co/file/anilistcdn/media/anime/cover/medium/b119765-tXEryTPMiVfG.jpg
[ImageService] Uploaded to: https://eivvjebsmxddrbbbnblr.supabase.co/storage/v1/object/public/covers/anime/WktEX9jHoezDdxtDO6bhN.webp
[ImageService] Uploaded to: https://eivvjebsmxddrbbbnblr.supabase.co/storage/v1/object/public/covers/anime/s8_VxvxJ8BE3j8o8XjUAr.webp
     ⏭️ Already exists: Bakuhatsu Gorou
[ImageService] Processing: https://s4.anilist.co/file/anilistcdn/media/anime/cover/large/bx17445-7kN08mce1Mdf.png
[ImageService] Uploaded to: https://eivvjebsmxddrbbbnblr.supabase.co/storage/v1/object/public/covers/anime/Urz2o-LurpV3Ig9ap9Qjg.webp
     ⏭️ Already exists: Tiger Mask: War against the League of Masked Wrestlers
[ImageService] Processing: https://s4.anilist.co/file/anilistcdn/media/anime/cover/large/bx17447-4vlVn0qp7HPz.png
     ⏭️ Already exists: Norakuro
[ImageService] Processing: https://s4.anilist.co/file/anilistcdn/media/anime/cover/medium/20079.jpg
[ImageService] Uploaded to: https://eivvjebsmxddrbbbnblr.supabase.co/storage/v1/object/public/covers/anime/l2_h8b7RTJa_jRgbupU07.webp
[ImageService] Uploaded to: https://eivvjebsmxddrbbbnblr.supabase.co/storage/v1/object/public/covers/anime/B65kKx82oI2oJF3UJdi_6.webp
     ⏭️ Already exists: Attack No.1: Namida no Sekai Senshuken
     ⏭️ Already exists: Attack No.1: Namida no Kaiten Receive
[ImageService] Processing: https://s4.anilist.co/file/anilistcdn/media/anime/cover/medium/20023.jpg
[ImageService] Processing: https://s4.anilist.co/file/anilistcdn/media/anime/cover/medium/b185879-cZ5NuWJ2qXiI.jpg
[ImageService] Uploaded to: https://eivvjebsmxddrbbbnblr.supabase.co/storage/v1/object/public/covers/anime/SbS0w2Ybx0aiRhj6okgO9.webp
[ImageService] Uploaded to: https://eivvjebsmxddrbbbnblr.supabase.co/storage/v1/object/public/covers/anime/lOgVF3wvVyzJ4j3oNYtUH.webp
     ⏭️ Already exists: "Aesop" no Ohanashi yori: Ushi to Kaeru, Yokubatta Inu
     ⏭️ Already exists: Ijiwaru Baa-san
     ⏭️ Already exists: Kyojin no Hoshi: Dai League Ball
     ⏭️ Already exists: Otanoshimi Anime Gekijou
     ⏭️ Already exists: Kyojin no Hoshi: Shukumei no Taiketsu

✅ SMART HARVEST COMPLETE
